-- phpMyAdmin SQL Dump
-- version 5.0.2
-- https://www.phpmyadmin.net/
--
-- Host: 127.0.0.1:3306
-- Generation Time: Mar 24, 2021 at 05:57 PM
-- Server version: 5.7.26
-- PHP Version: 7.3.21

SET SQL_MODE = "NO_AUTO_VALUE_ON_ZERO";
START TRANSACTION;
SET time_zone = "+00:00";


/*!40101 SET @OLD_CHARACTER_SET_CLIENT=@@CHARACTER_SET_CLIENT */;
/*!40101 SET @OLD_CHARACTER_SET_RESULTS=@@CHARACTER_SET_RESULTS */;
/*!40101 SET @OLD_COLLATION_CONNECTION=@@COLLATION_CONNECTION */;
/*!40101 SET NAMES utf8mb4 */;

--
-- Database: `games`
--

-- --------------------------------------------------------

--
-- Table structure for table `dr_results`
--

DROP TABLE IF EXISTS `dr_results`;
CREATE TABLE IF NOT EXISTS `dr_results` (
  `id` int(11) NOT NULL AUTO_INCREMENT,
  `game_id` int(11) NOT NULL,
  `user_id` int(11) NOT NULL,
  `score` int(11) NOT NULL,
  PRIMARY KEY (`id`),
  KEY `games_users_id` (`user_id`),
  KEY `game_id` (`game_id`)
) ENGINE=InnoDB AUTO_INCREMENT=4 DEFAULT CHARSET=utf8 COLLATE=utf8_bin;

--
-- Dumping data for table `dr_results`
--

INSERT INTO `dr_results` (`id`, `game_id`, `user_id`, `score`) VALUES
(1, 7, 1, 20),
(3, 8, 1, 51);

-- --------------------------------------------------------

--
-- Table structure for table `dr_tokens`
--

DROP TABLE IF EXISTS `dr_tokens`;
CREATE TABLE IF NOT EXISTS `dr_tokens` (
  `id` int(11) NOT NULL AUTO_INCREMENT,
  `type` int(11) NOT NULL,
  `value` int(11) NOT NULL,
  PRIMARY KEY (`id`)
) ENGINE=InnoDB AUTO_INCREMENT=21 DEFAULT CHARSET=utf8 COLLATE=utf8_bin;

--
-- Dumping data for table `dr_tokens`
--

INSERT INTO `dr_tokens` (`id`, `type`, `value`) VALUES
(1, 1, 0),
(2, 1, 1),
(3, 1, 2),
(4, 1, 3),
(5, 1, 3),
(6, 2, 4),
(7, 2, 5),
(8, 2, 6),
(9, 2, 7),
(10, 2, 7),
(11, 3, 8),
(12, 3, 9),
(13, 3, 10),
(14, 3, 11),
(15, 3, 11),
(16, 4, 12),
(17, 4, 13),
(18, 4, 14),
(19, 4, 15),
(20, 4, 16);

-- --------------------------------------------------------

--
-- Table structure for table `dr_tokens_games`
--

DROP TABLE IF EXISTS `dr_tokens_games`;
CREATE TABLE IF NOT EXISTS `dr_tokens_games` (
  `id` int(11) NOT NULL AUTO_INCREMENT,
  `game_id` int(11) NOT NULL,
  `dr_token_id` int(11) NOT NULL,
  `position` int(11) DEFAULT NULL,
  `user_id` int(11) DEFAULT NULL,
  `group_number` int(11) DEFAULT NULL,
  `dr_token_state_id` int(11) NOT NULL DEFAULT '1',
  PRIMARY KEY (`id`),
  KEY `GAME_TOKEN_GAME_ID` (`game_id`),
  KEY `GAME_TOKEN_TOKEN_ID` (`dr_token_id`),
  KEY `PLAYER_ID` (`user_id`),
  KEY `dr_tokens_games_ibfk_4` (`dr_token_state_id`)
) ENGINE=InnoDB AUTO_INCREMENT=241 DEFAULT CHARSET=utf8 COLLATE=utf8_bin;

--
-- Dumping data for table `dr_tokens_games`
--

INSERT INTO `dr_tokens_games` (`id`, `game_id`, `dr_token_id`, `position`, `user_id`, `group_number`, `dr_token_state_id`) VALUES
(1, 1, 4, 1, NULL, NULL, 1),
(2, 1, 2, NULL, 1, 2, 3),
(3, 1, 3, 12, NULL, 3, 1),
(4, 1, 1, 2, NULL, NULL, 1),
(5, 1, 5, NULL, 1, 5, 3),
(6, 1, 8, 3, NULL, NULL, 1),
(7, 1, 6, NULL, 1, 6, 3),
(8, 1, 9, 5, NULL, NULL, 1),
(9, 1, 7, 6, NULL, NULL, 1),
(10, 1, 10, 7, NULL, NULL, 1),
(11, 1, 15, 4, NULL, 15, 1),
(12, 1, 11, 8, NULL, NULL, 1),
(13, 1, 12, 12, NULL, 3, 1),
(14, 1, 14, 9, NULL, NULL, 1),
(15, 1, 13, 11, NULL, 13, 1),
(16, 1, 16, 12, NULL, 3, 1),
(17, 1, 17, 10, NULL, 17, 1),
(18, 1, 19, NULL, 1, 19, 3),
(19, 1, 18, 13, NULL, 18, 1),
(20, 1, 20, 13, NULL, 18, 1),
(21, 2, 1, 1, NULL, NULL, 1),
(22, 2, 3, 2, NULL, NULL, 1),
(23, 2, 5, 3, NULL, NULL, 1),
(24, 2, 4, 4, NULL, NULL, 1),
(25, 2, 2, 5, NULL, NULL, 1),
(26, 2, 8, 13, NULL, 8, 1),
(27, 2, 9, 13, NULL, 8, 1),
(28, 2, 7, 6, NULL, NULL, 1),
(29, 2, 10, 13, NULL, 8, 1),
(30, 2, 6, 7, NULL, NULL, 1),
(31, 2, 14, 8, NULL, NULL, 1),
(32, 2, 13, NULL, 1, 13, 3),
(33, 2, 11, 9, NULL, NULL, 1),
(34, 2, 12, 14, NULL, 12, 1),
(35, 2, 15, NULL, 1, 15, 3),
(36, 2, 17, 10, NULL, NULL, 1),
(37, 2, 16, 14, NULL, 12, 1),
(38, 2, 18, 11, NULL, NULL, 1),
(39, 2, 19, 14, NULL, 12, 1),
(40, 2, 20, 12, NULL, NULL, 1),
(41, 3, 3, 1, NULL, NULL, 1),
(42, 3, 1, 2, NULL, NULL, 1),
(43, 3, 5, 3, NULL, NULL, 1),
(44, 3, 4, 4, NULL, NULL, 1),
(45, 3, 2, 15, NULL, 2, 1),
(46, 3, 6, 5, NULL, NULL, 1),
(47, 3, 9, 16, NULL, 9, 1),
(48, 3, 8, 16, NULL, 9, 1),
(49, 3, 10, 16, NULL, 9, 1),
(50, 3, 7, 6, NULL, NULL, 1),
(51, 3, 14, 7, NULL, NULL, 1),
(52, 3, 12, 17, NULL, 12, 1),
(53, 3, 15, 8, NULL, NULL, 1),
(54, 3, 11, 9, NULL, NULL, 1),
(55, 3, 13, 17, NULL, 12, 1),
(56, 3, 17, 10, NULL, NULL, 1),
(57, 3, 16, 11, NULL, NULL, 1),
(58, 3, 19, 12, NULL, NULL, 1),
(59, 3, 18, 13, NULL, NULL, 1),
(60, 3, 20, 14, NULL, NULL, 1),
(61, 4, 3, 1, NULL, NULL, 1),
(62, 4, 1, 2, NULL, NULL, 1),
(63, 4, 4, 3, NULL, NULL, 1),
(64, 4, 5, 4, NULL, NULL, 1),
(65, 4, 2, 5, NULL, NULL, 1),
(66, 4, 8, 6, NULL, NULL, 1),
(67, 4, 9, 7, NULL, NULL, 1),
(68, 4, 6, 8, NULL, NULL, 1),
(69, 4, 7, 9, NULL, NULL, 1),
(70, 4, 10, 10, NULL, NULL, 1),
(71, 4, 12, 11, NULL, NULL, 1),
(72, 4, 15, 12, NULL, NULL, 1),
(73, 4, 11, 13, NULL, NULL, 1),
(74, 4, 13, 14, NULL, NULL, 1),
(75, 4, 14, 15, NULL, NULL, 1),
(76, 4, 17, 16, NULL, NULL, 1),
(77, 4, 18, 17, NULL, NULL, 1),
(78, 4, 16, 18, NULL, NULL, 1),
(79, 4, 20, 19, NULL, NULL, 1),
(80, 4, 19, 20, NULL, NULL, 1),
(81, 5, 1, 1, NULL, NULL, 1),
(82, 5, 3, 2, NULL, NULL, 1),
(83, 5, 2, 3, NULL, NULL, 1),
(84, 5, 4, 4, NULL, NULL, 1),
(85, 5, 5, 5, NULL, NULL, 1),
(86, 5, 7, 6, NULL, NULL, 1),
(87, 5, 6, 7, NULL, NULL, 1),
(88, 5, 9, 8, NULL, NULL, 1),
(89, 5, 10, 9, NULL, NULL, 1),
(90, 5, 8, 10, NULL, NULL, 1),
(91, 5, 15, 11, NULL, NULL, 1),
(92, 5, 13, 12, NULL, NULL, 1),
(93, 5, 11, 13, NULL, NULL, 1),
(94, 5, 14, 14, NULL, NULL, 1),
(95, 5, 12, 15, NULL, NULL, 1),
(96, 5, 16, 16, NULL, NULL, 1),
(97, 5, 17, 17, NULL, NULL, 1),
(98, 5, 19, 18, NULL, NULL, 1),
(99, 5, 18, 19, NULL, NULL, 1),
(100, 5, 20, 20, NULL, NULL, 1),
(101, 6, 1, 1, NULL, NULL, 1),
(102, 6, 3, 2, NULL, NULL, 1),
(103, 6, 4, 3, NULL, NULL, 1),
(104, 6, 5, 4, NULL, NULL, 1),
(105, 6, 2, 5, NULL, NULL, 1),
(106, 6, 9, 6, NULL, NULL, 1),
(107, 6, 8, 7, NULL, NULL, 1),
(108, 6, 7, 8, NULL, NULL, 1),
(109, 6, 10, 9, NULL, NULL, 1),
(110, 6, 6, 10, NULL, NULL, 1),
(111, 6, 15, 11, NULL, NULL, 1),
(112, 6, 14, 12, NULL, NULL, 1),
(113, 6, 11, 13, NULL, NULL, 1),
(114, 6, 13, 14, NULL, NULL, 1),
(115, 6, 12, 15, NULL, NULL, 1),
(116, 6, 16, 16, NULL, NULL, 1),
(117, 6, 20, 17, NULL, NULL, 1),
(118, 6, 17, 18, NULL, NULL, 1),
(119, 6, 18, 19, NULL, NULL, 1),
(120, 6, 19, 20, NULL, NULL, 1),
(121, 7, 1, 1, NULL, NULL, 1),
(122, 7, 3, 2, NULL, NULL, 1),
(123, 7, 4, 13, NULL, 4, 1),
(124, 7, 5, 3, NULL, NULL, 1),
(125, 7, 2, 13, NULL, 4, 1),
(126, 7, 8, 4, NULL, NULL, 1),
(127, 7, 9, 5, NULL, 9, 1),
(128, 7, 6, 6, NULL, NULL, 1),
(129, 7, 7, NULL, 1, 7, 3),
(130, 7, 10, 7, NULL, 10, 1),
(131, 7, 14, 13, NULL, 4, 1),
(132, 7, 11, 8, NULL, NULL, 1),
(133, 7, 13, 14, NULL, 13, 1),
(134, 7, 12, 9, NULL, NULL, 1),
(135, 7, 15, 14, NULL, 13, 1),
(136, 7, 16, 10, NULL, NULL, 1),
(137, 7, 17, 11, NULL, NULL, 1),
(138, 7, 18, 12, NULL, NULL, 1),
(139, 7, 19, NULL, 1, 19, 3),
(140, 7, 20, 14, NULL, 13, 1),
(141, 8, 3, NULL, 1, 3, 3),
(142, 8, 4, 1, NULL, NULL, 1),
(143, 8, 5, 2, NULL, NULL, 1),
(144, 8, 1, 3, NULL, NULL, 1),
(145, 8, 2, NULL, 1, 2, 3),
(146, 8, 9, NULL, 1, 9, 3),
(147, 8, 6, NULL, 1, 6, 3),
(148, 8, 8, 4, NULL, NULL, 1),
(149, 8, 10, 5, NULL, NULL, 1),
(150, 8, 7, 6, NULL, NULL, 1),
(151, 8, 13, NULL, 1, 13, 3),
(152, 8, 15, 10, NULL, 15, 1),
(153, 8, 11, 10, NULL, 15, 1),
(154, 8, 12, 10, NULL, 15, 1),
(155, 8, 14, 7, NULL, NULL, 1),
(156, 8, 19, 8, NULL, NULL, 1),
(157, 8, 20, 9, NULL, NULL, 1),
(158, 8, 16, 11, NULL, 16, 1),
(159, 8, 18, NULL, 1, 18, 3),
(160, 8, 17, NULL, 1, 17, 3),
(161, 9, 2, 15, NULL, 2, 1),
(162, 9, 1, 15, NULL, 2, 1),
(163, 9, 3, 1, NULL, NULL, 1),
(164, 9, 4, 15, NULL, 2, 1),
(165, 9, 5, 2, NULL, NULL, 1),
(166, 9, 8, 3, NULL, NULL, 1),
(167, 9, 6, NULL, 1, 6, 3),
(168, 9, 7, 4, NULL, NULL, 1),
(169, 9, 9, 5, NULL, NULL, 1),
(170, 9, 10, 6, NULL, NULL, 1),
(171, 9, 14, 7, NULL, NULL, 1),
(172, 9, 13, NULL, 1, 13, 3),
(173, 9, 15, 8, NULL, NULL, 1),
(174, 9, 11, NULL, 1, 11, 2),
(175, 9, 12, 16, NULL, 12, 1),
(176, 9, 16, 10, NULL, NULL, 1),
(177, 9, 17, 11, NULL, NULL, 1),
(178, 9, 19, 16, NULL, 12, 1),
(179, 9, 18, NULL, 1, 18, 2),
(180, 9, 20, 13, NULL, NULL, 1),
(181, 10, 1, 1, NULL, NULL, 1),
(182, 10, 3, NULL, 1, 3, 3),
(183, 10, 2, 2, NULL, NULL, 1),
(184, 10, 4, 3, NULL, NULL, 1),
(185, 10, 5, 4, NULL, NULL, 1),
(186, 10, 6, 5, NULL, NULL, 1),
(187, 10, 7, NULL, 1, 7, 3),
(188, 10, 9, 6, NULL, NULL, 1),
(189, 10, 10, NULL, 1, 10, 3),
(190, 10, 8, 7, NULL, NULL, 1),
(191, 10, 14, NULL, 3, 14, 3),
(192, 10, 11, 8, NULL, NULL, 1),
(193, 10, 13, NULL, 3, 13, 2),
(194, 10, 15, 10, NULL, NULL, 1),
(195, 10, 12, NULL, 3, 12, 3),
(196, 10, 17, 11, NULL, NULL, 1),
(197, 10, 19, 12, NULL, NULL, 1),
(198, 10, 16, NULL, 3, 16, 2),
(199, 10, 20, 14, NULL, NULL, 1),
(200, 10, 18, 15, NULL, NULL, 1),
(201, 11, 1, 1, NULL, NULL, 1),
(202, 11, 3, 2, NULL, NULL, 1),
(203, 11, 4, 3, NULL, NULL, 1),
(204, 11, 5, 4, NULL, NULL, 1),
(205, 11, 2, 5, NULL, NULL, 1),
(206, 11, 8, 6, NULL, NULL, 1),
(207, 11, 7, 7, NULL, NULL, 1),
(208, 11, 9, 8, NULL, NULL, 1),
(209, 11, 6, 9, NULL, NULL, 1),
(210, 11, 10, 10, NULL, NULL, 1),
(211, 11, 14, 11, NULL, NULL, 1),
(212, 11, 11, 12, NULL, NULL, 1),
(213, 11, 13, 13, NULL, NULL, 1),
(214, 11, 12, 14, NULL, NULL, 1),
(215, 11, 15, 15, NULL, NULL, 1),
(216, 11, 17, 16, NULL, NULL, 1),
(217, 11, 16, 17, NULL, NULL, 1),
(218, 11, 18, 18, NULL, NULL, 1),
(219, 11, 20, 19, NULL, NULL, 1),
(220, 11, 19, 20, NULL, NULL, 1),
(221, 12, 4, 1, NULL, NULL, 1),
(222, 12, 3, 2, NULL, NULL, 1),
(223, 12, 1, 3, NULL, NULL, 1),
(224, 12, 5, 4, NULL, NULL, 1),
(225, 12, 2, 5, NULL, NULL, 1),
(226, 12, 6, 6, NULL, NULL, 1),
(227, 12, 8, 7, NULL, NULL, 1),
(228, 12, 7, 8, NULL, NULL, 1),
(229, 12, 9, 9, NULL, NULL, 1),
(230, 12, 10, 10, NULL, NULL, 1),
(231, 12, 13, 11, NULL, NULL, 1),
(232, 12, 14, 12, NULL, NULL, 1),
(233, 12, 11, 13, NULL, NULL, 1),
(234, 12, 15, 14, NULL, NULL, 1),
(235, 12, 12, 15, NULL, NULL, 1),
(236, 12, 16, 16, NULL, NULL, 1),
(237, 12, 17, 17, NULL, NULL, 1),
(238, 12, 18, 18, NULL, NULL, 1),
(239, 12, 19, 19, NULL, NULL, 1),
(240, 12, 20, 20, NULL, NULL, 1);

-- --------------------------------------------------------

--
-- Table structure for table `dr_token_states`
--

DROP TABLE IF EXISTS `dr_token_states`;
CREATE TABLE IF NOT EXISTS `dr_token_states` (
  `id` int(11) NOT NULL AUTO_INCREMENT,
  `name` varchar(10) COLLATE utf8_bin NOT NULL,
  PRIMARY KEY (`id`)
) ENGINE=InnoDB AUTO_INCREMENT=4 DEFAULT CHARSET=utf8 COLLATE=utf8_bin;

--
-- Dumping data for table `dr_token_states`
--

INSERT INTO `dr_token_states` (`id`, `name`) VALUES
(1, 'ON_BOARD'),
(2, 'TAKEN'),
(3, 'CLAIMED');

-- --------------------------------------------------------

--
-- Table structure for table `dr_turns`
--

DROP TABLE IF EXISTS `dr_turns`;
CREATE TABLE IF NOT EXISTS `dr_turns` (
  `id` int(11) NOT NULL AUTO_INCREMENT,
  `game_id` int(11) NOT NULL,
  `user_id` int(11) NOT NULL,
  `position` int(11) NOT NULL,
  `round` int(11) NOT NULL,
  `roll` varchar(4) COLLATE utf8_bin NOT NULL,
  `returning` tinyint(1) NOT NULL DEFAULT '0',
  `taking` tinyint(1) NOT NULL DEFAULT '0',
  `dropping` tinyint(1) NOT NULL DEFAULT '0',
  `oxygen` int(11) NOT NULL DEFAULT '25',
  `created` datetime NOT NULL DEFAULT CURRENT_TIMESTAMP,
  `modified` datetime NOT NULL DEFAULT CURRENT_TIMESTAMP,
  PRIMARY KEY (`id`),
  KEY `Game_ID` (`game_id`),
  KEY `Player_ID` (`user_id`)
) ENGINE=InnoDB AUTO_INCREMENT=610 DEFAULT CHARSET=utf8 COLLATE=utf8_bin;

--
-- Dumping data for table `dr_turns`
--

INSERT INTO `dr_turns` (`id`, `game_id`, `user_id`, `position`, `round`, `roll`, `returning`, `taking`, `dropping`, `oxygen`, `created`, `modified`) VALUES
(1, 1, 1, 3, 1, '2+1', 0, 1, 0, 25, '2021-02-28 09:01:19', '2021-02-28 11:17:38'),
(2, 1, 1, 4, 1, '1+1', 0, 0, 0, 24, '2021-03-04 18:23:28', '2021-03-04 18:23:28'),
(3, 1, 1, 5, 1, '1+1', 0, 0, 0, 23, '2021-03-04 18:30:03', '2021-03-04 18:30:03'),
(4, 1, 1, 6, 1, '1+1', 0, 0, 0, 22, '2021-03-04 18:30:06', '2021-03-04 18:30:06'),
(5, 1, 1, 11, 1, '3+3', 0, 0, 0, 21, '2021-03-04 18:30:07', '2021-03-04 18:30:07'),
(6, 1, 1, 13, 1, '2+1', 0, 0, 0, 20, '2021-03-04 18:31:24', '2021-03-04 18:31:24'),
(7, 1, 1, 17, 1, '2+3', 0, 0, 0, 19, '2021-03-08 14:50:59', '2021-03-08 14:50:59'),
(8, 1, 1, 20, 1, '3+3', 1, 0, 0, 18, '2021-03-08 14:51:04', '2021-03-08 14:51:04'),
(9, 1, 1, 17, 1, '1+3', 1, 1, 0, 17, '2021-03-08 14:51:05', '2021-03-08 14:51:08'),
(10, 1, 1, 16, 1, '2+1', 1, 1, 0, 15, '2021-03-08 14:57:42', '2021-03-08 14:58:19'),
(11, 1, 1, 14, 1, '3+2', 1, 0, 0, 12, '2021-03-08 14:58:22', '2021-03-08 14:58:22'),
(12, 1, 1, 13, 1, '2+2', 1, 1, 0, 9, '2021-03-08 14:58:24', '2021-03-08 14:59:01'),
(13, 1, 1, 13, 1, '1+1', 1, 0, 0, 5, '2021-03-08 14:59:04', '2021-03-08 14:59:04'),
(14, 1, 1, 13, 1, '3+1', 1, 0, 0, 1, '2021-03-08 15:27:34', '2021-03-08 15:27:34'),
(15, 1, 1, 13, 1, '1+1', 1, 0, 0, -3, '2021-03-08 15:28:02', '2021-03-08 15:28:02'),
(16, 1, 1, 2, 2, '1+1', 0, 0, 0, 25, '2021-03-08 15:28:02', '2021-03-08 15:28:02'),
(17, 1, 1, 7, 2, '2+3', 0, 0, 0, 25, '2021-03-08 15:28:12', '2021-03-08 15:28:12'),
(18, 1, 1, 11, 2, '3+1', 0, 0, 0, 25, '2021-03-08 15:28:41', '2021-03-08 15:28:41'),
(19, 1, 1, 13, 2, '1+1', 0, 1, 0, 25, '2021-03-08 15:28:49', '2021-03-08 15:29:03'),
(20, 1, 1, 15, 2, '2+1', 0, 1, 0, 24, '2021-03-08 15:29:10', '2021-03-08 15:29:18'),
(21, 1, 1, 16, 2, '1+2', 0, 1, 0, 22, '2021-03-08 15:29:25', '2021-03-08 15:29:44'),
(22, 1, 1, 17, 2, '3+1', 0, 1, 0, 19, '2021-03-08 15:29:50', '2021-03-08 15:29:59'),
(23, 1, 1, 19, 2, '3+3', 0, 0, 0, 15, '2021-03-08 15:30:05', '2021-03-08 15:30:05'),
(24, 1, 1, 20, 2, '3+3', 1, 0, 0, 11, '2021-03-08 17:46:55', '2021-03-08 17:46:55'),
(25, 1, 1, 20, 2, '2+2', 1, 0, 0, 7, '2021-03-08 17:50:37', '2021-03-08 17:50:37'),
(26, 1, 1, 18, 2, '3+2', 1, 0, 0, 4, '2021-03-08 17:53:26', '2021-03-08 17:53:26'),
(27, 1, 1, 17, 2, '3+1', 1, 0, 0, 1, '2021-03-08 17:53:31', '2021-03-08 17:53:31'),
(28, 1, 1, 16, 2, '2+2', 1, 0, 0, -2, '2021-03-08 17:59:37', '2021-03-08 17:59:37'),
(29, 1, 1, 5, 3, '3+2', 0, 0, 0, 25, '2021-03-08 17:59:38', '2021-03-08 17:59:38'),
(30, 1, 1, 9, 3, '1+3', 0, 0, 0, 25, '2021-03-08 17:59:46', '2021-03-08 17:59:46'),
(31, 1, 1, 12, 3, '1+2', 0, 0, 0, 25, '2021-03-08 17:59:56', '2021-03-08 17:59:56'),
(32, 1, 1, 13, 3, '3+2', 1, 1, 0, 25, '2021-03-08 18:00:00', '2021-03-08 18:13:32'),
(33, 1, 1, 10, 3, '2+2', 1, 1, 0, 24, '2021-03-08 18:13:37', '2021-03-08 18:13:43'),
(34, 1, 1, 8, 3, '1+3', 1, 0, 0, 22, '2021-03-08 18:13:54', '2021-03-08 18:13:54'),
(35, 1, 1, 6, 3, '2+2', 1, 1, 0, 20, '2021-03-08 18:13:57', '2021-03-08 18:14:01'),
(36, 1, 1, 6, 3, '2+1', 1, 0, 0, 17, '2021-03-08 18:14:07', '2021-03-08 18:14:07'),
(37, 1, 1, 4, 3, '2+2', 1, 1, 0, 15, '2021-03-09 07:48:54', '2021-03-09 07:49:26'),
(38, 1, 1, 2, 3, '2+3', 1, 1, 0, 12, '2021-03-09 07:51:48', '2021-03-09 07:58:50'),
(39, 1, 1, 1, 3, '2+3', 1, 0, 0, 8, '2021-03-09 07:59:36', '2021-03-09 07:59:36'),
(40, 1, 1, 0, 3, '3+3', 1, 0, 0, 4, '2021-03-09 08:04:25', '2021-03-09 08:04:25'),
(41, 1, 1, 4, 4, '3+1', 0, 0, 0, 25, '2021-03-09 08:04:25', '2021-03-09 08:04:25'),
(42, 2, 1, 2, 1, '1+1', 0, 0, 0, 25, '2021-03-09 08:07:52', '2021-03-09 08:07:52'),
(43, 2, 1, 4, 1, '1+1', 0, 0, 0, 25, '2021-03-09 08:08:41', '2021-03-09 08:08:41'),
(44, 2, 1, 8, 1, '3+1', 0, 0, 0, 25, '2021-03-09 08:34:04', '2021-03-09 08:34:04'),
(45, 2, 1, 12, 1, '2+2', 1, 1, 0, 25, '2021-03-09 08:34:07', '2021-03-09 08:34:14'),
(46, 2, 1, 9, 1, '2+2', 1, 1, 0, 24, '2021-03-09 08:34:14', '2021-03-09 08:34:17'),
(47, 2, 1, 7, 1, '3+1', 1, 1, 0, 22, '2021-03-11 19:05:53', '2021-03-11 19:11:38'),
(48, 2, 1, 6, 1, '1+3', 1, 1, 0, 19, '2021-03-11 19:11:44', '2021-03-11 19:11:49'),
(49, 2, 1, 6, 1, '3+1', 1, 0, 0, 15, '2021-03-12 08:47:31', '2021-03-12 08:47:31'),
(50, 2, 1, 6, 1, '1+1', 1, 0, 0, 11, '2021-03-12 08:47:42', '2021-03-12 08:47:42'),
(51, 2, 1, 6, 1, '1+3', 1, 1, 0, 7, '2021-03-12 08:47:51', '2021-03-12 08:51:24'),
(52, 2, 1, 6, 1, '2+2', 1, 1, 0, 3, '2021-03-12 08:51:33', '2021-03-12 08:52:30'),
(53, 2, 1, 6, 1, '2+1', 1, 0, 0, -1, '2021-03-12 08:52:41', '2021-03-12 08:52:41'),
(54, 2, 1, 5, 2, '3+2', 0, 0, 0, 25, '2021-03-12 08:52:41', '2021-03-12 08:52:41'),
(55, 2, 1, 10, 2, '2+3', 0, 0, 0, 25, '2021-03-12 08:52:53', '2021-03-12 08:52:53'),
(56, 2, 1, 13, 2, '1+2', 0, 0, 0, 25, '2021-03-12 08:52:57', '2021-03-12 08:52:57'),
(57, 2, 1, 18, 2, '2+3', 0, 1, 0, 25, '2021-03-12 08:53:13', '2021-03-12 08:53:18'),
(58, 2, 1, 20, 2, '1+2', 1, 0, 0, 24, '2021-03-12 08:53:27', '2021-03-12 08:53:27'),
(59, 2, 1, 15, 2, '3+3', 1, 1, 0, 23, '2021-03-12 08:53:34', '2021-03-12 08:53:37'),
(60, 2, 1, 13, 2, '1+3', 1, 1, 0, 21, '2021-03-12 08:53:43', '2021-03-12 08:53:48'),
(61, 2, 1, 13, 2, '1+2', 1, 0, 0, 18, '2021-03-12 08:53:53', '2021-03-12 08:53:53'),
(62, 2, 1, 11, 2, '3+1', 1, 1, 0, 16, '2021-03-12 08:55:56', '2021-03-12 08:56:04'),
(63, 2, 1, 10, 2, '2+2', 1, 1, 0, 13, '2021-03-12 08:56:08', '2021-03-12 08:56:13'),
(64, 2, 1, 10, 2, '2+2', 1, 0, 1, 9, '2021-03-12 08:56:17', '2021-03-12 08:56:23'),
(65, 2, 1, 10, 2, '2+1', 1, 0, 0, 6, '2021-03-12 08:56:39', '2021-03-12 08:56:39'),
(66, 2, 1, 10, 2, '1+2', 1, 0, 0, 3, '2021-03-12 08:57:03', '2021-03-12 08:57:03'),
(67, 2, 1, 10, 2, '2+1', 1, 0, 0, 0, '2021-03-12 08:57:29', '2021-03-12 08:57:29'),
(68, 2, 1, 6, 3, '3+3', 0, 0, 0, 25, '2021-03-12 08:57:29', '2021-03-12 08:57:29'),
(69, 2, 1, 10, 3, '2+2', 0, 1, 0, 25, '2021-03-12 08:57:34', '2021-03-12 09:00:02'),
(70, 2, 1, 12, 3, '2+1', 1, 1, 0, 24, '2021-03-12 09:00:08', '2021-03-12 09:00:35'),
(71, 2, 1, 8, 3, '3+3', 1, 0, 0, 22, '2021-03-12 09:00:35', '2021-03-12 09:00:35'),
(72, 2, 1, 6, 3, '2+2', 1, 0, 0, 20, '2021-03-12 09:00:38', '2021-03-12 09:00:38'),
(73, 2, 1, 3, 3, '2+3', 1, 0, 0, 18, '2021-03-12 09:00:42', '2021-03-12 09:00:42'),
(74, 2, 1, 2, 3, '2+1', 1, 0, 0, 16, '2021-03-12 09:00:46', '2021-03-12 09:00:46'),
(75, 2, 1, 0, 3, '2+2', 1, 0, 0, 14, '2021-03-12 09:00:52', '2021-03-12 09:00:52'),
(76, 2, 1, 5, 4, '2+3', 0, 0, 0, 25, '2021-03-12 09:00:52', '2021-03-12 09:00:52'),
(77, 3, 1, 5, 1, '3+2', 0, 1, 0, 25, '2021-03-12 14:10:41', '2021-03-12 14:10:59'),
(254, 3, 1, 10, 1, '2+3', 0, 0, 0, 25, '2021-03-12 14:15:23', '2021-03-12 14:15:23'),
(255, 3, 1, 14, 1, '2+2', 1, 1, 0, 25, '2021-03-12 14:16:22', '2021-03-12 14:16:48'),
(256, 3, 1, 11, 1, '1+3', 1, 1, 0, 24, '2021-03-12 14:17:50', '2021-03-12 14:17:53'),
(257, 3, 1, 8, 1, '2+3', 1, 1, 0, 22, '2021-03-12 14:19:26', '2021-03-12 14:19:36'),
(258, 3, 1, 7, 1, '2+2', 1, 1, 0, 19, '2021-03-12 14:20:57', '2021-03-12 14:21:02'),
(259, 3, 1, 6, 1, '3+2', 1, 1, 0, 15, '2021-03-12 14:21:46', '2021-03-12 14:22:29'),
(260, 3, 1, 6, 1, '1+1', 1, 0, 0, 10, '2021-03-12 14:25:58', '2021-03-12 14:25:58'),
(261, 3, 1, 6, 1, '3+2', 1, 0, 0, 5, '2021-03-12 14:25:58', '2021-03-12 14:25:58'),
(262, 3, 1, 6, 1, '3+2', 1, 0, 0, 0, '2021-03-12 14:25:58', '2021-03-12 14:25:58'),
(263, 3, 1, 4, 2, '2+2', 0, 0, 0, 25, '2021-03-12 14:25:58', '2021-03-12 14:25:58'),
(264, 3, 1, 7, 2, '1+2', 0, 0, 0, 25, '2021-03-12 14:26:13', '2021-03-12 14:26:13'),
(265, 3, 1, 11, 2, '3+1', 0, 0, 0, 25, '2021-03-12 14:26:13', '2021-03-12 14:26:13'),
(266, 3, 1, 14, 2, '2+1', 0, 0, 0, 25, '2021-03-12 14:26:13', '2021-03-12 14:26:13'),
(267, 3, 1, 18, 2, '2+2', 0, 0, 0, 25, '2021-03-12 14:26:13', '2021-03-12 14:26:13'),
(268, 3, 1, 20, 2, '1+2', 1, 0, 0, 25, '2021-03-12 14:26:13', '2021-03-12 14:26:13'),
(269, 3, 1, 17, 2, '1+2', 1, 0, 0, 25, '2021-03-12 14:26:13', '2021-03-12 14:26:13'),
(270, 3, 1, 13, 2, '3+1', 1, 0, 0, 25, '2021-03-12 14:26:13', '2021-03-12 14:26:13'),
(271, 3, 1, 9, 2, '1+3', 1, 0, 0, 25, '2021-03-12 14:26:13', '2021-03-12 14:26:13'),
(272, 3, 1, 3, 2, '2+3', 1, 0, 0, 25, '2021-03-12 14:26:13', '2021-03-12 14:26:13'),
(273, 3, 1, 0, 2, '2+2', 1, 0, 0, 25, '2021-03-12 14:26:13', '2021-03-12 14:26:13'),
(274, 3, 1, -1, 2, '2+3', 1, 0, 0, 25, '2021-03-12 14:26:13', '2021-03-12 14:26:13'),
(275, 3, 1, -2, 2, '1+2', 1, 0, 0, 25, '2021-03-12 14:26:13', '2021-03-12 14:26:13'),
(276, 3, 1, -3, 2, '2+1', 1, 0, 0, 25, '2021-03-12 14:26:13', '2021-03-12 14:26:13'),
(277, 3, 1, -4, 2, '1+2', 1, 0, 0, 25, '2021-03-12 14:26:13', '2021-03-12 14:26:13'),
(278, 3, 1, -5, 2, '2+1', 1, 0, 0, 25, '2021-03-12 14:26:13', '2021-03-12 14:26:13'),
(279, 3, 1, -6, 2, '3+2', 1, 0, 0, 25, '2021-03-12 14:26:13', '2021-03-12 14:26:13'),
(280, 3, 1, -7, 2, '3+1', 1, 0, 0, 25, '2021-03-12 14:26:13', '2021-03-12 14:26:13'),
(281, 3, 1, -8, 2, '1+2', 1, 0, 0, 25, '2021-03-12 14:26:13', '2021-03-12 14:26:13'),
(282, 3, 1, -9, 2, '3+2', 1, 0, 0, 25, '2021-03-12 14:26:13', '2021-03-12 14:26:13'),
(283, 3, 1, -10, 2, '1+1', 1, 0, 0, 25, '2021-03-12 14:26:13', '2021-03-12 14:26:13'),
(284, 3, 1, -11, 2, '3+1', 1, 0, 0, 25, '2021-03-12 14:26:13', '2021-03-12 14:26:13'),
(285, 3, 1, -12, 2, '3+1', 1, 0, 0, 25, '2021-03-12 14:26:13', '2021-03-12 14:26:13'),
(286, 3, 1, -13, 2, '1+1', 1, 0, 0, 25, '2021-03-12 14:26:13', '2021-03-12 14:26:13'),
(287, 3, 1, -14, 2, '2+2', 1, 0, 0, 25, '2021-03-12 14:26:13', '2021-03-12 14:26:13'),
(288, 3, 1, -15, 2, '2+1', 1, 0, 0, 25, '2021-03-12 14:26:13', '2021-03-12 14:26:13'),
(289, 3, 1, -16, 2, '3+1', 1, 0, 0, 25, '2021-03-12 14:26:13', '2021-03-12 14:26:13'),
(290, 3, 1, -17, 2, '1+3', 1, 0, 0, 25, '2021-03-12 14:26:13', '2021-03-12 14:26:13'),
(291, 3, 1, -18, 2, '3+2', 1, 0, 0, 25, '2021-03-12 14:26:13', '2021-03-12 14:26:13'),
(292, 3, 1, -19, 2, '1+2', 1, 0, 0, 25, '2021-03-12 14:26:13', '2021-03-12 14:26:13'),
(293, 3, 1, -20, 2, '3+2', 1, 0, 0, 25, '2021-03-12 14:26:13', '2021-03-12 14:26:13'),
(294, 3, 1, -21, 2, '2+2', 1, 0, 0, 25, '2021-03-12 14:26:13', '2021-03-12 14:26:13'),
(295, 3, 1, -22, 2, '3+3', 1, 0, 0, 25, '2021-03-12 14:26:13', '2021-03-12 14:26:13'),
(296, 3, 1, -23, 2, '3+2', 1, 0, 0, 25, '2021-03-12 14:26:13', '2021-03-12 14:26:13'),
(297, 3, 1, -24, 2, '1+3', 1, 0, 0, 25, '2021-03-12 14:26:13', '2021-03-12 14:26:13'),
(298, 3, 1, -25, 2, '3+2', 1, 0, 0, 25, '2021-03-12 14:26:13', '2021-03-12 14:26:13'),
(299, 3, 1, -26, 2, '1+1', 1, 0, 0, 25, '2021-03-12 14:26:13', '2021-03-12 14:26:13'),
(300, 3, 1, -27, 2, '2+1', 1, 0, 0, 25, '2021-03-12 14:26:14', '2021-03-12 14:26:14'),
(301, 3, 1, 3, 3, '2+1', 0, 0, 0, 25, '2021-03-12 14:26:14', '2021-03-12 14:26:14'),
(302, 3, 1, 8, 3, '2+3', 0, 0, 0, 25, '2021-03-12 14:26:17', '2021-03-12 14:26:17'),
(303, 3, 1, 12, 3, '1+3', 0, 0, 0, 25, '2021-03-12 14:26:17', '2021-03-12 14:26:17'),
(304, 3, 1, 15, 3, '1+2', 0, 0, 0, 25, '2021-03-12 14:26:17', '2021-03-12 14:26:17'),
(305, 3, 1, 19, 3, '1+3', 0, 0, 0, 25, '2021-03-12 14:26:17', '2021-03-12 14:26:17'),
(306, 3, 1, 20, 3, '3+2', 1, 0, 0, 25, '2021-03-12 14:26:17', '2021-03-12 14:26:17'),
(307, 3, 1, 16, 3, '1+3', 1, 0, 0, 25, '2021-03-12 14:26:17', '2021-03-12 14:26:17'),
(308, 3, 1, 11, 3, '2+3', 1, 0, 0, 25, '2021-03-12 14:26:17', '2021-03-12 14:26:17'),
(309, 3, 1, 7, 3, '1+2', 1, 0, 0, 25, '2021-03-12 14:26:17', '2021-03-12 14:26:17'),
(310, 3, 1, 3, 3, '3+1', 1, 0, 0, 25, '2021-03-12 14:26:17', '2021-03-12 14:26:17'),
(311, 3, 1, 0, 3, '2+3', 1, 0, 0, 25, '2021-03-12 14:26:17', '2021-03-12 14:26:17'),
(312, 3, 1, -1, 3, '3+2', 1, 0, 0, 25, '2021-03-12 14:26:17', '2021-03-12 14:26:17'),
(313, 3, 1, -2, 3, '2+1', 1, 0, 0, 25, '2021-03-12 14:26:17', '2021-03-12 14:26:17'),
(314, 3, 1, -3, 3, '3+3', 1, 0, 0, 25, '2021-03-12 14:26:17', '2021-03-12 14:26:17'),
(315, 3, 1, -4, 3, '1+2', 1, 0, 0, 25, '2021-03-12 14:26:17', '2021-03-12 14:26:17'),
(316, 3, 1, -5, 3, '2+1', 1, 0, 0, 25, '2021-03-12 14:26:17', '2021-03-12 14:26:17'),
(317, 3, 1, -6, 3, '1+3', 1, 0, 0, 25, '2021-03-12 14:26:17', '2021-03-12 14:26:17'),
(318, 3, 1, -7, 3, '2+2', 1, 0, 0, 25, '2021-03-12 14:26:17', '2021-03-12 14:26:17'),
(319, 3, 1, -8, 3, '2+2', 1, 0, 0, 25, '2021-03-12 14:26:17', '2021-03-12 14:26:17'),
(320, 3, 1, -9, 3, '3+1', 1, 0, 0, 25, '2021-03-12 14:26:17', '2021-03-12 14:26:17'),
(321, 3, 1, -10, 3, '1+1', 1, 0, 0, 25, '2021-03-12 14:26:17', '2021-03-12 14:26:17'),
(322, 3, 1, -11, 3, '3+2', 1, 0, 0, 25, '2021-03-12 14:26:17', '2021-03-12 14:26:17'),
(323, 3, 1, -12, 3, '2+2', 1, 0, 0, 25, '2021-03-12 14:26:17', '2021-03-12 14:26:17'),
(324, 3, 1, -13, 3, '3+1', 1, 0, 0, 25, '2021-03-12 14:26:17', '2021-03-12 14:26:17'),
(325, 3, 1, -14, 3, '2+2', 1, 0, 0, 25, '2021-03-12 14:26:18', '2021-03-12 14:26:18'),
(326, 3, 1, 3, 4, '1+2', 0, 0, 0, 25, '2021-03-12 14:26:18', '2021-03-12 14:26:18'),
(327, 4, 1, 6, 1, '3+3', 0, 0, 0, 25, '2021-03-12 14:27:32', '2021-03-12 14:27:32'),
(328, 4, 1, 8, 1, '1+1', 0, 0, 0, 25, '2021-03-12 14:27:39', '2021-03-12 14:27:39'),
(329, 4, 1, 14, 1, '3+3', 0, 0, 0, 25, '2021-03-12 14:27:39', '2021-03-12 14:27:39'),
(330, 4, 1, 17, 1, '1+2', 0, 0, 0, 25, '2021-03-12 14:27:39', '2021-03-12 14:27:39'),
(331, 4, 1, 20, 1, '3+1', 1, 0, 0, 25, '2021-03-12 14:27:39', '2021-03-12 14:27:39'),
(332, 4, 1, 15, 1, '2+3', 1, 0, 0, 25, '2021-03-12 14:27:39', '2021-03-12 14:27:39'),
(333, 4, 1, 10, 1, '2+3', 1, 0, 0, 25, '2021-03-12 14:27:39', '2021-03-12 14:27:39'),
(334, 4, 1, 6, 1, '2+1', 1, 0, 0, 25, '2021-03-12 14:27:39', '2021-03-12 14:27:39'),
(335, 4, 1, 2, 1, '2+2', 1, 0, 0, 25, '2021-03-12 14:27:39', '2021-03-12 14:27:39'),
(336, 4, 1, 0, 1, '3+1', 1, 0, 0, 25, '2021-03-12 14:27:39', '2021-03-12 14:27:39'),
(337, 4, 1, -1, 1, '2+1', 1, 0, 0, 25, '2021-03-12 14:27:39', '2021-03-12 14:27:39'),
(338, 4, 1, -2, 1, '2+1', 1, 0, 0, 25, '2021-03-12 14:27:39', '2021-03-12 14:27:39'),
(339, 4, 1, -3, 1, '1+3', 1, 0, 0, 25, '2021-03-12 14:27:39', '2021-03-12 14:27:39'),
(340, 4, 1, -4, 1, '3+1', 1, 0, 0, 25, '2021-03-12 14:27:39', '2021-03-12 14:27:39'),
(341, 4, 1, -5, 1, '2+1', 1, 0, 0, 25, '2021-03-12 14:27:39', '2021-03-12 14:27:39'),
(342, 4, 1, -6, 1, '1+3', 1, 0, 0, 25, '2021-03-12 14:27:39', '2021-03-12 14:27:39'),
(343, 4, 1, -7, 1, '2+3', 1, 0, 0, 25, '2021-03-12 14:27:39', '2021-03-12 14:27:39'),
(344, 4, 1, -8, 1, '3+3', 1, 0, 0, 25, '2021-03-12 14:27:39', '2021-03-12 14:27:39'),
(345, 4, 1, -9, 1, '2+1', 1, 0, 0, 25, '2021-03-12 14:27:39', '2021-03-12 14:27:39'),
(346, 4, 1, -10, 1, '3+1', 1, 0, 0, 25, '2021-03-12 14:27:39', '2021-03-12 14:27:39'),
(347, 4, 1, -11, 1, '1+3', 1, 0, 0, 25, '2021-03-12 14:27:39', '2021-03-12 14:27:39'),
(348, 4, 1, -12, 1, '1+3', 1, 0, 0, 25, '2021-03-12 14:27:39', '2021-03-12 14:27:39'),
(349, 4, 1, -13, 1, '1+1', 1, 0, 0, 25, '2021-03-12 14:27:39', '2021-03-12 14:27:39'),
(350, 4, 1, -14, 1, '3+1', 1, 0, 0, 25, '2021-03-12 14:27:39', '2021-03-12 14:27:39'),
(351, 4, 1, -15, 1, '1+2', 1, 0, 0, 25, '2021-03-12 14:27:39', '2021-03-12 14:27:39'),
(352, 4, 1, -16, 1, '3+1', 1, 0, 0, 25, '2021-03-12 14:27:39', '2021-03-12 14:27:39'),
(353, 4, 1, -17, 1, '2+2', 1, 0, 0, 25, '2021-03-12 14:27:39', '2021-03-12 14:27:39'),
(354, 4, 1, -18, 1, '2+1', 1, 0, 0, 25, '2021-03-12 14:27:39', '2021-03-12 14:27:39'),
(355, 4, 1, -19, 1, '3+2', 1, 0, 0, 25, '2021-03-12 14:27:39', '2021-03-12 14:27:39'),
(356, 4, 1, -20, 1, '3+2', 1, 0, 0, 25, '2021-03-12 14:27:39', '2021-03-12 14:27:39'),
(357, 4, 1, -21, 1, '2+3', 1, 0, 0, 25, '2021-03-12 14:27:39', '2021-03-12 14:27:39'),
(358, 4, 1, -22, 1, '2+2', 1, 0, 0, 25, '2021-03-12 14:27:39', '2021-03-12 14:27:39'),
(359, 4, 1, -23, 1, '2+1', 1, 0, 0, 25, '2021-03-12 14:27:39', '2021-03-12 14:27:39'),
(360, 4, 1, -24, 1, '3+2', 1, 0, 0, 25, '2021-03-12 14:27:39', '2021-03-12 14:27:39'),
(361, 4, 1, -25, 1, '2+3', 1, 0, 0, 25, '2021-03-12 14:27:40', '2021-03-12 14:27:40'),
(362, 4, 1, 4, 2, '3+1', 0, 0, 0, 25, '2021-03-12 14:27:40', '2021-03-12 14:27:40'),
(363, 5, 1, 3, 1, '2+1', 0, 0, 0, 25, '2021-03-12 14:28:34', '2021-03-12 14:28:34'),
(364, 5, 1, 7, 1, '3+1', 0, 0, 0, 25, '2021-03-12 14:28:40', '2021-03-12 14:28:40'),
(365, 5, 1, 10, 1, '2+1', 0, 0, 0, 25, '2021-03-12 14:28:40', '2021-03-12 14:28:40'),
(366, 5, 1, 12, 1, '1+1', 0, 0, 0, 25, '2021-03-12 14:28:40', '2021-03-12 14:28:40'),
(367, 5, 1, 17, 1, '2+3', 0, 0, 0, 25, '2021-03-12 14:28:40', '2021-03-12 14:28:40'),
(368, 5, 1, 20, 1, '3+3', 1, 0, 0, 25, '2021-03-12 14:28:40', '2021-03-12 14:28:40'),
(369, 5, 1, 16, 1, '1+3', 1, 0, 0, 25, '2021-03-12 14:28:40', '2021-03-12 14:28:40'),
(370, 5, 1, 10, 1, '3+3', 1, 0, 0, 25, '2021-03-12 14:28:40', '2021-03-12 14:28:40'),
(371, 5, 1, 5, 1, '2+2', 1, 0, 0, 25, '2021-03-12 14:28:40', '2021-03-12 14:28:40'),
(372, 5, 1, 1, 1, '1+3', 1, 0, 0, 25, '2021-03-12 14:28:40', '2021-03-12 14:28:40'),
(373, 5, 1, 0, 1, '3+2', 1, 0, 0, 25, '2021-03-12 14:28:40', '2021-03-12 14:28:40'),
(374, 5, 1, -1, 1, '2+3', 1, 0, 0, 25, '2021-03-12 14:28:40', '2021-03-12 14:28:40'),
(375, 5, 1, -2, 1, '1+1', 1, 0, 0, 25, '2021-03-12 14:28:40', '2021-03-12 14:28:40'),
(376, 5, 1, -3, 1, '2+2', 1, 0, 0, 25, '2021-03-12 14:28:40', '2021-03-12 14:28:40'),
(377, 5, 1, -4, 1, '3+2', 1, 0, 0, 25, '2021-03-12 14:28:40', '2021-03-12 14:28:40'),
(378, 5, 1, -5, 1, '2+2', 1, 0, 0, 25, '2021-03-12 14:28:40', '2021-03-12 14:28:40'),
(379, 5, 1, -6, 1, '3+1', 1, 0, 0, 25, '2021-03-12 14:28:40', '2021-03-12 14:28:40'),
(380, 5, 1, -7, 1, '3+2', 1, 0, 0, 25, '2021-03-12 14:28:40', '2021-03-12 14:28:40'),
(381, 5, 1, -8, 1, '2+1', 1, 0, 0, 25, '2021-03-12 14:28:40', '2021-03-12 14:28:40'),
(382, 5, 1, -9, 1, '3+3', 1, 0, 0, 25, '2021-03-12 14:28:40', '2021-03-12 14:28:40'),
(383, 5, 1, -10, 1, '3+2', 1, 0, 0, 25, '2021-03-12 14:28:40', '2021-03-12 14:28:40'),
(384, 5, 1, -11, 1, '2+1', 1, 0, 0, 25, '2021-03-12 14:28:40', '2021-03-12 14:28:40'),
(385, 5, 1, -12, 1, '1+2', 1, 0, 0, 25, '2021-03-12 14:28:40', '2021-03-12 14:28:40'),
(386, 5, 1, -13, 1, '2+3', 1, 0, 0, 25, '2021-03-12 14:28:40', '2021-03-12 14:28:40'),
(387, 5, 1, -14, 1, '3+2', 1, 0, 0, 25, '2021-03-12 14:28:40', '2021-03-12 14:28:40'),
(388, 5, 1, -15, 1, '2+1', 1, 0, 0, 25, '2021-03-12 14:28:40', '2021-03-12 14:28:40'),
(389, 5, 1, -16, 1, '2+2', 1, 0, 0, 25, '2021-03-12 14:28:40', '2021-03-12 14:28:40'),
(390, 5, 1, -17, 1, '3+3', 1, 0, 0, 25, '2021-03-12 14:28:40', '2021-03-12 14:28:40'),
(391, 5, 1, -18, 1, '3+3', 1, 0, 0, 25, '2021-03-12 14:28:40', '2021-03-12 14:28:40'),
(392, 5, 1, -19, 1, '2+1', 1, 0, 0, 25, '2021-03-12 14:28:40', '2021-03-12 14:28:40'),
(393, 5, 1, -20, 1, '3+1', 1, 0, 0, 25, '2021-03-12 14:28:40', '2021-03-12 14:28:40'),
(394, 5, 1, -21, 1, '2+3', 1, 0, 0, 25, '2021-03-12 14:28:40', '2021-03-12 14:28:40'),
(395, 5, 1, -22, 1, '1+3', 1, 0, 0, 25, '2021-03-12 14:28:40', '2021-03-12 14:28:40'),
(396, 5, 1, -23, 1, '3+1', 1, 0, 0, 25, '2021-03-12 14:28:40', '2021-03-12 14:28:40'),
(397, 5, 1, -24, 1, '2+3', 1, 0, 0, 25, '2021-03-12 14:28:40', '2021-03-12 14:28:40'),
(398, 5, 1, -25, 1, '1+1', 1, 0, 0, 25, '2021-03-12 14:28:40', '2021-03-12 14:28:40'),
(399, 5, 1, -26, 1, '1+3', 1, 0, 0, 25, '2021-03-12 14:28:40', '2021-03-12 14:28:40'),
(400, 5, 1, -27, 1, '3+3', 1, 0, 0, 25, '2021-03-12 14:28:40', '2021-03-12 14:28:40'),
(401, 5, 1, -28, 1, '2+2', 1, 0, 0, 25, '2021-03-12 14:28:40', '2021-03-12 14:28:40'),
(402, 5, 1, -29, 1, '2+3', 1, 0, 0, 25, '2021-03-12 14:28:40', '2021-03-12 14:28:40'),
(403, 5, 1, -30, 1, '3+2', 1, 0, 0, 25, '2021-03-12 14:28:41', '2021-03-12 14:28:41'),
(404, 5, 1, 3, 2, '2+1', 0, 0, 0, 25, '2021-03-12 14:28:41', '2021-03-12 14:28:41'),
(405, 6, 1, 4, 1, '1+3', 0, 0, 0, 25, '2021-03-12 14:29:32', '2021-03-12 14:29:32'),
(406, 6, 1, 9, 1, '3+2', 0, 0, 0, 25, '2021-03-12 14:29:37', '2021-03-12 14:29:37'),
(407, 6, 1, 13, 1, '3+1', 0, 0, 0, 25, '2021-03-12 14:29:37', '2021-03-12 14:29:37'),
(408, 6, 1, 17, 1, '3+1', 0, 0, 0, 25, '2021-03-12 14:29:37', '2021-03-12 14:29:37'),
(409, 6, 1, 19, 1, '1+1', 0, 0, 0, 25, '2021-03-12 14:29:37', '2021-03-12 14:29:37'),
(410, 6, 1, 20, 1, '1+1', 1, 0, 0, 25, '2021-03-12 14:29:38', '2021-03-12 14:29:38'),
(411, 6, 1, 16, 1, '2+2', 1, 0, 0, 25, '2021-03-12 14:29:38', '2021-03-12 14:29:38'),
(412, 6, 1, 17, 1, '1+2', 1, 0, 0, 25, '2021-03-12 14:29:38', '2021-03-12 14:29:38'),
(413, 6, 1, 18, 1, '1+1', 1, 0, 0, 25, '2021-03-12 14:29:38', '2021-03-12 14:29:38'),
(414, 6, 1, 15, 1, '2+3', 1, 0, 0, 25, '2021-03-12 14:29:38', '2021-03-12 14:29:38'),
(415, 6, 1, 17, 1, '1+2', 1, 0, 0, 25, '2021-03-12 14:29:38', '2021-03-12 14:29:38'),
(416, 6, 1, 17, 1, '2+1', 1, 0, 0, 25, '2021-03-12 14:29:38', '2021-03-12 14:29:38'),
(417, 6, 1, 17, 1, '1+2', 1, 0, 0, 25, '2021-03-12 14:29:40', '2021-03-12 14:29:40'),
(418, 6, 1, 14, 1, '1+2', 1, 0, 0, 25, '2021-03-12 14:29:40', '2021-03-12 14:29:40'),
(419, 6, 1, 10, 1, '3+1', 1, 0, 0, 25, '2021-03-12 14:29:40', '2021-03-12 14:29:40'),
(420, 6, 1, 7, 1, '1+2', 1, 0, 0, 25, '2021-03-12 14:29:40', '2021-03-12 14:29:40'),
(421, 6, 1, 5, 1, '1+1', 1, 0, 0, 25, '2021-03-12 14:29:40', '2021-03-12 14:29:40'),
(422, 6, 1, 2, 1, '2+1', 1, 0, 0, 25, '2021-03-12 14:29:40', '2021-03-12 14:29:40'),
(423, 6, 1, 0, 1, '1+2', 1, 0, 0, 25, '2021-03-12 14:29:42', '2021-03-12 14:29:42'),
(424, 6, 1, 4, 2, '2+2', 0, 0, 0, 25, '2021-03-12 14:29:42', '2021-03-12 14:29:42'),
(425, 7, 1, 4, 1, '1+3', 0, 0, 0, 25, '2021-03-12 14:35:11', '2021-03-12 14:35:11'),
(426, 7, 1, 7, 1, '2+1', 0, 0, 0, 25, '2021-03-12 14:35:15', '2021-03-12 14:35:15'),
(427, 7, 1, 11, 1, '3+1', 0, 0, 0, 25, '2021-03-12 14:35:35', '2021-03-12 14:35:35'),
(428, 7, 1, 15, 1, '1+3', 1, 1, 0, 25, '2021-03-12 14:36:01', '2021-03-12 14:36:20'),
(429, 7, 1, 13, 1, '2+1', 1, 1, 0, 24, '2021-03-12 14:36:20', '2021-03-12 14:36:29'),
(430, 7, 1, 11, 1, '3+1', 1, 1, 0, 22, '2021-03-12 14:36:29', '2021-03-12 14:36:36'),
(431, 7, 1, 10, 1, '1+3', 1, 0, 0, 19, '2021-03-12 14:36:36', '2021-03-12 14:36:36'),
(432, 7, 1, 10, 1, '1+2', 1, 0, 0, 16, '2021-03-12 14:36:41', '2021-03-12 14:36:41'),
(433, 7, 1, 9, 1, '2+2', 1, 0, 0, 13, '2021-03-12 14:36:45', '2021-03-12 14:36:45'),
(434, 7, 1, 6, 1, '3+3', 1, 0, 0, 10, '2021-03-12 14:36:52', '2021-03-12 14:36:52'),
(435, 7, 1, 6, 1, '1+1', 1, 0, 0, 7, '2021-03-12 14:37:02', '2021-03-12 14:37:02'),
(436, 7, 1, 6, 1, '1+2', 1, 0, 0, 4, '2021-03-12 14:37:05', '2021-03-12 14:37:05'),
(437, 7, 1, 5, 1, '3+1', 1, 0, 0, 1, '2021-03-12 14:37:11', '2021-03-12 14:37:11'),
(438, 7, 1, 2, 1, '3+3', 1, 0, 0, -2, '2021-03-12 14:37:19', '2021-03-12 14:37:19'),
(439, 7, 1, 4, 2, '1+3', 0, 0, 0, 25, '2021-03-12 14:37:19', '2021-03-12 14:37:19'),
(440, 7, 1, 9, 2, '2+3', 0, 0, 0, 25, '2021-03-12 15:22:14', '2021-03-12 15:22:14'),
(441, 7, 1, 12, 2, '1+2', 0, 0, 0, 25, '2021-03-12 15:22:40', '2021-03-12 15:22:40'),
(442, 7, 1, 16, 2, '2+2', 0, 1, 0, 25, '2021-03-12 15:22:46', '2021-03-12 15:22:48'),
(443, 7, 1, 19, 2, '2+2', 1, 0, 0, 24, '2021-03-12 15:22:52', '2021-03-12 15:23:07'),
(444, 7, 1, 14, 2, '3+3', 1, 0, 0, 23, '2021-03-12 15:23:09', '2021-03-12 15:23:09'),
(445, 7, 1, 12, 2, '2+1', 1, 0, 0, 22, '2021-03-12 15:23:14', '2021-03-12 15:23:14'),
(446, 7, 1, 9, 2, '2+2', 1, 1, 0, 21, '2021-03-12 15:23:16', '2021-03-12 15:23:23'),
(447, 7, 1, 8, 2, '2+1', 1, 0, 0, 19, '2021-03-12 15:23:23', '2021-03-12 15:23:23'),
(448, 7, 1, 6, 2, '1+3', 1, 0, 0, 17, '2021-03-12 15:23:26', '2021-03-12 15:23:26'),
(449, 7, 1, 3, 2, '3+2', 1, 0, 0, 15, '2021-03-12 15:23:28', '2021-03-12 15:23:28'),
(450, 7, 1, 0, 2, '2+3', 1, 0, 0, 13, '2021-03-12 15:23:30', '2021-03-12 15:23:30'),
(451, 7, 1, 5, 3, '2+3', 0, 0, 0, 25, '2021-03-12 15:23:30', '2021-03-12 15:23:30'),
(452, 7, 1, 10, 3, '2+3', 0, 0, 0, 25, '2021-03-12 15:23:59', '2021-03-12 15:23:59'),
(453, 7, 1, 12, 3, '1+1', 0, 0, 0, 25, '2021-03-12 15:24:02', '2021-03-12 15:24:02'),
(454, 7, 1, 15, 3, '2+1', 0, 1, 0, 25, '2021-03-12 15:24:04', '2021-03-12 15:24:13'),
(455, 7, 1, 16, 3, '1+1', 1, 1, 0, 24, '2021-03-12 15:24:15', '2021-03-12 15:24:21'),
(456, 7, 1, 13, 3, '2+3', 1, 0, 0, 22, '2021-03-12 15:24:21', '2021-03-12 15:24:21'),
(457, 7, 1, 11, 3, '1+3', 1, 0, 0, 20, '2021-03-12 15:24:23', '2021-03-12 15:24:23'),
(458, 7, 1, 7, 3, '3+3', 1, 0, 0, 18, '2021-03-12 15:24:27', '2021-03-12 15:24:27'),
(459, 7, 1, 5, 3, '2+2', 1, 1, 0, 16, '2021-03-12 15:24:30', '2021-03-12 15:24:36'),
(460, 7, 1, 4, 3, '3+1', 1, 0, 0, 13, '2021-03-12 15:24:36', '2021-03-12 15:24:36'),
(461, 7, 1, 3, 3, '1+3', 1, 1, 0, 10, '2021-03-12 15:24:38', '2021-03-12 15:24:45'),
(462, 7, 1, 2, 3, '2+3', 1, 0, 0, 6, '2021-03-12 15:24:45', '2021-03-12 15:24:45'),
(504, 7, 1, 0, 3, '3+2', 1, 0, 0, 6, '2021-03-12 16:05:04', '2021-03-12 16:05:04'),
(505, 7, 1, 5, 4, '2+3', 0, 0, 0, 25, '2021-03-12 16:05:04', '2021-03-12 17:16:23'),
(507, 8, 1, 5, 1, '2+3', 0, 0, 0, 25, '2021-03-14 15:17:10', '2021-03-14 15:17:10'),
(508, 8, 1, 7, 1, '1+1', 0, 0, 0, 25, '2021-03-14 15:17:15', '2021-03-14 15:17:15'),
(509, 8, 1, 9, 1, '1+1', 0, 0, 0, 25, '2021-03-14 15:20:55', '2021-03-14 15:20:55'),
(510, 8, 1, 14, 1, '2+3', 0, 0, 0, 25, '2021-03-14 15:27:40', '2021-03-14 15:27:40'),
(511, 8, 1, 18, 1, '2+2', 1, 1, 0, 25, '2021-03-14 15:43:31', '2021-03-14 15:45:46'),
(512, 8, 1, 14, 1, '2+3', 1, 1, 0, 24, '2021-03-14 15:45:46', '2021-03-14 15:45:48'),
(513, 8, 1, 13, 1, '2+1', 1, 1, 0, 22, '2021-03-14 15:45:48', '2021-03-14 15:45:55'),
(514, 8, 1, 13, 1, '2+1', 1, 0, 0, 19, '2021-03-14 15:45:55', '2021-03-14 15:45:55'),
(515, 8, 1, 12, 1, '2+2', 1, 1, 0, 16, '2021-03-14 15:46:03', '2021-03-14 15:46:06'),
(516, 8, 1, 12, 1, '1+1', 1, 0, 0, 12, '2021-03-14 15:46:06', '2021-03-14 15:46:06'),
(517, 8, 1, 11, 1, '3+2', 1, 0, 0, 8, '2021-03-14 15:46:10', '2021-03-14 15:46:10'),
(518, 8, 1, 10, 1, '3+2', 1, 0, 0, 4, '2021-03-14 15:46:20', '2021-03-14 15:46:20'),
(519, 8, 1, 10, 1, '2+2', 1, 0, 0, 0, '2021-03-14 15:46:33', '2021-03-14 15:46:33'),
(520, 8, 1, 3, 2, '2+1', 0, 0, 0, 25, '2021-03-14 15:46:33', '2021-03-14 15:46:33'),
(521, 8, 1, 7, 2, '3+1', 0, 0, 0, 25, '2021-03-16 16:16:53', '2021-03-16 16:16:53'),
(522, 8, 1, 11, 2, '1+3', 0, 1, 0, 25, '2021-03-16 16:16:54', '2021-03-16 16:16:57'),
(523, 8, 1, 15, 2, '2+3', 1, 1, 0, 24, '2021-03-16 16:16:58', '2021-03-16 16:17:17'),
(524, 8, 1, 11, 2, '3+3', 1, 0, 0, 22, '2021-03-16 16:17:17', '2021-03-16 16:17:17'),
(525, 8, 1, 10, 2, '1+2', 1, 0, 0, 20, '2021-03-16 16:17:23', '2021-03-16 16:17:23'),
(526, 8, 1, 8, 2, '1+3', 1, 0, 0, 18, '2021-03-16 16:17:27', '2021-03-16 16:17:27'),
(527, 8, 1, 6, 2, '3+1', 1, 1, 0, 16, '2021-03-16 16:17:40', '2021-03-16 16:17:43'),
(528, 8, 1, 5, 2, '2+2', 1, 0, 0, 13, '2021-03-16 16:17:43', '2021-03-16 16:17:43'),
(529, 8, 1, 3, 2, '2+3', 1, 0, 0, 10, '2021-03-16 16:17:44', '2021-03-16 16:17:44'),
(530, 8, 1, 2, 2, '3+1', 1, 0, 0, 7, '2021-03-16 16:17:46', '2021-03-16 16:17:46'),
(531, 8, 1, 2, 2, '2+1', 1, 0, 0, 4, '2021-03-16 16:17:48', '2021-03-16 16:17:48'),
(532, 8, 1, 2, 2, '2+1', 1, 0, 0, 1, '2021-03-16 16:17:50', '2021-03-16 16:17:50'),
(535, 8, 1, 0, 2, '3+3', 1, 0, 0, 1, '2021-03-16 16:48:13', '2021-03-16 16:48:13'),
(536, 8, 1, 3, 3, '2+1', 0, 0, 0, 25, '2021-03-16 16:48:13', '2021-03-16 16:48:13'),
(537, 8, 1, 5, 3, '1+1', 0, 0, 0, 25, '2021-03-16 16:48:31', '2021-03-16 16:48:31'),
(538, 8, 1, 10, 3, '3+2', 0, 0, 0, 25, '2021-03-16 16:48:40', '2021-03-16 16:48:40'),
(539, 8, 1, 13, 3, '2+1', 1, 1, 0, 25, '2021-03-16 16:48:43', '2021-03-16 16:48:48'),
(540, 8, 1, 9, 3, '2+3', 1, 0, 0, 24, '2021-03-16 16:48:48', '2021-03-16 16:48:48'),
(541, 8, 1, 6, 3, '2+2', 1, 1, 0, 23, '2021-03-16 16:48:52', '2021-03-16 16:48:54'),
(542, 8, 1, 6, 3, '1+1', 1, 0, 0, 21, '2021-03-16 16:48:54', '2021-03-16 16:48:54'),
(543, 8, 1, 5, 3, '2+1', 1, 1, 0, 19, '2021-03-16 16:48:57', '2021-03-16 16:48:59'),
(544, 8, 1, 4, 3, '2+2', 1, 0, 0, 16, '2021-03-16 16:48:59', '2021-03-16 16:48:59'),
(545, 8, 1, 3, 3, '2+2', 1, 0, 0, 13, '2021-03-16 16:49:02', '2021-03-16 16:49:02'),
(546, 8, 1, 3, 3, '2+1', 1, 0, 0, 10, '2021-03-16 16:49:04', '2021-03-16 16:49:04'),
(547, 8, 1, 1, 3, '3+2', 1, 1, 0, 7, '2021-03-16 16:49:06', '2021-03-16 16:49:09'),
(548, 8, 1, 0, 3, '3+2', 1, 0, 0, 3, '2021-03-16 16:49:09', '2021-03-16 16:49:09'),
(549, 8, 1, 2, 4, '1+1', 0, 0, 0, 25, '2021-03-16 16:49:09', '2021-03-16 16:49:09'),
(550, 9, 1, 4, 1, '2+2', 0, 0, 0, 25, '2021-03-18 15:47:32', '2021-03-18 15:47:32'),
(551, 9, 1, 7, 1, '2+1', 0, 1, 0, 25, '2021-03-18 18:19:09', '2021-03-18 18:19:11'),
(552, 9, 1, 12, 1, '3+3', 1, 1, 0, 24, '2021-03-18 19:44:00', '2021-03-18 19:46:28'),
(553, 9, 1, 11, 1, '1+2', 1, 0, 0, 22, '2021-03-18 19:46:28', '2021-03-18 19:46:28'),
(554, 9, 1, 8, 1, '3+2', 1, 0, 0, 20, '2021-03-18 19:51:13', '2021-03-18 19:51:13'),
(555, 9, 1, 6, 1, '3+1', 1, 0, 0, 18, '2021-03-20 10:59:09', '2021-03-20 10:59:09'),
(556, 9, 1, 4, 1, '2+2', 1, 0, 0, 16, '2021-03-20 10:59:13', '2021-03-20 10:59:13'),
(557, 9, 1, 0, 1, '3+3', 1, 0, 0, 14, '2021-03-20 10:59:17', '2021-03-20 10:59:17'),
(558, 9, 1, 5, 2, '2+3', 0, 0, 0, 25, '2021-03-20 10:59:17', '2021-03-20 10:59:17'),
(559, 9, 1, 7, 2, '1+1', 0, 0, 0, 25, '2021-03-20 11:15:44', '2021-03-20 11:15:44'),
(560, 9, 1, 13, 2, '3+3', 0, 1, 0, 25, '2021-03-20 11:15:47', '2021-03-20 11:15:50'),
(561, 9, 1, 16, 2, '1+3', 1, 1, 0, 24, '2021-03-20 16:56:02', '2021-03-20 16:56:13'),
(562, 9, 1, 14, 2, '2+2', 1, 0, 0, 22, '2021-03-20 16:56:13', '2021-03-20 16:56:13'),
(563, 9, 1, 13, 2, '1+2', 1, 0, 0, 20, '2021-03-20 16:56:18', '2021-03-20 16:56:18'),
(564, 9, 1, 13, 2, '1+1', 1, 0, 0, 18, '2021-03-20 16:56:22', '2021-03-20 16:56:22'),
(565, 9, 1, 10, 2, '3+2', 1, 0, 0, 16, '2021-03-20 16:56:28', '2021-03-20 16:56:28'),
(566, 9, 1, 7, 2, '2+3', 1, 0, 0, 14, '2021-03-20 16:56:32', '2021-03-20 16:56:32'),
(567, 9, 1, 4, 2, '3+2', 1, 1, 0, 12, '2021-03-20 16:56:35', '2021-03-20 16:56:40'),
(568, 9, 1, 2, 2, '3+2', 1, 1, 0, 9, '2021-03-20 16:56:40', '2021-03-20 16:56:43'),
(569, 9, 1, 1, 2, '3+2', 1, 1, 0, 5, '2021-03-20 16:56:43', '2021-03-20 16:56:47'),
(570, 9, 1, 1, 2, '2+3', 1, 0, 0, 0, '2021-03-20 16:56:47', '2021-03-20 16:56:47'),
(571, 9, 1, 3, 3, '1+2', 0, 0, 0, 25, '2021-03-20 16:56:47', '2021-03-20 16:56:47'),
(572, 9, 1, 7, 3, '3+1', 0, 0, 0, 25, '2021-03-20 17:01:02', '2021-03-20 17:01:02'),
(573, 9, 1, 12, 3, '2+3', 1, 1, 0, 25, '2021-03-20 17:01:05', '2021-03-20 17:01:10'),
(574, 9, 1, 10, 3, '2+1', 1, 0, 0, 24, '2021-03-20 17:01:10', '2021-03-20 17:01:10'),
(575, 10, 1, 3, 1, '2+1', 0, 0, 0, 25, '2021-03-20 17:46:49', '2021-03-20 17:46:49'),
(576, 10, 3, 6, 1, '2+3', 0, 0, 0, 25, '2021-03-20 17:50:50', '2021-03-20 17:50:50'),
(577, 10, 1, 7, 1, '1+2', 0, 1, 0, 25, '2021-03-20 17:51:04', '2021-03-20 18:00:03'),
(578, 10, 3, 11, 1, '1+3', 0, 1, 0, 24, '2021-03-20 18:02:10', '2021-03-20 18:03:11'),
(579, 10, 1, 9, 1, '2+1', 1, 1, 0, 23, '2021-03-20 18:03:27', '2021-03-20 18:05:07'),
(580, 10, 3, 15, 1, '3+2', 1, 1, 0, 21, '2021-03-20 18:05:07', '2021-03-20 18:07:03'),
(581, 10, 1, 8, 1, '2+1', 1, 0, 0, 19, '2021-03-20 18:07:03', '2021-03-20 18:07:03'),
(582, 10, 3, 12, 1, '3+2', 1, 0, 0, 17, '2021-03-20 18:07:19', '2021-03-20 18:07:19'),
(583, 10, 1, 5, 1, '3+2', 1, 0, 0, 15, '2021-03-20 18:07:27', '2021-03-20 18:07:27'),
(584, 10, 3, 9, 1, '3+2', 1, 0, 0, 13, '2021-03-20 18:07:48', '2021-03-20 18:07:48'),
(585, 10, 1, 2, 1, '3+2', 1, 1, 0, 11, '2021-03-20 18:07:58', '2021-03-20 18:08:06'),
(586, 10, 3, 5, 1, '3+3', 1, 0, 0, 8, '2021-03-20 18:08:06', '2021-03-20 18:08:06'),
(595, 10, 1, 0, 1, '3+2', 1, 0, 0, 6, '2021-03-21 10:33:37', '2021-03-21 10:33:37'),
(596, 10, 3, 2, 1, '3+2', 1, 0, 0, 3, '2021-03-21 10:33:37', '2021-03-21 10:33:37'),
(597, 10, 3, 0, 1, '2+3', 1, 0, 0, 1, '2021-03-21 10:50:54', '2021-03-21 10:50:54'),
(598, 10, 3, 4, 2, '2+2', 0, 0, 0, 25, '2021-03-21 10:50:54', '2021-03-21 10:50:54'),
(599, 9, 1, 9, 3, '1+1', 1, 1, 0, 23, '2021-03-21 11:25:02', '2021-03-21 11:25:04'),
(600, 9, 1, 7, 3, '1+3', 1, 0, 0, 21, '2021-03-21 11:25:05', '2021-03-21 11:25:05'),
(601, 10, 1, 5, 2, '2+2', 0, 0, 0, 25, '2021-03-21 12:02:50', '2021-03-21 12:02:50'),
(602, 10, 3, 8, 2, '1+2', 0, 0, 0, 25, '2021-03-21 12:02:54', '2021-03-21 12:02:54'),
(603, 10, 1, 11, 2, '2+3', 0, 0, 0, 25, '2021-03-21 12:02:59', '2021-03-21 12:02:59'),
(604, 10, 3, 13, 2, '1+3', 1, 1, 0, 25, '2021-03-21 12:03:02', '2021-03-21 12:03:12'),
(605, 10, 1, 16, 2, '2+2', 1, 0, 0, 24, '2021-03-21 12:03:12', '2021-03-21 12:07:12'),
(606, 10, 3, 9, 2, '2+3', 1, 1, 0, 24, '2021-03-21 12:07:16', '2021-03-21 12:07:25'),
(607, 10, 1, 11, 2, '2+3', 1, 0, 0, 22, '2021-03-21 12:07:25', '2021-03-21 12:07:25'),
(608, 11, 1, 5, 1, '3+2', 0, 0, 0, 25, '2021-03-24 15:50:04', '2021-03-24 15:50:04'),
(609, 12, 3, 3, 1, '1+2', 0, 0, 0, 25, '2021-03-24 15:51:46', '2021-03-24 15:51:46');

-- --------------------------------------------------------

--
-- Table structure for table `fo_cars`
--

DROP TABLE IF EXISTS `fo_cars`;
CREATE TABLE IF NOT EXISTS `fo_cars` (
  `id` int(11) NOT NULL AUTO_INCREMENT,
  `game_id` int(11) NOT NULL,
  `user_id` int(11) NOT NULL,
  `fo_position_id` int(11) NOT NULL,
  `gear` int(11) NOT NULL COMMENT '1-6 - actual gear\r\n-1 - start\r\n0 - is used if for any reason next turn needs to be in 1st gear',
  `created` datetime NOT NULL DEFAULT CURRENT_TIMESTAMP,
  `modified` datetime NOT NULL DEFAULT CURRENT_TIMESTAMP ON UPDATE CURRENT_TIMESTAMP,
  PRIMARY KEY (`id`),
  KEY `game_id` (`game_id`),
  KEY `user_id` (`user_id`),
  KEY `fo_position_id` (`fo_position_id`)
) ENGINE=InnoDB DEFAULT CHARSET=utf8 COLLATE=utf8_bin;

-- --------------------------------------------------------

--
-- Table structure for table `fo_curves`
--

DROP TABLE IF EXISTS `fo_curves`;
CREATE TABLE IF NOT EXISTS `fo_curves` (
  `id` int(11) NOT NULL AUTO_INCREMENT,
  `fo_track_id` int(11) NOT NULL,
  `fo_next_curve_id` int(11) DEFAULT NULL,
  `stops` int(11) NOT NULL,
  `name` varchar(20) COLLATE utf8_bin DEFAULT NULL,
  PRIMARY KEY (`id`),
  KEY `track_id` (`fo_track_id`),
  KEY `next_curve_id` (`fo_next_curve_id`)
) ENGINE=InnoDB AUTO_INCREMENT=11 DEFAULT CHARSET=utf8 COLLATE=utf8_bin;

--
-- Dumping data for table `fo_curves`
--

INSERT INTO `fo_curves` (`id`, `fo_track_id`, `fo_next_curve_id`, `stops`, `name`) VALUES
(1, 1, 2, 1, 'Sainte Devote'),
(2, 1, 3, 1, '#second'),
(3, 1, 4, 1, 'Casino'),
(4, 1, 5, 1, 'Mirabeau'),
(5, 1, 6, 3, 'Loews'),
(6, 1, 7, 1, 'Chicane'),
(7, 1, 8, 1, 'Bureau de Tabac'),
(8, 1, 9, 2, 'S de la Piscine'),
(9, 1, 10, 2, 'La Rascasse'),
(10, 1, 1, 1, 'Anthony Hoghes');

-- --------------------------------------------------------

--
-- Table structure for table `fo_damages`
--

DROP TABLE IF EXISTS `fo_damages`;
CREATE TABLE IF NOT EXISTS `fo_damages` (
  `id` int(11) NOT NULL AUTO_INCREMENT,
  `fo_car_id` int(11) NOT NULL,
  `fo_move_option_id` int(11) NOT NULL,
  `fo_log_id` int(11) NOT NULL,
  `wear_points` int(11) NOT NULL,
  `fo_e_damage_type_id` int(11) NOT NULL,
  `created` datetime NOT NULL DEFAULT CURRENT_TIMESTAMP,
  `modified` datetime NOT NULL DEFAULT CURRENT_TIMESTAMP ON UPDATE CURRENT_TIMESTAMP,
  PRIMARY KEY (`id`),
  KEY `fo_car_id` (`fo_car_id`),
  KEY `fo_move_option_id` (`fo_move_option_id`),
  KEY `fo_history_id` (`fo_log_id`),
  KEY `fo_e_damage_type_id` (`fo_e_damage_type_id`),
  KEY `created` (`created`),
  KEY `modified` (`modified`)
) ENGINE=InnoDB DEFAULT CHARSET=utf8 COLLATE=utf8_bin;

-- --------------------------------------------------------

--
-- Table structure for table `fo_debris`
--

DROP TABLE IF EXISTS `fo_debris`;
CREATE TABLE IF NOT EXISTS `fo_debris` (
  `id` int(11) NOT NULL AUTO_INCREMENT,
  `game_id` int(11) NOT NULL,
  `fo_position_id` int(11) NOT NULL,
  `created` datetime NOT NULL DEFAULT CURRENT_TIMESTAMP,
  `modified` datetime NOT NULL DEFAULT CURRENT_TIMESTAMP ON UPDATE CURRENT_TIMESTAMP,
  PRIMARY KEY (`id`),
  KEY `fo_position_id` (`fo_position_id`),
  KEY `game_id` (`game_id`),
  KEY `created` (`created`),
  KEY `modified` (`modified`)
) ENGINE=InnoDB DEFAULT CHARSET=utf8 COLLATE=utf8_bin;

-- --------------------------------------------------------

--
-- Table structure for table `fo_e_damage_types`
--

DROP TABLE IF EXISTS `fo_e_damage_types`;
CREATE TABLE IF NOT EXISTS `fo_e_damage_types` (
  `id` int(11) NOT NULL AUTO_INCREMENT,
  `name` varchar(10) COLLATE utf8_bin NOT NULL,
  PRIMARY KEY (`id`)
) ENGINE=InnoDB DEFAULT CHARSET=utf8 COLLATE=utf8_bin;

-- --------------------------------------------------------

--
-- Table structure for table `fo_games`
--

DROP TABLE IF EXISTS `fo_games`;
CREATE TABLE IF NOT EXISTS `fo_games` (
  `id` int(11) NOT NULL AUTO_INCREMENT,
  `game_id` int(11) NOT NULL,
  `fo_track_id` int(11) NOT NULL,
  `created` datetime NOT NULL DEFAULT CURRENT_TIMESTAMP,
  PRIMARY KEY (`id`),
  UNIQUE KEY `game_id` (`game_id`),
  KEY `track_id` (`fo_track_id`)
) ENGINE=InnoDB DEFAULT CHARSET=utf8 COLLATE=utf8_bin;

-- --------------------------------------------------------

--
-- Table structure for table `fo_logs`
--

DROP TABLE IF EXISTS `fo_logs`;
CREATE TABLE IF NOT EXISTS `fo_logs` (
  `id` int(11) NOT NULL AUTO_INCREMENT,
  `fo_car_id` int(11) NOT NULL,
  `fo_position_id` int(11) DEFAULT NULL,
  `gear` int(11) DEFAULT NULL,
  `roll` int(11) DEFAULT NULL,
  `ranking` int(11) DEFAULT NULL,
  `type` char(1) COLLATE utf8_bin NOT NULL COMMENT 'I - initial\r\nM - move\r\nD - damage\r\nR - repair\r\nF - finish',
  PRIMARY KEY (`id`),
  KEY `fo_car_id` (`fo_car_id`),
  KEY `fo_position_id` (`fo_position_id`)
) ENGINE=InnoDB DEFAULT CHARSET=utf8 COLLATE=utf8_bin;

-- --------------------------------------------------------

--
-- Table structure for table `fo_move_options`
--

DROP TABLE IF EXISTS `fo_move_options`;
CREATE TABLE IF NOT EXISTS `fo_move_options` (
  `id` int(11) NOT NULL AUTO_INCREMENT,
  `fo_car_id` int(11) NOT NULL,
  `fo_position_id` int(11) NOT NULL,
  PRIMARY KEY (`id`),
  KEY `fo_car_id` (`fo_car_id`),
  KEY `fo_position_id` (`fo_position_id`)
) ENGINE=InnoDB DEFAULT CHARSET=utf8 COLLATE=utf8_bin;

-- --------------------------------------------------------

--
-- Table structure for table `fo_position2positions`
--

DROP TABLE IF EXISTS `fo_position2positions`;
CREATE TABLE IF NOT EXISTS `fo_position2positions` (
  `id` int(11) NOT NULL AUTO_INCREMENT,
  `position_from_id` int(11) NOT NULL,
  `position_to_id` int(11) NOT NULL,
  `is_left` tinyint(1) NOT NULL DEFAULT '0',
  `is_straight` tinyint(1) NOT NULL DEFAULT '0',
  `is_right` tinyint(1) NOT NULL DEFAULT '0',
  `is_curve` tinyint(1) NOT NULL DEFAULT '0',
  `is_equal_distance` tinyint(1) NOT NULL DEFAULT '0',
  PRIMARY KEY (`id`),
  KEY `position_from_id` (`position_from_id`),
  KEY `position_to_id` (`position_to_id`)
) ENGINE=InnoDB DEFAULT CHARSET=utf8 COLLATE=utf8_bin;

-- --------------------------------------------------------

--
-- Table structure for table `fo_positions`
--

DROP TABLE IF EXISTS `fo_positions`;
CREATE TABLE IF NOT EXISTS `fo_positions` (
  `id` int(11) NOT NULL AUTO_INCREMENT,
  `fo_track_id` int(11) NOT NULL,
  `order` int(11) NOT NULL,
  `fo_curve_id` int(11) DEFAULT NULL,
  `is_finish` tinyint(1) NOT NULL DEFAULT '0',
  `starting_position` int(11) DEFAULT NULL COMMENT 'NULL - not a starting position\r\nnumber - particular starting position',
  `pos_x` int(11) NOT NULL COMMENT 'per 100000 width',
  `pos_y` int(11) NOT NULL COMMENT 'per 100000 height',
  PRIMARY KEY (`id`),
  UNIQUE KEY `starting_position` (`fo_track_id`,`starting_position`) USING BTREE,
  KEY `fo_track_id` (`fo_track_id`) USING BTREE,
  KEY `fo_curve_id` (`fo_curve_id`) USING BTREE,
  KEY `order` (`order`)
) ENGINE=InnoDB AUTO_INCREMENT=567 DEFAULT CHARSET=utf8 COLLATE=utf8_bin;

--
-- Dumping data for table `fo_positions`
--

INSERT INTO `fo_positions` (`id`, `fo_track_id`, `order`, `fo_curve_id`, `is_finish`, `starting_position`, `pos_x`, `pos_y`) VALUES
(52, 1, 1, NULL, 0, NULL, 11633, 30450),
(53, 1, 2, NULL, 0, NULL, 13367, 32350),
(54, 1, 3, NULL, 0, NULL, 13133, 30250),
(55, 1, 4, NULL, 0, NULL, 12933, 28050),
(56, 1, 5, NULL, 0, NULL, 14633, 30200),
(57, 1, 6, NULL, 0, NULL, 14433, 28000),
(58, 1, 7, NULL, 0, NULL, 14267, 25800),
(59, 1, 8, NULL, 0, NULL, 15933, 27950),
(60, 1, 9, NULL, 0, NULL, 15733, 25800),
(61, 1, 10, NULL, 0, NULL, 15567, 23650),
(62, 1, 11, NULL, 0, NULL, 17200, 25950),
(63, 1, 12, NULL, 0, NULL, 17033, 23700),
(64, 1, 13, NULL, 0, NULL, 18467, 23800),
(65, 1, 14, 1, 0, NULL, 16900, 21550),
(66, 1, 15, 1, 0, NULL, 18400, 21550),
(67, 1, 16, 1, 0, NULL, 18100, 19450),
(68, 1, 17, 1, 0, NULL, 19767, 21550),
(69, 1, 18, 1, 0, NULL, 19633, 19500),
(70, 1, 19, 1, 0, NULL, 19500, 17650),
(71, 1, 20, 1, 0, NULL, 21067, 16600),
(72, 1, 21, 1, 0, NULL, 21267, 18250),
(73, 1, 22, 1, 0, NULL, 21500, 19800),
(74, 1, 23, 1, 0, NULL, 22900, 16500),
(75, 1, 24, 1, 0, NULL, 23300, 18250),
(76, 1, 25, 1, 0, NULL, 24567, 17050),
(77, 1, 26, 1, 0, NULL, 23533, 19950),
(78, 1, 27, 1, 0, NULL, 25000, 19100),
(79, 1, 28, 1, 0, NULL, 26300, 18250),
(80, 1, 29, NULL, 0, NULL, 25333, 21200),
(81, 1, 30, NULL, 0, NULL, 26600, 20300),
(82, 1, 31, NULL, 0, NULL, 26933, 22350),
(83, 1, 32, NULL, 0, NULL, 27900, 19500),
(84, 1, 33, NULL, 0, NULL, 28233, 21600),
(85, 1, 34, NULL, 0, NULL, 28633, 23850),
(86, 1, 35, NULL, 0, NULL, 29567, 20800),
(87, 1, 36, NULL, 0, NULL, 29900, 22900),
(88, 1, 37, NULL, 0, NULL, 30167, 24950),
(89, 1, 38, NULL, 0, NULL, 31233, 22050),
(90, 1, 39, NULL, 0, NULL, 31500, 23950),
(91, 1, 40, NULL, 0, NULL, 31800, 26200),
(92, 1, 41, NULL, 0, NULL, 32800, 23350),
(93, 1, 42, NULL, 0, NULL, 33033, 25300),
(94, 1, 43, NULL, 0, NULL, 33533, 27200),
(95, 1, 44, NULL, 0, NULL, 34267, 24100),
(96, 1, 45, NULL, 0, NULL, 34733, 26100),
(97, 1, 46, NULL, 0, NULL, 35367, 28100),
(98, 1, 47, NULL, 0, NULL, 35767, 24850),
(99, 1, 48, NULL, 0, NULL, 36367, 26700),
(100, 1, 49, NULL, 0, NULL, 37100, 28500),
(101, 1, 50, NULL, 0, NULL, 37433, 25300),
(102, 1, 51, NULL, 0, NULL, 38133, 27000),
(103, 1, 52, NULL, 0, NULL, 38900, 28850),
(104, 1, 53, NULL, 0, NULL, 39067, 25500),
(105, 1, 54, NULL, 0, NULL, 39833, 27150),
(106, 1, 55, NULL, 0, NULL, 40733, 28900),
(107, 1, 56, NULL, 0, NULL, 40800, 25650),
(108, 1, 57, NULL, 0, NULL, 41700, 27250),
(109, 1, 58, NULL, 0, NULL, 42533, 29050),
(110, 1, 59, NULL, 0, NULL, 42733, 25850),
(111, 1, 60, NULL, 0, NULL, 43567, 27500),
(112, 1, 61, NULL, 0, NULL, 44333, 29350),
(113, 1, 62, NULL, 0, NULL, 44667, 26000),
(114, 1, 63, NULL, 0, NULL, 45400, 27900),
(115, 1, 64, NULL, 0, NULL, 45933, 29850),
(116, 1, 65, NULL, 0, NULL, 46467, 26700),
(117, 1, 66, NULL, 0, NULL, 47167, 28700),
(118, 1, 67, NULL, 0, NULL, 47567, 30800),
(119, 1, 68, NULL, 0, NULL, 48400, 27700),
(120, 1, 69, NULL, 0, NULL, 48833, 29700),
(121, 1, 70, NULL, 0, NULL, 49300, 31900),
(122, 1, 71, NULL, 0, NULL, 50167, 29050),
(123, 1, 72, NULL, 0, NULL, 50600, 31050),
(124, 1, 73, NULL, 0, NULL, 50967, 33150),
(125, 1, 74, NULL, 0, NULL, 51833, 30250),
(126, 1, 75, NULL, 0, NULL, 52267, 32250),
(127, 1, 76, NULL, 0, NULL, 52700, 34400),
(128, 1, 77, NULL, 0, NULL, 53567, 31450),
(129, 1, 78, NULL, 0, NULL, 54033, 33450),
(130, 1, 79, NULL, 0, NULL, 54467, 35600),
(131, 1, 80, NULL, 0, NULL, 55333, 32700),
(132, 1, 81, NULL, 0, NULL, 55633, 34650),
(133, 1, 82, NULL, 0, NULL, 56967, 33850),
(134, 1, 83, 2, 0, NULL, 56067, 36850),
(135, 1, 84, 2, 0, NULL, 57333, 35850),
(136, 1, 85, 2, 0, NULL, 57900, 37750),
(137, 1, 86, 2, 0, NULL, 59067, 36500),
(138, 1, 87, 2, 0, NULL, 59600, 38100),
(139, 1, 88, 2, 0, NULL, 59067, 34850),
(140, 1, 89, 2, 0, NULL, 60800, 36150),
(141, 1, 90, 2, 0, NULL, 61367, 37650),
(142, 1, 91, 2, 0, NULL, 61000, 34450),
(143, 1, 92, 2, 0, NULL, 62933, 36700),
(144, 1, 93, 2, 0, NULL, 62433, 35200),
(145, 1, 94, 2, 0, NULL, 64433, 35050),
(146, 1, 95, 2, 0, NULL, 62767, 33050),
(147, 1, 96, 2, 0, NULL, 63933, 33650),
(148, 1, 97, 2, 0, NULL, 65633, 33000),
(149, 1, 98, 2, 0, NULL, 64933, 31400),
(150, 1, 99, 2, 0, NULL, 64067, 30600),
(151, 1, 100, 2, 0, NULL, 66300, 30550),
(152, 1, 101, 2, 0, NULL, 65433, 29100),
(153, 1, 102, 2, 0, NULL, 66567, 27700),
(154, 1, 103, 2, 0, NULL, 64400, 27900),
(155, 1, 104, 2, 0, NULL, 65467, 26600),
(156, 1, 105, 2, 0, NULL, 66533, 24950),
(157, 1, 106, NULL, 0, NULL, 64367, 25250),
(158, 1, 107, NULL, 0, NULL, 65400, 23750),
(159, 1, 108, NULL, 0, NULL, 64133, 22600),
(160, 1, 109, NULL, 0, NULL, 66367, 22200),
(161, 1, 110, NULL, 0, NULL, 65133, 21050),
(162, 1, 111, NULL, 0, NULL, 66133, 19400),
(163, 1, 112, 3, 0, NULL, 63900, 19800),
(164, 1, 113, 3, 0, NULL, 65033, 18150),
(165, 1, 114, 3, 0, NULL, 63800, 16700),
(166, 1, 115, 3, 0, NULL, 65967, 16250),
(167, 1, 116, 3, 0, NULL, 64967, 15250),
(168, 1, 117, 3, 0, NULL, 64000, 14000),
(169, 1, 118, 3, 0, NULL, 64800, 11750),
(170, 1, 119, 3, 0, NULL, 65833, 12450),
(171, 1, 120, 3, 0, NULL, 66333, 10050),
(172, 1, 121, 3, 0, NULL, 66800, 13400),
(173, 1, 122, 3, 0, NULL, 67500, 11100),
(174, 1, 123, 3, 0, NULL, 68067, 9250),
(175, 1, 124, NULL, 0, NULL, 68667, 12450),
(176, 1, 125, NULL, 0, NULL, 69233, 10600),
(177, 1, 126, NULL, 0, NULL, 69867, 8750),
(178, 1, 127, NULL, 0, NULL, 70333, 11950),
(179, 1, 128, NULL, 0, NULL, 70933, 10050),
(180, 1, 129, NULL, 0, NULL, 71567, 8250),
(181, 1, 130, NULL, 0, NULL, 72000, 11500),
(182, 1, 131, NULL, 0, NULL, 72733, 9650),
(183, 1, 132, NULL, 0, NULL, 73367, 7700),
(184, 1, 133, NULL, 0, NULL, 73800, 10900),
(185, 1, 134, NULL, 0, NULL, 74467, 9000),
(186, 1, 135, NULL, 0, NULL, 75100, 7150),
(187, 1, 136, NULL, 0, NULL, 75600, 10450),
(188, 1, 137, NULL, 0, NULL, 76333, 8600),
(189, 1, 138, NULL, 0, NULL, 76900, 6650),
(190, 1, 139, NULL, 0, NULL, 77300, 9950),
(191, 1, 140, NULL, 0, NULL, 78000, 8150),
(192, 1, 141, NULL, 0, NULL, 78667, 6250),
(193, 1, 142, NULL, 0, NULL, 79067, 9500),
(194, 1, 143, NULL, 0, NULL, 79800, 7600),
(195, 1, 144, NULL, 0, NULL, 80400, 5750),
(196, 1, 145, NULL, 0, NULL, 80867, 9050),
(197, 1, 146, NULL, 0, NULL, 81500, 7100),
(198, 1, 147, NULL, 0, NULL, 82600, 8500),
(199, 1, 148, 4, 0, NULL, 82267, 5300),
(200, 1, 149, 4, 0, NULL, 83333, 6750),
(201, 1, 150, 4, 0, NULL, 84133, 4900),
(202, 1, 151, 4, 0, NULL, 85233, 6850),
(203, 1, 152, 4, 0, NULL, 86100, 5800),
(204, 1, 153, 4, 0, NULL, 84567, 8200),
(205, 1, 154, 4, 0, NULL, 87467, 8150),
(206, 1, 155, 4, 0, NULL, 86467, 8900),
(207, 1, 156, 4, 0, NULL, 87667, 10950),
(208, 1, 157, 4, 0, NULL, 85500, 10250),
(209, 1, 158, 4, 0, NULL, 86367, 11700),
(210, 1, 159, 4, 0, NULL, 87000, 13550),
(211, 1, 160, NULL, 0, NULL, 84767, 12900),
(212, 1, 161, NULL, 0, NULL, 85467, 14550),
(213, 1, 162, NULL, 0, NULL, 84133, 15600),
(214, 1, 163, NULL, 0, NULL, 86367, 16200),
(215, 1, 164, NULL, 0, NULL, 85133, 17600),
(216, 1, 165, NULL, 0, NULL, 83967, 18550),
(217, 1, 166, NULL, 0, NULL, 86133, 18950),
(218, 1, 167, NULL, 0, NULL, 84833, 20200),
(219, 1, 168, NULL, 0, NULL, 85767, 21650),
(220, 1, 169, 5, 0, NULL, 83633, 21200),
(221, 1, 170, 5, 0, NULL, 84567, 23150),
(222, 1, 171, 5, 0, NULL, 83600, 24350),
(223, 1, 172, 5, 0, NULL, 84533, 26500),
(224, 1, 173, 5, 0, NULL, 85400, 25450),
(225, 1, 174, 5, 0, NULL, 86133, 27650),
(226, 1, 175, 5, 0, NULL, 87833, 27300),
(227, 1, 176, 5, 0, NULL, 87400, 25700),
(228, 1, 177, 5, 0, NULL, 89267, 24950),
(229, 1, 178, 5, 0, NULL, 86700, 24400),
(230, 1, 179, 5, 0, NULL, 88500, 23200),
(231, 1, 180, 5, 0, NULL, 87600, 21450),
(232, 1, 181, 5, 0, NULL, 89700, 21950),
(233, 1, 182, 5, 0, NULL, 88767, 20300),
(234, 1, 183, 5, 0, NULL, 87767, 18700),
(235, 1, 184, 5, 0, NULL, 89867, 19250),
(236, 1, 185, 5, 0, NULL, 88967, 17300),
(237, 1, 186, 5, 0, NULL, 88367, 15700),
(238, 1, 187, 5, 0, NULL, 89867, 13750),
(239, 1, 188, 5, 0, NULL, 90167, 15250),
(240, 1, 189, 5, 0, NULL, 91900, 13650),
(241, 1, 190, 5, 0, NULL, 90733, 16750),
(242, 1, 191, 5, 0, NULL, 92167, 15550),
(243, 1, 192, 5, 0, NULL, 93633, 14900),
(244, 1, 193, 5, 0, NULL, 92500, 17750),
(245, 1, 194, 5, 0, NULL, 93833, 17050),
(246, 1, 195, 5, 0, NULL, 95100, 16400),
(247, 1, 196, 5, 0, NULL, 94067, 19250),
(248, 1, 197, 5, 0, NULL, 95367, 18550),
(249, 1, 198, 5, 0, NULL, 96700, 18150),
(250, 1, 199, 5, 0, NULL, 97400, 20550),
(251, 1, 200, 5, 0, NULL, 96467, 21050),
(252, 1, 201, 5, 0, NULL, 97233, 23300),
(253, 1, 202, 5, 0, NULL, 95333, 21250),
(254, 1, 203, 5, 0, NULL, 95833, 23750),
(255, 1, 204, 5, 0, NULL, 96333, 25650),
(256, 1, 205, NULL, 0, NULL, 94467, 24100),
(257, 1, 206, NULL, 0, NULL, 94933, 26100),
(258, 1, 207, NULL, 0, NULL, 93533, 26500),
(259, 1, 208, NULL, 0, NULL, 95400, 28200),
(260, 1, 209, NULL, 0, NULL, 94033, 28600),
(261, 1, 210, NULL, 0, NULL, 92567, 29000),
(262, 1, 211, NULL, 0, NULL, 94400, 30650),
(263, 1, 212, NULL, 0, NULL, 93067, 31100),
(264, 1, 213, NULL, 0, NULL, 91600, 31500),
(265, 1, 214, NULL, 0, NULL, 93433, 33200),
(266, 1, 215, NULL, 0, NULL, 92000, 33550),
(267, 1, 216, NULL, 0, NULL, 90567, 33650),
(268, 1, 217, NULL, 0, NULL, 92333, 35600),
(269, 1, 218, NULL, 0, NULL, 90867, 35800),
(270, 1, 219, NULL, 0, NULL, 89400, 35850),
(271, 1, 220, NULL, 0, NULL, 91133, 38000),
(272, 1, 221, NULL, 0, NULL, 89667, 38000),
(273, 1, 222, NULL, 0, NULL, 88300, 37850),
(274, 1, 223, NULL, 0, NULL, 89767, 40050),
(275, 1, 224, NULL, 0, NULL, 88333, 40050),
(276, 1, 225, NULL, 0, NULL, 86933, 39700),
(277, 1, 226, NULL, 0, NULL, 88400, 42200),
(278, 1, 227, NULL, 0, NULL, 86833, 42000),
(279, 1, 228, NULL, 0, NULL, 85400, 41700),
(280, 1, 229, NULL, 0, NULL, 86867, 44050),
(281, 1, 230, NULL, 0, NULL, 85367, 43800),
(282, 1, 231, NULL, 0, NULL, 83933, 43350),
(283, 1, 232, NULL, 0, NULL, 85400, 45900),
(284, 1, 233, NULL, 0, NULL, 83733, 45450),
(285, 1, 234, NULL, 0, NULL, 82433, 44800),
(286, 1, 235, NULL, 0, NULL, 83633, 47650),
(287, 1, 236, NULL, 0, NULL, 82133, 46950),
(288, 1, 237, NULL, 0, NULL, 80800, 46250),
(289, 1, 238, NULL, 0, NULL, 81900, 49000),
(290, 1, 239, NULL, 0, NULL, 80567, 48300),
(291, 1, 240, NULL, 0, NULL, 79267, 47500),
(292, 1, 241, NULL, 0, NULL, 80100, 50350),
(293, 1, 242, NULL, 0, NULL, 78800, 49450),
(294, 1, 243, NULL, 0, NULL, 77633, 48350),
(295, 1, 244, NULL, 0, NULL, 78233, 51400),
(296, 1, 245, NULL, 0, NULL, 77000, 50300),
(297, 1, 246, NULL, 0, NULL, 75733, 49200),
(298, 1, 247, NULL, 0, NULL, 76300, 52250),
(299, 1, 248, NULL, 0, NULL, 75133, 51100),
(300, 1, 249, NULL, 0, NULL, 74000, 49850),
(301, 1, 250, NULL, 0, NULL, 74400, 52950),
(302, 1, 251, NULL, 0, NULL, 73200, 51650),
(303, 1, 252, NULL, 0, NULL, 72200, 50250),
(304, 1, 253, NULL, 0, NULL, 72367, 53400),
(305, 1, 254, NULL, 0, NULL, 71333, 51900),
(306, 1, 255, NULL, 0, NULL, 70367, 50500),
(307, 1, 256, NULL, 0, NULL, 70500, 53700),
(308, 1, 257, NULL, 0, NULL, 69500, 52100),
(309, 1, 258, NULL, 0, NULL, 68500, 50550),
(310, 1, 259, NULL, 0, NULL, 68433, 53700),
(311, 1, 260, NULL, 0, NULL, 67633, 52050),
(312, 1, 261, NULL, 0, NULL, 66667, 50300),
(313, 1, 262, NULL, 0, NULL, 66500, 53650),
(314, 1, 263, NULL, 0, NULL, 65633, 51750),
(315, 1, 264, NULL, 0, NULL, 64767, 49950),
(316, 1, 265, NULL, 0, NULL, 64533, 53200),
(317, 1, 266, NULL, 0, NULL, 63667, 51300),
(318, 1, 267, NULL, 0, NULL, 63200, 49500),
(319, 1, 268, NULL, 0, NULL, 62733, 52700),
(320, 1, 269, NULL, 0, NULL, 62033, 50650),
(321, 1, 270, NULL, 0, NULL, 61467, 48600),
(322, 1, 271, NULL, 0, NULL, 60933, 51800),
(323, 1, 272, NULL, 0, NULL, 60333, 49850),
(324, 1, 273, NULL, 0, NULL, 59900, 47750),
(325, 1, 274, NULL, 0, NULL, 59133, 50950),
(326, 1, 275, NULL, 0, NULL, 58600, 48850),
(327, 1, 276, NULL, 0, NULL, 58267, 46900),
(328, 1, 277, NULL, 0, NULL, 57500, 49950),
(329, 1, 278, NULL, 0, NULL, 57033, 47900),
(330, 1, 279, NULL, 0, NULL, 56533, 45850),
(331, 1, 280, NULL, 0, NULL, 55933, 49000),
(332, 1, 281, NULL, 0, NULL, 55500, 47050),
(333, 1, 282, NULL, 0, NULL, 55133, 44950),
(334, 1, 283, NULL, 0, NULL, 54267, 47950),
(335, 1, 284, NULL, 0, NULL, 53833, 45950),
(336, 1, 285, NULL, 0, NULL, 53367, 43900),
(337, 1, 286, NULL, 0, NULL, 52667, 47100),
(338, 1, 287, NULL, 0, NULL, 52300, 45100),
(339, 1, 288, NULL, 0, NULL, 51100, 46100),
(340, 1, 289, 6, 0, NULL, 51700, 42950),
(341, 1, 290, 6, 0, NULL, 50567, 44100),
(342, 1, 291, 6, 0, NULL, 49933, 42400),
(343, 1, 292, 6, 0, NULL, 48433, 42650),
(344, 1, 293, 6, 0, NULL, 48933, 44100),
(345, 1, 294, 6, 0, NULL, 49433, 45600),
(346, 1, 295, 6, 0, NULL, 48233, 47550),
(347, 1, 296, 6, 0, NULL, 47100, 44450),
(348, 1, 297, 6, 0, NULL, 47700, 46050),
(349, 1, 298, 6, 0, NULL, 46400, 48600),
(350, 1, 299, 6, 0, NULL, 45833, 46950),
(351, 1, 300, 6, 0, NULL, 44567, 48050),
(352, 1, 301, 6, 0, NULL, 45533, 45200),
(353, 1, 302, 6, 0, NULL, 44033, 45950),
(354, 1, 303, 6, 0, NULL, 42733, 46800),
(355, 1, 304, NULL, 0, NULL, 43633, 43850),
(356, 1, 305, NULL, 0, NULL, 42333, 44750),
(357, 1, 306, NULL, 0, NULL, 41933, 42650),
(358, 1, 307, NULL, 0, NULL, 41100, 45800),
(359, 1, 308, NULL, 0, NULL, 40700, 43750),
(360, 1, 309, NULL, 0, NULL, 40367, 41650),
(361, 1, 310, NULL, 0, NULL, 39533, 44800),
(362, 1, 311, NULL, 0, NULL, 39000, 42550),
(363, 1, 312, NULL, 0, NULL, 38733, 40600),
(364, 1, 313, NULL, 0, NULL, 37900, 43650),
(365, 1, 314, NULL, 0, NULL, 37400, 41500),
(366, 1, 315, NULL, 0, NULL, 37033, 39500),
(367, 1, 316, NULL, 0, NULL, 36233, 42500),
(368, 1, 317, NULL, 0, NULL, 35867, 40400),
(369, 1, 318, NULL, 0, NULL, 35500, 38350),
(370, 1, 319, NULL, 0, NULL, 34600, 41300),
(371, 1, 320, NULL, 0, NULL, 34233, 39250),
(372, 1, 321, NULL, 0, NULL, 33833, 37300),
(373, 1, 322, NULL, 0, NULL, 33033, 40250),
(374, 1, 323, NULL, 0, NULL, 32533, 38250),
(375, 1, 324, NULL, 0, NULL, 32200, 36200),
(376, 1, 325, NULL, 0, NULL, 31433, 39200),
(377, 1, 326, NULL, 0, NULL, 30967, 37200),
(378, 1, 327, NULL, 0, NULL, 30500, 35150),
(379, 1, 328, NULL, 0, NULL, 29733, 38150),
(380, 1, 329, NULL, 0, NULL, 29233, 36100),
(381, 1, 330, NULL, 0, NULL, 28067, 37150),
(382, 1, 331, 7, 0, NULL, 28700, 33900),
(383, 1, 332, 7, 0, NULL, 27433, 35100),
(384, 1, 333, 7, 0, NULL, 26867, 33300),
(385, 1, 334, 7, 0, NULL, 26333, 36550),
(386, 1, 335, 7, 0, NULL, 25767, 35000),
(387, 1, 336, 7, 0, NULL, 25167, 33500),
(388, 1, 337, 7, 0, NULL, 23567, 34450),
(389, 1, 338, 7, 0, NULL, 24033, 35900),
(390, 1, 339, 7, 0, NULL, 24567, 37350),
(391, 1, 340, 7, 0, NULL, 22333, 35850),
(392, 1, 341, 7, 0, NULL, 22667, 37600),
(393, 1, 342, 7, 0, NULL, 21233, 37500),
(394, 1, 343, 7, 0, NULL, 23033, 39250),
(395, 1, 344, 7, 0, NULL, 21500, 39400),
(396, 1, 345, 7, 0, NULL, 20167, 39300),
(397, 1, 346, NULL, 0, NULL, 21867, 41300),
(398, 1, 347, NULL, 0, NULL, 20433, 41500),
(399, 1, 348, NULL, 0, NULL, 19067, 41550),
(400, 1, 349, NULL, 0, NULL, 20933, 43200),
(401, 1, 350, NULL, 0, NULL, 19633, 43350),
(402, 1, 351, NULL, 0, NULL, 20167, 45100),
(403, 1, 352, 8, 0, NULL, 18233, 43850),
(404, 1, 353, 8, 0, NULL, 18867, 45700),
(405, 1, 354, 8, 0, NULL, 17633, 46600),
(406, 1, 355, 8, 0, NULL, 18000, 49050),
(407, 1, 356, 8, 0, NULL, 18967, 48450),
(408, 1, 357, 8, 0, NULL, 19933, 47750),
(409, 1, 358, 8, 0, NULL, 20967, 49950),
(410, 1, 359, 8, 0, NULL, 20067, 50650),
(411, 1, 360, 8, 0, NULL, 21367, 52400),
(412, 1, 361, 8, 0, NULL, 19167, 51550),
(413, 1, 362, 8, 0, NULL, 20133, 53700),
(414, 1, 363, 8, 0, NULL, 20967, 55400),
(415, 1, 364, 8, 0, NULL, 18900, 54700),
(416, 1, 365, 8, 0, NULL, 19633, 56450),
(417, 1, 366, 8, 0, NULL, 20433, 58100),
(418, 1, 367, 8, 0, NULL, 18367, 57350),
(419, 1, 368, 8, 0, NULL, 19167, 59050),
(420, 1, 369, 8, 0, NULL, 19867, 60850),
(421, 1, 370, 8, 0, NULL, 19067, 63250),
(422, 1, 371, 8, 0, NULL, 18433, 61950),
(423, 1, 372, 8, 0, NULL, 17733, 60500),
(424, 1, 373, 8, 0, NULL, 16033, 62250),
(425, 1, 374, 8, 0, NULL, 16700, 63550),
(426, 1, 375, 8, 0, NULL, 14733, 64350),
(427, 1, 376, 8, 0, NULL, 17333, 64900),
(428, 1, 377, 8, 0, NULL, 15433, 65950),
(429, 1, 378, 8, 0, NULL, 14200, 67250),
(430, 1, 379, 8, 0, NULL, 16367, 67300),
(431, 1, 380, 8, 0, NULL, 15133, 68750),
(432, 1, 381, 8, 0, NULL, 14000, 70000),
(433, 1, 382, NULL, 0, NULL, 16167, 70300),
(434, 1, 383, NULL, 0, NULL, 15100, 71550),
(435, 1, 384, NULL, 0, NULL, 14033, 73100),
(436, 1, 385, NULL, 0, NULL, 16200, 72900),
(437, 1, 386, NULL, 0, NULL, 15233, 74400),
(438, 1, 387, NULL, 0, NULL, 14300, 75950),
(439, 1, 388, NULL, 0, NULL, 16400, 75600),
(440, 1, 389, NULL, 0, NULL, 15533, 77200),
(441, 1, 390, NULL, 0, NULL, 16767, 78150),
(442, 1, 391, 9, 0, NULL, 14700, 78950),
(443, 1, 392, 9, 0, NULL, 16000, 80000),
(444, 1, 393, 9, 0, NULL, 15367, 81950),
(445, 1, 394, 9, 0, NULL, 16433, 83800),
(446, 1, 395, 9, 0, NULL, 16933, 82500),
(447, 1, 396, 9, 0, NULL, 17567, 81050),
(448, 1, 397, 9, 0, NULL, 18800, 83100),
(449, 1, 398, 9, 0, NULL, 19533, 81700),
(450, 1, 399, 9, 0, NULL, 18300, 84600),
(451, 1, 400, 9, 0, NULL, 21267, 83150),
(452, 1, 401, 9, 0, NULL, 20500, 84450),
(453, 1, 402, 9, 0, NULL, 22067, 85750),
(454, 1, 403, 9, 0, NULL, 19900, 86200),
(455, 1, 404, 9, 0, NULL, 20967, 87350),
(456, 1, 405, 9, 0, NULL, 21967, 88600),
(457, 1, 406, 9, 0, NULL, 21500, 91400),
(458, 1, 407, 9, 0, NULL, 20667, 90200),
(459, 1, 408, 9, 0, NULL, 19700, 89200),
(460, 1, 409, 9, 0, NULL, 20133, 93350),
(461, 1, 410, 9, 0, NULL, 19233, 92100),
(462, 1, 411, 9, 0, NULL, 17900, 93800),
(463, 1, 412, 9, 0, NULL, 18067, 90500),
(464, 1, 413, 9, 0, NULL, 17033, 91900),
(465, 1, 414, 9, 0, NULL, 15900, 93300),
(466, 1, 415, NULL, 0, NULL, 16167, 90000),
(467, 1, 416, NULL, 0, NULL, 15133, 91450),
(468, 1, 417, NULL, 0, NULL, 14167, 92950),
(469, 1, 418, NULL, 0, NULL, 14367, 89650),
(470, 1, 419, NULL, 0, NULL, 13400, 91100),
(471, 1, 420, NULL, 0, NULL, 12400, 92650),
(472, 1, 421, NULL, 0, NULL, 12633, 89300),
(473, 1, 422, NULL, 0, NULL, 11667, 90750),
(474, 1, 423, NULL, 0, NULL, 10667, 92150),
(475, 1, 424, NULL, 0, NULL, 10900, 88950),
(476, 1, 425, NULL, 0, NULL, 9833, 90400),
(477, 1, 426, NULL, 0, NULL, 8867, 91900),
(478, 1, 427, NULL, 0, NULL, 9100, 88600),
(479, 1, 428, NULL, 0, NULL, 8067, 90100),
(480, 1, 429, NULL, 0, NULL, 7100, 91550),
(481, 1, 430, NULL, 0, NULL, 7333, 88300),
(482, 1, 431, NULL, 0, NULL, 6433, 89800),
(483, 1, 432, NULL, 0, NULL, 5700, 88050),
(484, 1, 433, 10, 0, NULL, 5300, 91250),
(485, 1, 434, 10, 0, 14, 4567, 89450),
(486, 1, 435, 10, 0, NULL, 3500, 90600),
(487, 1, 436, 10, 0, NULL, 2167, 88700),
(488, 1, 437, 10, 0, NULL, 3100, 87800),
(489, 1, 438, 10, 0, 13, 1867, 85700),
(490, 1, 439, 10, 0, NULL, 4033, 86900),
(491, 1, 440, 10, 0, NULL, 3067, 84950),
(492, 1, 441, 10, 0, NULL, 2533, 83100),
(493, 1, 442, 10, 0, NULL, 4567, 84050),
(494, 1, 443, 10, 0, NULL, 3800, 82200),
(495, 1, 444, 10, 0, NULL, 2967, 80600),
(496, 1, 445, NULL, 0, NULL, 6800, 78800),
(497, 1, 446, NULL, 0, NULL, 7933, 75850),
(498, 1, 447, NULL, 0, NULL, 8400, 72900),
(499, 1, 448, NULL, 0, NULL, 8467, 70150),
(500, 1, 449, NULL, 0, NULL, 8500, 67550),
(501, 1, 450, NULL, 0, NULL, 8600, 65000),
(502, 1, 451, NULL, 0, NULL, 8800, 62300),
(503, 1, 452, NULL, 0, NULL, 9033, 59650),
(504, 1, 453, NULL, 0, NULL, 9267, 57000),
(505, 1, 454, NULL, 0, NULL, 9700, 54450),
(506, 1, 455, NULL, 0, NULL, 10233, 51800),
(507, 1, 456, NULL, 0, NULL, 10800, 49250),
(508, 1, 457, NULL, 0, NULL, 11433, 46650),
(509, 1, 458, NULL, 0, NULL, 12200, 44250),
(510, 1, 459, NULL, 0, NULL, 12967, 41950),
(511, 1, 460, NULL, 0, NULL, 13767, 39700),
(512, 1, 461, NULL, 0, NULL, 14467, 37050),
(513, 1, 462, NULL, 1, NULL, 14867, 33250),
(514, 1, 463, NULL, 0, 12, 5067, 81300),
(515, 1, 464, NULL, 0, NULL, 4233, 79700),
(516, 1, 465, NULL, 0, 11, 3267, 78100),
(517, 1, 466, NULL, 0, NULL, 5400, 78500),
(518, 1, 467, NULL, 0, NULL, 4400, 77150),
(519, 1, 468, NULL, 0, NULL, 3300, 75750),
(520, 1, 469, NULL, 0, NULL, 5467, 75700),
(521, 1, 470, NULL, 0, NULL, 4367, 74500),
(522, 1, 471, NULL, 0, NULL, 3267, 73200),
(523, 1, 472, NULL, 0, 10, 5400, 73100),
(524, 1, 473, NULL, 0, NULL, 4267, 71650),
(525, 1, 474, NULL, 0, 9, 3167, 70350),
(526, 1, 475, NULL, 0, NULL, 5367, 70350),
(527, 1, 476, NULL, 0, NULL, 4200, 68850),
(528, 1, 477, NULL, 0, NULL, 3067, 67600),
(529, 1, 478, NULL, 0, NULL, 5300, 67400),
(530, 1, 479, NULL, 0, NULL, 4267, 66050),
(531, 1, 480, NULL, 0, NULL, 3167, 64650),
(532, 1, 481, NULL, 0, 8, 5400, 64600),
(533, 1, 482, NULL, 0, NULL, 4367, 63150),
(534, 1, 483, NULL, 0, 7, 3333, 61500),
(535, 1, 484, NULL, 0, NULL, 5533, 61800),
(536, 1, 485, NULL, 0, NULL, 4600, 60050),
(537, 1, 486, NULL, 0, NULL, 3667, 58350),
(538, 1, 487, NULL, 0, NULL, 5800, 58750),
(539, 1, 488, NULL, 0, NULL, 4900, 57050),
(540, 1, 489, NULL, 0, NULL, 4033, 55200),
(541, 1, 490, NULL, 0, 6, 6200, 55950),
(542, 1, 491, NULL, 0, NULL, 5367, 54000),
(543, 1, 492, NULL, 0, 5, 4533, 52300),
(544, 1, 493, NULL, 0, NULL, 6733, 53000),
(545, 1, 494, NULL, 0, NULL, 5867, 51250),
(546, 1, 495, NULL, 0, NULL, 5100, 49450),
(547, 1, 496, NULL, 0, NULL, 7233, 50200),
(548, 1, 497, NULL, 0, NULL, 6467, 48400),
(549, 1, 498, NULL, 0, NULL, 5867, 46450),
(550, 1, 499, NULL, 0, 4, 7833, 47550),
(551, 1, 500, NULL, 0, NULL, 7167, 45550),
(552, 1, 501, NULL, 0, 3, 6600, 43650),
(553, 1, 502, NULL, 0, NULL, 8600, 44900),
(554, 1, 503, NULL, 0, NULL, 7933, 42750),
(555, 1, 504, NULL, 0, NULL, 7333, 40800),
(556, 1, 505, NULL, 0, NULL, 9367, 42050),
(557, 1, 506, NULL, 0, NULL, 8833, 40100),
(558, 1, 507, NULL, 0, NULL, 8267, 38150),
(559, 1, 508, NULL, 0, 2, 10200, 39650),
(560, 1, 509, NULL, 0, NULL, 9700, 37550),
(561, 1, 510, NULL, 0, 1, 9267, 35400),
(562, 1, 511, NULL, 0, NULL, 11167, 37050),
(563, 1, 512, NULL, 1, NULL, 10800, 34850),
(564, 1, 513, NULL, 1, NULL, 10300, 32750),
(565, 1, 514, NULL, 1, NULL, 12267, 34750),
(566, 1, 515, NULL, 0, NULL, 11900, 32450);

-- --------------------------------------------------------

--
-- Table structure for table `fo_tracks`
--

DROP TABLE IF EXISTS `fo_tracks`;
CREATE TABLE IF NOT EXISTS `fo_tracks` (
  `id` int(11) NOT NULL AUTO_INCREMENT,
  `name` varchar(20) COLLATE utf8_bin NOT NULL,
  `game_plan` varchar(50) COLLATE utf8_bin NOT NULL,
  PRIMARY KEY (`id`)
) ENGINE=InnoDB AUTO_INCREMENT=2 DEFAULT CHARSET=utf8 COLLATE=utf8_bin;

--
-- Dumping data for table `fo_tracks`
--

INSERT INTO `fo_tracks` (`id`, `name`, `game_plan`) VALUES
(1, 'Monaco', 'monaco.jpg');

-- --------------------------------------------------------

--
-- Table structure for table `games`
--

DROP TABLE IF EXISTS `games`;
CREATE TABLE IF NOT EXISTS `games` (
  `id` int(11) NOT NULL AUTO_INCREMENT,
  `name` varchar(30) COLLATE utf8_bin NOT NULL,
  `type` text COLLATE utf8_bin NOT NULL,
  `game_state_id` int(11) NOT NULL DEFAULT '1',
  `created` datetime NOT NULL DEFAULT CURRENT_TIMESTAMP,
  `modified` datetime NOT NULL DEFAULT CURRENT_TIMESTAMP,
  PRIMARY KEY (`id`),
  KEY `game_state_id` (`game_state_id`)
) ENGINE=InnoDB AUTO_INCREMENT=13 DEFAULT CHARSET=utf8 COLLATE=utf8_bin;

--
-- Dumping data for table `games`
--

INSERT INTO `games` (`id`, `name`, `type`, `game_state_id`, `created`, `modified`) VALUES
(1, 'X', 'Y', 2, '2021-02-28 09:01:07', '2021-02-28 09:01:19'),
(2, 'Refresher', 'X', 2, '2021-03-09 08:07:41', '2021-03-09 08:07:52'),
(3, 'Whole game?', 'X', 2, '2021-03-12 14:10:33', '2021-03-12 14:10:41'),
(4, 'Again', 'e', 2, '2021-03-12 14:27:22', '2021-03-12 14:27:32'),
(5, 'X', 'as', 2, '2021-03-12 14:28:25', '2021-03-12 14:28:34'),
(6, 'A', 'sd', 2, '2021-03-12 14:29:22', '2021-03-12 14:29:32'),
(7, 'Another', 'X', 3, '2021-03-12 14:35:04', '2021-03-12 16:05:04'),
(8, 'Another', 'game', 3, '2021-03-14 15:17:01', '2021-03-16 16:49:09'),
(9, 'Refactoring', 'X', 2, '2021-03-18 15:47:21', '2021-03-18 15:47:32'),
(10, 'demo', 'asd', 2, '2021-03-20 17:46:33', '2021-03-20 17:46:49'),
(11, 'Refa', 'd', 2, '2021-03-24 15:48:39', '2021-03-24 15:50:04'),
(12, 'Refa2', 'ta', 2, '2021-03-24 15:51:30', '2021-03-24 15:51:46');

-- --------------------------------------------------------

--
-- Table structure for table `games_users`
--

DROP TABLE IF EXISTS `games_users`;
CREATE TABLE IF NOT EXISTS `games_users` (
  `id` int(11) NOT NULL AUTO_INCREMENT,
  `game_id` int(11) NOT NULL,
  `user_id` int(11) NOT NULL,
  `order_number` int(11) DEFAULT NULL,
  `next_user_id` int(11) DEFAULT NULL,
  PRIMARY KEY (`id`),
  KEY `Game_ID` (`game_id`),
  KEY `Player_ID` (`user_id`),
  KEY `next_user_id` (`next_user_id`)
) ENGINE=InnoDB AUTO_INCREMENT=16 DEFAULT CHARSET=utf8 COLLATE=utf8_bin;

--
-- Dumping data for table `games_users`
--

INSERT INTO `games_users` (`id`, `game_id`, `user_id`, `order_number`, `next_user_id`) VALUES
(1, 1, 1, 0, 1),
(2, 2, 1, 0, 1),
(3, 3, 1, 0, 1),
(4, 4, 1, 0, 1),
(5, 5, 1, 0, 1),
(6, 6, 1, 0, 1),
(7, 7, 1, 0, 1),
(8, 8, 1, 0, 1),
(9, 9, 1, 0, 1),
(10, 10, 1, 0, 3),
(11, 10, 3, 1, 1),
(12, 11, 1, 0, 3),
(13, 11, 3, 1, 1),
(14, 12, 1, 1, 3),
(15, 12, 3, 0, 1);

-- --------------------------------------------------------

--
-- Table structure for table `game_states`
--

DROP TABLE IF EXISTS `game_states`;
CREATE TABLE IF NOT EXISTS `game_states` (
  `id` int(11) NOT NULL AUTO_INCREMENT,
  `name` varchar(20) COLLATE utf8_bin NOT NULL,
  PRIMARY KEY (`id`)
) ENGINE=InnoDB AUTO_INCREMENT=4 DEFAULT CHARSET=utf8 COLLATE=utf8_bin;

--
-- Dumping data for table `game_states`
--

INSERT INTO `game_states` (`id`, `name`) VALUES
(1, 'NEW'),
(2, 'STARTED'),
(3, 'FINISHED');

-- --------------------------------------------------------

--
-- Table structure for table `users`
--

DROP TABLE IF EXISTS `users`;
CREATE TABLE IF NOT EXISTS `users` (
  `id` int(11) NOT NULL AUTO_INCREMENT,
  `name` text COLLATE utf8_bin NOT NULL,
  `password` varchar(255) COLLATE utf8_bin NOT NULL,
  `is_admin` tinyint(1) NOT NULL DEFAULT '0',
  PRIMARY KEY (`id`)
) ENGINE=InnoDB AUTO_INCREMENT=8 DEFAULT CHARSET=utf8 COLLATE=utf8_bin;

--
-- Dumping data for table `users`
--

INSERT INTO `users` (`id`, `name`, `password`, `is_admin`) VALUES
(1, 'Livecan', '$2y$10$uNezhrCWf7ChyHqXMzYOgOavqJIMlc5YXLhMwv3KhlH5S7dcpdqgC', 1),
(3, 'Rebekah', '$2y$10$yhMzuGA0/vQOr/NxcFQVf.6FeEnhRB6kOtVL8eBssmlu0Z1DLe61u', 0),
(7, 'Mr X', '', 0);

--
-- Constraints for dumped tables
--

--
-- Constraints for table `dr_results`
--
ALTER TABLE `dr_results`
  ADD CONSTRAINT `dr_results_ibfk_1` FOREIGN KEY (`user_id`) REFERENCES `users` (`id`),
  ADD CONSTRAINT `dr_results_ibfk_2` FOREIGN KEY (`game_id`) REFERENCES `games` (`id`);

--
-- Constraints for table `dr_tokens_games`
--
ALTER TABLE `dr_tokens_games`
  ADD CONSTRAINT `dr_tokens_games_ibfk_1` FOREIGN KEY (`game_id`) REFERENCES `games` (`id`),
  ADD CONSTRAINT `dr_tokens_games_ibfk_2` FOREIGN KEY (`dr_token_id`) REFERENCES `dr_tokens` (`id`),
  ADD CONSTRAINT `dr_tokens_games_ibfk_3` FOREIGN KEY (`user_id`) REFERENCES `users` (`id`),
  ADD CONSTRAINT `dr_tokens_games_ibfk_4` FOREIGN KEY (`dr_token_state_id`) REFERENCES `dr_token_states` (`id`);

--
-- Constraints for table `dr_turns`
--
ALTER TABLE `dr_turns`
  ADD CONSTRAINT `dr_turns_ibfk_1` FOREIGN KEY (`game_id`) REFERENCES `games` (`id`),
  ADD CONSTRAINT `dr_turns_ibfk_2` FOREIGN KEY (`user_id`) REFERENCES `users` (`id`);

--
-- Constraints for table `fo_cars`
--
ALTER TABLE `fo_cars`
  ADD CONSTRAINT `fo_cars_ibfk_1` FOREIGN KEY (`game_id`) REFERENCES `games` (`id`),
  ADD CONSTRAINT `fo_cars_ibfk_2` FOREIGN KEY (`user_id`) REFERENCES `users` (`id`),
  ADD CONSTRAINT `fo_cars_ibfk_3` FOREIGN KEY (`fo_position_id`) REFERENCES `fo_positions` (`id`);

--
-- Constraints for table `fo_curves`
--
ALTER TABLE `fo_curves`
  ADD CONSTRAINT `fo_curves_ibfk_1` FOREIGN KEY (`fo_track_id`) REFERENCES `fo_tracks` (`id`),
  ADD CONSTRAINT `fo_curves_ibfk_2` FOREIGN KEY (`fo_next_curve_id`) REFERENCES `fo_curves` (`id`);

--
-- Constraints for table `fo_damages`
--
ALTER TABLE `fo_damages`
  ADD CONSTRAINT `fo_damages_ibfk_1` FOREIGN KEY (`fo_car_id`) REFERENCES `fo_cars` (`id`),
  ADD CONSTRAINT `fo_damages_ibfk_2` FOREIGN KEY (`fo_e_damage_type_id`) REFERENCES `fo_e_damage_types` (`id`),
  ADD CONSTRAINT `fo_damages_ibfk_3` FOREIGN KEY (`fo_log_id`) REFERENCES `fo_logs` (`id`),
  ADD CONSTRAINT `fo_damages_ibfk_4` FOREIGN KEY (`fo_move_option_id`) REFERENCES `fo_move_options` (`id`);

--
-- Constraints for table `fo_debris`
--
ALTER TABLE `fo_debris`
  ADD CONSTRAINT `fo_debris_ibfk_1` FOREIGN KEY (`game_id`) REFERENCES `games` (`id`),
  ADD CONSTRAINT `fo_debris_ibfk_2` FOREIGN KEY (`fo_position_id`) REFERENCES `fo_positions` (`id`);

--
-- Constraints for table `fo_games`
--
ALTER TABLE `fo_games`
  ADD CONSTRAINT `fo_games_ibfk_1` FOREIGN KEY (`game_id`) REFERENCES `games` (`id`),
  ADD CONSTRAINT `fo_games_ibfk_2` FOREIGN KEY (`fo_track_id`) REFERENCES `fo_tracks` (`id`);

--
-- Constraints for table `fo_logs`
--
ALTER TABLE `fo_logs`
  ADD CONSTRAINT `fo_logs_ibfk_1` FOREIGN KEY (`fo_car_id`) REFERENCES `fo_cars` (`id`),
  ADD CONSTRAINT `fo_logs_ibfk_2` FOREIGN KEY (`fo_position_id`) REFERENCES `fo_positions` (`id`);

--
-- Constraints for table `fo_move_options`
--
ALTER TABLE `fo_move_options`
  ADD CONSTRAINT `fo_move_options_ibfk_1` FOREIGN KEY (`fo_car_id`) REFERENCES `fo_cars` (`id`),
  ADD CONSTRAINT `fo_move_options_ibfk_2` FOREIGN KEY (`fo_position_id`) REFERENCES `fo_positions` (`id`);

--
-- Constraints for table `fo_position2positions`
--
ALTER TABLE `fo_position2positions`
  ADD CONSTRAINT `fo_position2positions_ibfk_1` FOREIGN KEY (`position_from_id`) REFERENCES `fo_positions` (`id`),
  ADD CONSTRAINT `fo_position2positions_ibfk_2` FOREIGN KEY (`position_to_id`) REFERENCES `fo_positions` (`id`);

--
-- Constraints for table `fo_positions`
--
ALTER TABLE `fo_positions`
  ADD CONSTRAINT `fo_positions_ibfk_1` FOREIGN KEY (`fo_track_id`) REFERENCES `fo_tracks` (`id`),
  ADD CONSTRAINT `fo_positions_ibfk_2` FOREIGN KEY (`fo_curve_id`) REFERENCES `fo_curves` (`id`);

--
-- Constraints for table `games`
--
ALTER TABLE `games`
  ADD CONSTRAINT `fk_game_state` FOREIGN KEY (`game_state_id`) REFERENCES `game_states` (`id`);

--
-- Constraints for table `games_users`
--
ALTER TABLE `games_users`
  ADD CONSTRAINT `games_users_ibfk_1` FOREIGN KEY (`game_id`) REFERENCES `games` (`id`),
  ADD CONSTRAINT `games_users_ibfk_2` FOREIGN KEY (`user_id`) REFERENCES `users` (`id`),
  ADD CONSTRAINT `games_users_ibfk_3` FOREIGN KEY (`next_user_id`) REFERENCES `users` (`id`) ON DELETE SET NULL;
COMMIT;

/*!40101 SET CHARACTER_SET_CLIENT=@OLD_CHARACTER_SET_CLIENT */;
/*!40101 SET CHARACTER_SET_RESULTS=@OLD_CHARACTER_SET_RESULTS */;
/*!40101 SET COLLATION_CONNECTION=@OLD_COLLATION_CONNECTION */;
