-- phpMyAdmin SQL Dump
-- version 5.0.2
-- https://www.phpmyadmin.net/
--
-- Host: 127.0.0.1:3306
-- Generation Time: Apr 16, 2021 at 08:06 AM
-- Server version: 5.7.26
-- PHP Version: 7.3.21

SET SQL_MODE = "NO_AUTO_VALUE_ON_ZERO";
START TRANSACTION;
SET time_zone = "+00:00";


/*!40101 SET @OLD_CHARACTER_SET_CLIENT=@@CHARACTER_SET_CLIENT */;
/*!40101 SET @OLD_CHARACTER_SET_RESULTS=@@CHARACTER_SET_RESULTS */;
/*!40101 SET @OLD_COLLATION_CONNECTION=@@COLLATION_CONNECTION */;
/*!40101 SET NAMES utf8mb4 */;

--
-- Database: `games`
--

-- --------------------------------------------------------

--
-- Table structure for table `dr_results`
--

DROP TABLE IF EXISTS `dr_results`;
CREATE TABLE IF NOT EXISTS `dr_results` (
  `id` int(11) NOT NULL AUTO_INCREMENT,
  `game_id` int(11) NOT NULL,
  `user_id` int(11) NOT NULL,
  `score` int(11) NOT NULL,
  PRIMARY KEY (`id`),
  KEY `games_users_id` (`user_id`),
  KEY `game_id` (`game_id`)
) ENGINE=InnoDB AUTO_INCREMENT=4 DEFAULT CHARSET=utf8 COLLATE=utf8_bin;

-- --------------------------------------------------------

--
-- Table structure for table `dr_tokens`
--

DROP TABLE IF EXISTS `dr_tokens`;
CREATE TABLE IF NOT EXISTS `dr_tokens` (
  `id` int(11) NOT NULL AUTO_INCREMENT,
  `type` int(11) NOT NULL,
  `value` int(11) NOT NULL,
  PRIMARY KEY (`id`)
) ENGINE=InnoDB AUTO_INCREMENT=21 DEFAULT CHARSET=utf8 COLLATE=utf8_bin;

--
-- Dumping data for table `dr_tokens`
--

INSERT INTO `dr_tokens` (`id`, `type`, `value`) VALUES
(1, 1, 0),
(2, 1, 1),
(3, 1, 2),
(4, 1, 3),
(5, 1, 3),
(6, 2, 4),
(7, 2, 5),
(8, 2, 6),
(9, 2, 7),
(10, 2, 7),
(11, 3, 8),
(12, 3, 9),
(13, 3, 10),
(14, 3, 11),
(15, 3, 11),
(16, 4, 12),
(17, 4, 13),
(18, 4, 14),
(19, 4, 15),
(20, 4, 16);

-- --------------------------------------------------------

--
-- Table structure for table `dr_tokens_games`
--

DROP TABLE IF EXISTS `dr_tokens_games`;
CREATE TABLE IF NOT EXISTS `dr_tokens_games` (
  `id` int(11) NOT NULL AUTO_INCREMENT,
  `game_id` int(11) NOT NULL,
  `dr_token_id` int(11) NOT NULL,
  `position` int(11) DEFAULT NULL,
  `user_id` int(11) DEFAULT NULL,
  `group_number` int(11) DEFAULT NULL,
  `dr_token_state_id` int(11) NOT NULL DEFAULT '1',
  PRIMARY KEY (`id`),
  KEY `GAME_TOKEN_GAME_ID` (`game_id`),
  KEY `GAME_TOKEN_TOKEN_ID` (`dr_token_id`),
  KEY `PLAYER_ID` (`user_id`),
  KEY `dr_tokens_games_ibfk_4` (`dr_token_state_id`)
) ENGINE=InnoDB AUTO_INCREMENT=241 DEFAULT CHARSET=utf8 COLLATE=utf8_bin;

-- --------------------------------------------------------

--
-- Table structure for table `dr_token_states`
--

DROP TABLE IF EXISTS `dr_token_states`;
CREATE TABLE IF NOT EXISTS `dr_token_states` (
  `id` int(11) NOT NULL AUTO_INCREMENT,
  `name` varchar(10) COLLATE utf8_bin NOT NULL,
  PRIMARY KEY (`id`)
) ENGINE=InnoDB AUTO_INCREMENT=4 DEFAULT CHARSET=utf8 COLLATE=utf8_bin;

--
-- Dumping data for table `dr_token_states`
--

INSERT INTO `dr_token_states` (`id`, `name`) VALUES
(1, 'ON_BOARD'),
(2, 'TAKEN'),
(3, 'CLAIMED');

-- --------------------------------------------------------

--
-- Table structure for table `dr_turns`
--

DROP TABLE IF EXISTS `dr_turns`;
CREATE TABLE IF NOT EXISTS `dr_turns` (
  `id` int(11) NOT NULL AUTO_INCREMENT,
  `game_id` int(11) NOT NULL,
  `user_id` int(11) NOT NULL,
  `position` int(11) NOT NULL,
  `round` int(11) NOT NULL,
  `roll` varchar(4) COLLATE utf8_bin NOT NULL,
  `returning` tinyint(1) NOT NULL DEFAULT '0',
  `taking` tinyint(1) NOT NULL DEFAULT '0',
  `dropping` tinyint(1) NOT NULL DEFAULT '0',
  `oxygen` int(11) NOT NULL DEFAULT '25',
  `created` datetime NOT NULL DEFAULT CURRENT_TIMESTAMP,
  `modified` datetime NOT NULL DEFAULT CURRENT_TIMESTAMP,
  PRIMARY KEY (`id`),
  KEY `Game_ID` (`game_id`),
  KEY `Player_ID` (`user_id`)
) ENGINE=InnoDB AUTO_INCREMENT=610 DEFAULT CHARSET=utf8 COLLATE=utf8_bin;

-- --------------------------------------------------------

--
-- Table structure for table `fo_cars`
--

DROP TABLE IF EXISTS `fo_cars`;
CREATE TABLE IF NOT EXISTS `fo_cars` (
  `id` int(11) NOT NULL AUTO_INCREMENT,
  `game_id` int(11) NOT NULL,
  `user_id` int(11) NOT NULL,
  `lap` int(11) NOT NULL DEFAULT '0',
  `fo_position_id` int(11) DEFAULT NULL,
  `gear` int(11) NOT NULL DEFAULT '-1' COMMENT '1-6 - actual gear\r\n-1 - start\r\n0 - is used if for any reason next turn needs to be in 1st gear',
  `order` int(11) DEFAULT NULL COMMENT 'Player order in the current turn, when the player finished turn, it''s NULL.',
  `fo_curve_id` int(11) DEFAULT NULL,
  `stops` int(11) DEFAULT NULL,
  `state` char(1) COLLATE utf8_bin NOT NULL DEFAULT 'N' COMMENT 'N - not ready,\r\nR - racing,\r\nX - retired,\r\nF - finished',
  `created` datetime NOT NULL DEFAULT CURRENT_TIMESTAMP,
  `modified` datetime NOT NULL DEFAULT CURRENT_TIMESTAMP ON UPDATE CURRENT_TIMESTAMP,
  PRIMARY KEY (`id`),
  KEY `game_id` (`game_id`),
  KEY `user_id` (`user_id`),
  KEY `fo_position_id` (`fo_position_id`),
  KEY `lap` (`lap`),
  KEY `order` (`order`),
  KEY `fo_curve_id` (`fo_curve_id`)
) ENGINE=InnoDB AUTO_INCREMENT=103 DEFAULT CHARSET=utf8 COLLATE=utf8_bin;

--
-- Dumping data for table `fo_cars`
--

INSERT INTO `fo_cars` (`id`, `game_id`, `user_id`, `lap`, `fo_position_id`, `gear`, `order`, `fo_curve_id`, `stops`, `state`, `created`, `modified`) VALUES
(71, 60, 1, 0, NULL, -1, NULL, NULL, NULL, 'N', '2021-04-10 19:18:20', '2021-04-16 10:01:10'),
(72, 60, 1, 0, NULL, -1, NULL, NULL, NULL, 'N', '2021-04-10 19:18:20', '2021-04-16 10:01:10'),
(73, 61, 1, 0, NULL, -1, NULL, NULL, NULL, 'N', '2021-04-10 19:22:47', '2021-04-16 10:01:10'),
(74, 61, 1, 0, NULL, -1, NULL, NULL, NULL, 'N', '2021-04-10 19:22:47', '2021-04-16 10:01:10'),
(75, 62, 1, 0, NULL, -1, NULL, NULL, NULL, 'N', '2021-04-11 14:27:17', '2021-04-16 10:01:10'),
(76, 62, 1, 0, NULL, -1, NULL, NULL, NULL, 'N', '2021-04-11 14:27:18', '2021-04-16 10:01:10'),
(77, 63, 1, 0, 490, -1, 6, NULL, NULL, 'N', '2021-04-11 14:27:37', '2021-04-16 10:01:10'),
(78, 63, 1, 0, 501, -1, 3, NULL, NULL, 'N', '2021-04-11 14:27:37', '2021-04-16 10:01:10'),
(79, 63, 1, 0, 508, -1, 2, NULL, NULL, 'N', '2021-04-13 09:20:56', '2021-04-16 10:01:10'),
(81, 63, 3, 0, 510, -1, 1, NULL, NULL, 'N', '2021-04-13 15:07:17', '2021-04-16 10:01:10'),
(82, 63, 3, 0, 499, -1, 4, NULL, NULL, 'N', '2021-04-13 15:07:18', '2021-04-16 10:01:10'),
(83, 63, 3, 0, 492, -1, 5, NULL, NULL, 'N', '2021-04-13 15:07:18', '2021-04-16 10:01:10');

-- --------------------------------------------------------

--
-- Table structure for table `fo_curves`
--

DROP TABLE IF EXISTS `fo_curves`;
CREATE TABLE IF NOT EXISTS `fo_curves` (
  `id` int(11) NOT NULL AUTO_INCREMENT,
  `fo_track_id` int(11) NOT NULL,
  `fo_next_curve_id` int(11) DEFAULT NULL,
  `stops` int(11) NOT NULL,
  `name` varchar(20) COLLATE utf8_bin DEFAULT NULL,
  PRIMARY KEY (`id`),
  KEY `track_id` (`fo_track_id`),
  KEY `next_curve_id` (`fo_next_curve_id`)
) ENGINE=InnoDB AUTO_INCREMENT=11 DEFAULT CHARSET=utf8 COLLATE=utf8_bin;

--
-- Dumping data for table `fo_curves`
--

INSERT INTO `fo_curves` (`id`, `fo_track_id`, `fo_next_curve_id`, `stops`, `name`) VALUES
(1, 1, 2, 1, 'Sainte Devote'),
(2, 1, 3, 1, '#second'),
(3, 1, 4, 1, 'Casino'),
(4, 1, 5, 1, 'Mirabeau'),
(5, 1, 6, 3, 'Loews'),
(6, 1, 7, 1, 'Chicane'),
(7, 1, 8, 1, 'Bureau de Tabac'),
(8, 1, 9, 2, 'S de la Piscine'),
(9, 1, 10, 2, 'La Rascasse'),
(10, 1, 1, 1, 'Anthony Hoghes');

-- --------------------------------------------------------

--
-- Table structure for table `fo_damages`
--

DROP TABLE IF EXISTS `fo_damages`;
CREATE TABLE IF NOT EXISTS `fo_damages` (
  `id` int(11) NOT NULL AUTO_INCREMENT,
  `fo_car_id` int(11) DEFAULT NULL,
  `fo_move_option_id` int(11) DEFAULT NULL,
  `fo_log_id` int(11) DEFAULT NULL,
  `wear_points` int(11) NOT NULL,
  `fo_e_damage_type_id` int(11) NOT NULL,
  `created` datetime NOT NULL DEFAULT CURRENT_TIMESTAMP,
  `modified` datetime NOT NULL DEFAULT CURRENT_TIMESTAMP ON UPDATE CURRENT_TIMESTAMP,
  PRIMARY KEY (`id`),
  KEY `fo_car_id` (`fo_car_id`),
  KEY `fo_move_option_id` (`fo_move_option_id`),
  KEY `fo_history_id` (`fo_log_id`),
  KEY `fo_e_damage_type_id` (`fo_e_damage_type_id`),
  KEY `created` (`created`),
  KEY `modified` (`modified`)
) ENGINE=InnoDB AUTO_INCREMENT=229 DEFAULT CHARSET=utf8 COLLATE=utf8_bin;

--
-- Dumping data for table `fo_damages`
--

INSERT INTO `fo_damages` (`id`, `fo_car_id`, `fo_move_option_id`, `fo_log_id`, `wear_points`, `fo_e_damage_type_id`, `created`, `modified`) VALUES
(1, 71, NULL, NULL, 6, 1, '2021-04-10 19:18:20', '2021-04-10 19:18:20'),
(2, 71, NULL, NULL, 3, 2, '2021-04-10 19:18:20', '2021-04-10 19:18:20'),
(3, 71, NULL, NULL, 3, 3, '2021-04-10 19:18:20', '2021-04-10 19:18:20'),
(4, 71, NULL, NULL, 3, 4, '2021-04-10 19:18:20', '2021-04-10 19:18:20'),
(5, 71, NULL, NULL, 3, 5, '2021-04-10 19:18:20', '2021-04-10 19:18:20'),
(6, 71, NULL, NULL, 3, 6, '2021-04-10 19:18:20', '2021-04-10 19:18:20'),
(7, 72, NULL, NULL, 6, 1, '2021-04-10 19:18:20', '2021-04-10 19:18:20'),
(8, 72, NULL, NULL, 3, 2, '2021-04-10 19:18:20', '2021-04-10 19:18:20'),
(9, 72, NULL, NULL, 3, 3, '2021-04-10 19:18:20', '2021-04-10 19:18:20'),
(10, 72, NULL, NULL, 3, 4, '2021-04-10 19:18:20', '2021-04-10 19:18:20'),
(11, 72, NULL, NULL, 3, 5, '2021-04-10 19:18:20', '2021-04-10 19:18:20'),
(12, 72, NULL, NULL, 3, 6, '2021-04-10 19:18:20', '2021-04-10 19:18:20'),
(13, 73, NULL, NULL, 6, 1, '2021-04-10 19:22:47', '2021-04-10 19:22:47'),
(14, 73, NULL, NULL, 3, 2, '2021-04-10 19:22:47', '2021-04-10 19:22:47'),
(15, 73, NULL, NULL, 3, 3, '2021-04-10 19:22:47', '2021-04-10 19:22:47'),
(16, 73, NULL, NULL, 3, 4, '2021-04-10 19:22:47', '2021-04-10 19:22:47'),
(17, 73, NULL, NULL, 3, 5, '2021-04-10 19:22:47', '2021-04-10 19:22:47'),
(18, 73, NULL, NULL, 3, 6, '2021-04-10 19:22:47', '2021-04-10 19:22:47'),
(19, 74, NULL, NULL, 6, 1, '2021-04-10 19:22:47', '2021-04-10 19:22:47'),
(20, 74, NULL, NULL, 3, 2, '2021-04-10 19:22:47', '2021-04-10 19:22:47'),
(21, 74, NULL, NULL, 3, 3, '2021-04-10 19:22:47', '2021-04-10 19:22:47'),
(22, 74, NULL, NULL, 3, 4, '2021-04-10 19:22:47', '2021-04-10 19:22:47'),
(23, 74, NULL, NULL, 3, 5, '2021-04-10 19:22:47', '2021-04-10 19:22:47'),
(24, 74, NULL, NULL, 3, 6, '2021-04-10 19:22:47', '2021-04-10 19:22:47'),
(25, 75, NULL, NULL, 6, 1, '2021-04-11 14:27:18', '2021-04-11 14:27:18'),
(26, 75, NULL, NULL, 3, 2, '2021-04-11 14:27:18', '2021-04-11 14:27:18'),
(27, 75, NULL, NULL, 3, 3, '2021-04-11 14:27:18', '2021-04-11 14:27:18'),
(28, 75, NULL, NULL, 3, 4, '2021-04-11 14:27:18', '2021-04-11 14:27:18'),
(29, 75, NULL, NULL, 3, 5, '2021-04-11 14:27:18', '2021-04-11 14:27:18'),
(30, 75, NULL, NULL, 3, 6, '2021-04-11 14:27:18', '2021-04-11 14:27:18'),
(31, 76, NULL, NULL, 6, 1, '2021-04-11 14:27:18', '2021-04-11 14:27:18'),
(32, 76, NULL, NULL, 3, 2, '2021-04-11 14:27:18', '2021-04-11 14:27:18'),
(33, 76, NULL, NULL, 3, 3, '2021-04-11 14:27:18', '2021-04-11 14:27:18'),
(34, 76, NULL, NULL, 3, 4, '2021-04-11 14:27:18', '2021-04-11 14:27:18'),
(35, 76, NULL, NULL, 3, 5, '2021-04-11 14:27:18', '2021-04-11 14:27:18'),
(36, 76, NULL, NULL, 3, 6, '2021-04-11 14:27:18', '2021-04-11 14:27:18'),
(37, 77, NULL, NULL, 8, 1, '2021-04-11 14:27:37', '2021-04-13 15:51:55'),
(38, 77, NULL, NULL, 3, 2, '2021-04-11 14:27:37', '2021-04-12 18:13:29'),
(39, 77, NULL, NULL, 3, 3, '2021-04-11 14:27:37', '2021-04-12 18:17:13'),
(40, 77, NULL, NULL, 3, 4, '2021-04-11 14:27:37', '2021-04-11 14:27:37'),
(41, 77, NULL, NULL, 3, 5, '2021-04-11 14:27:37', '2021-04-11 14:27:37'),
(42, 77, NULL, NULL, 3, 6, '2021-04-11 14:27:37', '2021-04-11 14:27:37'),
(43, 78, NULL, NULL, 6, 1, '2021-04-11 14:27:37', '2021-04-11 14:27:37'),
(44, 78, NULL, NULL, 3, 2, '2021-04-11 14:27:37', '2021-04-11 14:27:37'),
(45, 78, NULL, NULL, 3, 3, '2021-04-11 14:27:37', '2021-04-11 14:27:37'),
(46, 78, NULL, NULL, 3, 4, '2021-04-11 14:27:37', '2021-04-11 14:27:37'),
(47, 78, NULL, NULL, 3, 5, '2021-04-11 14:27:37', '2021-04-11 14:27:37'),
(48, 78, NULL, NULL, 3, 6, '2021-04-11 14:27:37', '2021-04-11 14:27:37'),
(49, 79, NULL, NULL, 6, 1, '2021-04-13 09:20:56', '2021-04-13 09:20:56'),
(50, 79, NULL, NULL, 3, 2, '2021-04-13 09:20:56', '2021-04-13 09:20:56'),
(51, 79, NULL, NULL, 3, 3, '2021-04-13 09:20:56', '2021-04-13 09:20:56'),
(52, 79, NULL, NULL, 3, 4, '2021-04-13 09:20:56', '2021-04-13 09:20:56'),
(53, 79, NULL, NULL, 3, 5, '2021-04-13 09:20:56', '2021-04-13 09:20:56'),
(54, 79, NULL, NULL, 3, 6, '2021-04-13 09:20:56', '2021-04-13 09:20:56'),
(61, 81, NULL, NULL, 6, 1, '2021-04-13 15:07:18', '2021-04-13 15:07:18'),
(62, 81, NULL, NULL, 3, 2, '2021-04-13 15:07:18', '2021-04-13 15:07:18'),
(63, 81, NULL, NULL, 3, 3, '2021-04-13 15:07:18', '2021-04-13 15:07:18'),
(64, 81, NULL, NULL, 3, 4, '2021-04-13 15:07:18', '2021-04-13 15:07:18'),
(65, 81, NULL, NULL, 3, 5, '2021-04-13 15:07:18', '2021-04-13 15:07:18'),
(66, 81, NULL, NULL, 3, 6, '2021-04-13 15:07:18', '2021-04-13 15:07:18'),
(67, 82, NULL, NULL, 6, 1, '2021-04-13 15:07:18', '2021-04-13 15:07:18'),
(68, 82, NULL, NULL, 3, 2, '2021-04-13 15:07:18', '2021-04-13 15:07:18'),
(69, 82, NULL, NULL, 3, 3, '2021-04-13 15:07:18', '2021-04-13 15:07:18'),
(70, 82, NULL, NULL, 3, 4, '2021-04-13 15:07:18', '2021-04-13 15:07:18'),
(71, 82, NULL, NULL, 3, 5, '2021-04-13 15:07:18', '2021-04-13 15:07:18'),
(72, 82, NULL, NULL, 3, 6, '2021-04-13 15:07:18', '2021-04-13 15:07:18'),
(73, 83, NULL, NULL, 6, 1, '2021-04-13 15:07:18', '2021-04-13 15:07:18'),
(74, 83, NULL, NULL, 3, 2, '2021-04-13 15:07:18', '2021-04-13 15:07:18'),
(75, 83, NULL, NULL, 3, 3, '2021-04-13 15:07:18', '2021-04-13 15:07:18'),
(76, 83, NULL, NULL, 3, 4, '2021-04-13 15:07:18', '2021-04-13 15:07:18'),
(77, 83, NULL, NULL, 3, 5, '2021-04-13 15:07:18', '2021-04-13 15:07:18'),
(78, 83, NULL, NULL, 3, 6, '2021-04-13 15:07:18', '2021-04-13 15:07:18'),
(193, NULL, NULL, 122, 6, 1, '2021-04-14 18:59:37', '2021-04-14 18:59:37'),
(194, NULL, NULL, 122, 3, 2, '2021-04-14 18:59:37', '2021-04-14 18:59:37'),
(195, NULL, NULL, 122, 3, 3, '2021-04-14 18:59:37', '2021-04-14 18:59:37'),
(196, NULL, NULL, 122, 3, 4, '2021-04-14 18:59:37', '2021-04-14 18:59:37'),
(197, NULL, NULL, 122, 3, 5, '2021-04-14 18:59:37', '2021-04-14 18:59:37'),
(198, NULL, NULL, 122, 3, 6, '2021-04-14 18:59:37', '2021-04-14 18:59:37'),
(199, NULL, NULL, 123, 6, 1, '2021-04-14 18:59:37', '2021-04-14 18:59:37'),
(200, NULL, NULL, 123, 3, 2, '2021-04-14 18:59:37', '2021-04-14 18:59:37'),
(201, NULL, NULL, 123, 3, 3, '2021-04-14 18:59:37', '2021-04-14 18:59:37'),
(202, NULL, NULL, 123, 3, 4, '2021-04-14 18:59:37', '2021-04-14 18:59:37'),
(203, NULL, NULL, 123, 3, 5, '2021-04-14 18:59:37', '2021-04-14 18:59:37'),
(204, NULL, NULL, 123, 3, 6, '2021-04-14 18:59:37', '2021-04-14 18:59:37'),
(205, NULL, NULL, 124, 6, 1, '2021-04-14 18:59:37', '2021-04-14 18:59:37'),
(206, NULL, NULL, 124, 3, 2, '2021-04-14 18:59:37', '2021-04-14 18:59:37'),
(207, NULL, NULL, 124, 3, 3, '2021-04-14 18:59:37', '2021-04-14 18:59:37'),
(208, NULL, NULL, 124, 3, 4, '2021-04-14 18:59:37', '2021-04-14 18:59:37'),
(209, NULL, NULL, 124, 3, 5, '2021-04-14 18:59:37', '2021-04-14 18:59:37'),
(210, NULL, NULL, 124, 3, 6, '2021-04-14 18:59:37', '2021-04-14 18:59:37'),
(211, NULL, NULL, 125, 6, 1, '2021-04-14 18:59:37', '2021-04-14 18:59:37'),
(212, NULL, NULL, 125, 3, 2, '2021-04-14 18:59:37', '2021-04-14 18:59:37'),
(213, NULL, NULL, 125, 3, 3, '2021-04-14 18:59:37', '2021-04-14 18:59:37'),
(214, NULL, NULL, 125, 3, 4, '2021-04-14 18:59:37', '2021-04-14 18:59:37'),
(215, NULL, NULL, 125, 3, 5, '2021-04-14 18:59:37', '2021-04-14 18:59:37'),
(216, NULL, NULL, 125, 3, 6, '2021-04-14 18:59:37', '2021-04-14 18:59:37'),
(217, NULL, NULL, 126, 6, 1, '2021-04-14 18:59:37', '2021-04-14 18:59:37'),
(218, NULL, NULL, 126, 3, 2, '2021-04-14 18:59:37', '2021-04-14 18:59:37'),
(219, NULL, NULL, 126, 3, 3, '2021-04-14 18:59:37', '2021-04-14 18:59:37'),
(220, NULL, NULL, 126, 3, 4, '2021-04-14 18:59:37', '2021-04-14 18:59:37'),
(221, NULL, NULL, 126, 3, 5, '2021-04-14 18:59:37', '2021-04-14 18:59:37'),
(222, NULL, NULL, 126, 3, 6, '2021-04-14 18:59:37', '2021-04-14 18:59:37'),
(223, NULL, NULL, 127, 8, 1, '2021-04-14 18:59:37', '2021-04-14 18:59:37'),
(224, NULL, NULL, 127, 3, 2, '2021-04-14 18:59:37', '2021-04-14 18:59:37'),
(225, NULL, NULL, 127, 3, 3, '2021-04-14 18:59:37', '2021-04-14 18:59:37'),
(226, NULL, NULL, 127, 3, 4, '2021-04-14 18:59:37', '2021-04-14 18:59:37'),
(227, NULL, NULL, 127, 3, 5, '2021-04-14 18:59:37', '2021-04-14 18:59:37'),
(228, NULL, NULL, 127, 3, 6, '2021-04-14 18:59:37', '2021-04-14 18:59:37');

-- --------------------------------------------------------

--
-- Table structure for table `fo_debris`
--

DROP TABLE IF EXISTS `fo_debris`;
CREATE TABLE IF NOT EXISTS `fo_debris` (
  `id` int(11) NOT NULL AUTO_INCREMENT,
  `game_id` int(11) NOT NULL,
  `fo_position_id` int(11) NOT NULL,
  `created` datetime NOT NULL DEFAULT CURRENT_TIMESTAMP,
  `modified` datetime NOT NULL DEFAULT CURRENT_TIMESTAMP ON UPDATE CURRENT_TIMESTAMP,
  PRIMARY KEY (`id`),
  KEY `fo_position_id` (`fo_position_id`),
  KEY `game_id` (`game_id`),
  KEY `created` (`created`),
  KEY `modified` (`modified`)
) ENGINE=InnoDB AUTO_INCREMENT=2 DEFAULT CHARSET=utf8 COLLATE=utf8_bin;

-- --------------------------------------------------------

--
-- Table structure for table `fo_e_damage_types`
--

DROP TABLE IF EXISTS `fo_e_damage_types`;
CREATE TABLE IF NOT EXISTS `fo_e_damage_types` (
  `id` int(11) NOT NULL AUTO_INCREMENT,
  `name` varchar(10) COLLATE utf8_bin NOT NULL,
  PRIMARY KEY (`id`)
) ENGINE=InnoDB AUTO_INCREMENT=7 DEFAULT CHARSET=utf8 COLLATE=utf8_bin;

--
-- Dumping data for table `fo_e_damage_types`
--

INSERT INTO `fo_e_damage_types` (`id`, `name`) VALUES
(1, 'Tires'),
(2, 'Gearbox'),
(3, 'Brakes'),
(4, 'Engine'),
(5, 'Chassis'),
(6, 'Shocks');

-- --------------------------------------------------------

--
-- Table structure for table `fo_games`
--

DROP TABLE IF EXISTS `fo_games`;
CREATE TABLE IF NOT EXISTS `fo_games` (
  `id` int(11) NOT NULL AUTO_INCREMENT,
  `game_id` int(11) NOT NULL,
  `fo_track_id` int(11) NOT NULL,
  `cars_per_player` int(11) NOT NULL DEFAULT '1' COMMENT 'Number of cars each player will get',
  `wear_points` int(11) NOT NULL DEFAULT '21',
  `laps` int(11) NOT NULL DEFAULT '2',
  `pit_rule_id` int(11) DEFAULT NULL,
  `created` datetime NOT NULL DEFAULT CURRENT_TIMESTAMP,
  PRIMARY KEY (`id`),
  UNIQUE KEY `game_id` (`game_id`),
  KEY `track_id` (`fo_track_id`)
) ENGINE=InnoDB AUTO_INCREMENT=44 DEFAULT CHARSET=utf8 COLLATE=utf8_bin;

--
-- Dumping data for table `fo_games`
--

INSERT INTO `fo_games` (`id`, `game_id`, `fo_track_id`, `cars_per_player`, `wear_points`, `laps`, `pit_rule_id`, `created`) VALUES
(22, 42, 1, 1, 21, 2, NULL, '2021-04-10 20:30:39'),
(23, 43, 1, 1, 21, 2, NULL, '2021-04-10 18:31:52'),
(24, 44, 1, 1, 21, 2, NULL, '2021-04-10 18:32:01'),
(25, 45, 1, 1, 21, 2, NULL, '2021-04-10 18:33:27'),
(26, 46, 1, 1, 21, 2, NULL, '2021-04-10 18:41:17'),
(27, 47, 1, 1, 21, 2, NULL, '2021-04-10 18:41:30'),
(28, 48, 1, 1, 21, 2, NULL, '2021-04-10 18:48:16'),
(29, 49, 1, 1, 21, 2, NULL, '2021-04-10 18:55:05'),
(30, 50, 1, 1, 21, 2, NULL, '2021-04-10 18:55:28'),
(31, 51, 1, 1, 21, 2, NULL, '2021-04-10 18:56:47'),
(32, 52, 1, 1, 21, 2, NULL, '2021-04-10 18:57:49'),
(33, 53, 1, 1, 21, 2, NULL, '2021-04-10 18:58:09'),
(34, 54, 1, 1, 21, 2, NULL, '2021-04-10 19:13:30'),
(35, 55, 1, 1, 21, 2, NULL, '2021-04-10 19:13:36'),
(36, 56, 1, 1, 21, 2, NULL, '2021-04-10 19:15:45'),
(37, 57, 1, 1, 21, 2, NULL, '2021-04-10 19:15:45'),
(38, 58, 1, 1, 21, 2, NULL, '2021-04-10 19:16:14'),
(39, 59, 1, 2, 21, 2, NULL, '2021-04-10 19:17:33'),
(40, 60, 1, 2, 21, 2, NULL, '2021-04-10 19:18:20'),
(41, 61, 1, 2, 21, 2, NULL, '2021-04-10 19:22:47'),
(42, 62, 1, 2, 21, 2, NULL, '2021-04-11 14:27:17'),
(43, 63, 1, 3, 21, 2, NULL, '2021-04-11 14:27:37');

-- --------------------------------------------------------

--
-- Table structure for table `fo_logs`
--

DROP TABLE IF EXISTS `fo_logs`;
CREATE TABLE IF NOT EXISTS `fo_logs` (
  `id` int(11) NOT NULL AUTO_INCREMENT,
  `fo_car_id` int(11) NOT NULL,
  `fo_position_id` int(11) DEFAULT NULL,
  `gear` int(11) DEFAULT NULL,
  `roll` int(11) DEFAULT NULL,
  `ranking` int(11) DEFAULT NULL,
  `type` char(1) COLLATE utf8_bin NOT NULL COMMENT 'I - initial\r\nM - move\r\nD - damage\r\nR - repair\r\nF - finish',
  `created` datetime NOT NULL DEFAULT CURRENT_TIMESTAMP,
  `modified` datetime NOT NULL DEFAULT CURRENT_TIMESTAMP ON UPDATE CURRENT_TIMESTAMP,
  PRIMARY KEY (`id`),
  KEY `fo_car_id` (`fo_car_id`),
  KEY `fo_position_id` (`fo_position_id`),
  KEY `modified` (`modified`),
  KEY `created` (`created`)
) ENGINE=InnoDB AUTO_INCREMENT=128 DEFAULT CHARSET=utf8 COLLATE=utf8_bin;

--
-- Dumping data for table `fo_logs`
--

INSERT INTO `fo_logs` (`id`, `fo_car_id`, `fo_position_id`, `gear`, `roll`, `ranking`, `type`, `created`, `modified`) VALUES
(122, 81, 510, -1, NULL, NULL, 'I', '2021-04-14 18:59:37', '2021-04-14 18:59:37'),
(123, 79, 508, -1, NULL, NULL, 'I', '2021-04-14 18:59:37', '2021-04-14 18:59:37'),
(124, 78, 501, -1, NULL, NULL, 'I', '2021-04-14 18:59:37', '2021-04-14 18:59:37'),
(125, 82, 499, -1, NULL, NULL, 'I', '2021-04-14 18:59:37', '2021-04-14 18:59:37'),
(126, 83, 492, -1, NULL, NULL, 'I', '2021-04-14 18:59:37', '2021-04-14 18:59:37'),
(127, 77, 490, -1, NULL, NULL, 'I', '2021-04-14 18:59:37', '2021-04-14 18:59:37');

-- --------------------------------------------------------

--
-- Table structure for table `fo_move_options`
--

DROP TABLE IF EXISTS `fo_move_options`;
CREATE TABLE IF NOT EXISTS `fo_move_options` (
  `id` int(11) NOT NULL AUTO_INCREMENT,
  `fo_car_id` int(11) NOT NULL,
  `fo_position_id` int(11) NOT NULL,
  `fo_curve_id` int(11) DEFAULT NULL,
  `stops` int(11) DEFAULT NULL,
  PRIMARY KEY (`id`),
  KEY `fo_car_id` (`fo_car_id`),
  KEY `fo_position_id` (`fo_position_id`),
  KEY `fo_curve_id` (`fo_curve_id`)
) ENGINE=InnoDB AUTO_INCREMENT=212 DEFAULT CHARSET=utf8 COLLATE=utf8_bin;

-- --------------------------------------------------------

--
-- Table structure for table `fo_position2positions`
--

DROP TABLE IF EXISTS `fo_position2positions`;
CREATE TABLE IF NOT EXISTS `fo_position2positions` (
  `id` int(11) NOT NULL AUTO_INCREMENT,
  `fo_position_from_id` int(11) NOT NULL,
  `fo_position_to_id` int(11) NOT NULL,
  `is_left` tinyint(1) NOT NULL DEFAULT '0',
  `is_straight` tinyint(1) NOT NULL DEFAULT '0',
  `is_right` tinyint(1) NOT NULL DEFAULT '0',
  `is_curve` tinyint(1) NOT NULL DEFAULT '0',
  `is_adjacent` tinyint(1) NOT NULL,
  `is_equal_distance` tinyint(1) NOT NULL DEFAULT '0',
  `is_pitlane_move` tinyint(1) NOT NULL DEFAULT '0',
  PRIMARY KEY (`id`),
  KEY `fo_position_from_id` (`fo_position_from_id`),
  KEY `fo_position_to_id` (`fo_position_to_id`)
) ENGINE=InnoDB AUTO_INCREMENT=1296 DEFAULT CHARSET=utf8 COLLATE=utf8_bin;

--
-- Dumping data for table `fo_position2positions`
--

INSERT INTO `fo_position2positions` (`id`, `fo_position_from_id`, `fo_position_to_id`, `is_left`, `is_straight`, `is_right`, `is_curve`, `is_adjacent`, `is_equal_distance`, `is_pitlane_move`) VALUES
(1, 1, 4, 0, 1, 0, 0, 1, 0, 0),
(2, 2, 5, 0, 1, 0, 0, 1, 0, 0),
(3, 3, 6, 0, 1, 0, 0, 1, 0, 0),
(4, 4, 7, 0, 1, 0, 0, 1, 0, 0),
(5, 5, 8, 0, 1, 0, 0, 1, 0, 0),
(6, 6, 9, 0, 1, 0, 0, 1, 0, 0),
(7, 7, 10, 0, 1, 0, 0, 1, 0, 0),
(8, 8, 11, 0, 1, 0, 0, 1, 0, 0),
(9, 9, 12, 0, 1, 0, 0, 1, 0, 0),
(10, 10, 14, 0, 1, 0, 0, 1, 0, 0),
(11, 11, 13, 0, 1, 0, 0, 1, 0, 0),
(12, 12, 15, 0, 1, 0, 0, 1, 0, 0),
(13, 13, 17, 0, 1, 0, 0, 1, 0, 0),
(14, 29, 31, 0, 1, 0, 0, 1, 0, 0),
(15, 30, 33, 0, 1, 0, 0, 1, 0, 0),
(16, 31, 34, 0, 1, 0, 0, 1, 0, 0),
(17, 32, 35, 0, 1, 0, 0, 1, 0, 0),
(18, 33, 36, 0, 1, 0, 0, 1, 0, 0),
(19, 34, 37, 0, 1, 0, 0, 1, 0, 0),
(20, 35, 38, 0, 1, 0, 0, 1, 0, 0),
(21, 36, 39, 0, 1, 0, 0, 1, 0, 0),
(22, 37, 40, 0, 1, 0, 0, 1, 0, 0),
(23, 38, 41, 0, 1, 0, 0, 1, 0, 0),
(24, 39, 42, 0, 1, 0, 0, 1, 0, 0),
(25, 40, 43, 0, 1, 0, 0, 1, 0, 0),
(26, 41, 44, 0, 1, 0, 0, 1, 0, 0),
(27, 42, 45, 0, 1, 0, 0, 1, 0, 0),
(28, 43, 46, 0, 1, 0, 0, 1, 0, 0),
(29, 44, 47, 0, 1, 0, 0, 1, 0, 0),
(30, 45, 48, 0, 1, 0, 0, 1, 0, 0),
(31, 46, 49, 0, 1, 0, 0, 1, 0, 0),
(32, 47, 50, 0, 1, 0, 0, 1, 0, 0),
(33, 48, 51, 0, 1, 0, 0, 1, 0, 0),
(34, 49, 52, 0, 1, 0, 0, 1, 0, 0),
(35, 50, 53, 0, 1, 0, 0, 1, 0, 0),
(36, 51, 54, 0, 1, 0, 0, 1, 0, 0),
(37, 52, 55, 0, 1, 0, 0, 1, 0, 0),
(38, 53, 56, 0, 1, 0, 0, 1, 0, 0),
(39, 54, 57, 0, 1, 0, 0, 1, 0, 0),
(40, 55, 58, 0, 1, 0, 0, 1, 0, 0),
(41, 56, 59, 0, 1, 0, 0, 1, 0, 0),
(42, 57, 60, 0, 1, 0, 0, 1, 0, 0),
(43, 58, 61, 0, 1, 0, 0, 1, 0, 0),
(44, 59, 62, 0, 1, 0, 0, 1, 0, 0),
(45, 60, 63, 0, 1, 0, 0, 1, 0, 0),
(46, 61, 64, 0, 1, 0, 0, 1, 0, 0),
(47, 62, 65, 0, 1, 0, 0, 1, 0, 0),
(48, 63, 66, 0, 1, 0, 0, 1, 0, 0),
(49, 64, 67, 0, 1, 0, 0, 1, 0, 0),
(50, 65, 68, 0, 1, 0, 0, 1, 0, 0),
(51, 66, 69, 0, 1, 0, 0, 1, 0, 0),
(52, 67, 70, 0, 1, 0, 0, 1, 0, 0),
(53, 68, 71, 0, 1, 0, 0, 1, 0, 0),
(54, 69, 72, 0, 1, 0, 0, 1, 0, 0),
(55, 70, 73, 0, 1, 0, 0, 1, 0, 0),
(56, 71, 74, 0, 1, 0, 0, 1, 0, 0),
(57, 72, 75, 0, 1, 0, 0, 1, 0, 0),
(58, 73, 76, 0, 1, 0, 0, 1, 0, 0),
(59, 74, 77, 0, 1, 0, 0, 1, 0, 0),
(60, 75, 78, 0, 1, 0, 0, 1, 0, 0),
(61, 76, 79, 0, 1, 0, 0, 1, 0, 0),
(62, 77, 80, 0, 1, 0, 0, 1, 0, 0),
(63, 78, 81, 0, 1, 0, 0, 1, 0, 0),
(64, 79, 83, 0, 1, 0, 0, 1, 0, 0),
(65, 80, 82, 0, 1, 0, 0, 1, 0, 0),
(66, 81, 84, 0, 1, 0, 0, 1, 0, 0),
(67, 82, 88, 0, 1, 0, 0, 1, 0, 0),
(68, 106, 108, 0, 1, 0, 0, 1, 0, 0),
(69, 107, 110, 0, 1, 0, 0, 1, 0, 0),
(70, 108, 112, 0, 1, 0, 0, 1, 0, 0),
(71, 109, 111, 0, 1, 0, 0, 1, 0, 0),
(72, 110, 113, 0, 1, 0, 0, 1, 0, 0),
(73, 111, 115, 0, 1, 0, 0, 1, 0, 0),
(74, 124, 127, 0, 1, 0, 0, 1, 0, 0),
(75, 125, 128, 0, 1, 0, 0, 1, 0, 0),
(76, 126, 129, 0, 1, 0, 0, 1, 0, 0),
(77, 127, 130, 0, 1, 0, 0, 1, 0, 0),
(78, 128, 131, 0, 1, 0, 0, 1, 0, 0),
(79, 129, 132, 0, 1, 0, 0, 1, 0, 0),
(80, 130, 133, 0, 1, 0, 0, 1, 0, 0),
(81, 131, 134, 0, 1, 0, 0, 1, 0, 0),
(82, 132, 135, 0, 1, 0, 0, 1, 0, 0),
(83, 133, 136, 0, 1, 0, 0, 1, 0, 0),
(84, 134, 137, 0, 1, 0, 0, 1, 0, 0),
(85, 135, 138, 0, 1, 0, 0, 1, 0, 0),
(86, 136, 139, 0, 1, 0, 0, 1, 0, 0),
(87, 137, 140, 0, 1, 0, 0, 1, 0, 0),
(88, 138, 141, 0, 1, 0, 0, 1, 0, 0),
(89, 139, 142, 0, 1, 0, 0, 1, 0, 0),
(90, 140, 143, 0, 1, 0, 0, 1, 0, 0),
(91, 141, 144, 0, 1, 0, 0, 1, 0, 0),
(92, 142, 145, 0, 1, 0, 0, 1, 0, 0),
(93, 143, 146, 0, 1, 0, 0, 1, 0, 0),
(94, 144, 148, 0, 1, 0, 0, 1, 0, 0),
(95, 145, 147, 0, 1, 0, 0, 1, 0, 0),
(96, 146, 149, 0, 1, 0, 0, 1, 0, 0),
(97, 147, 153, 0, 1, 0, 0, 1, 0, 0),
(98, 160, 162, 0, 1, 0, 0, 1, 0, 0),
(99, 161, 164, 0, 1, 0, 0, 1, 0, 0),
(100, 162, 165, 0, 1, 0, 0, 1, 0, 0),
(101, 163, 166, 0, 1, 0, 0, 1, 0, 0),
(102, 164, 167, 0, 1, 0, 0, 1, 0, 0),
(103, 165, 169, 0, 1, 0, 0, 1, 0, 0),
(104, 166, 168, 0, 1, 0, 0, 1, 0, 0),
(105, 167, 170, 0, 1, 0, 0, 1, 0, 0),
(106, 168, 178, 0, 1, 0, 0, 1, 0, 0),
(107, 205, 207, 0, 1, 0, 0, 1, 0, 0),
(108, 206, 209, 0, 1, 0, 0, 1, 0, 0),
(109, 207, 210, 0, 1, 0, 0, 1, 0, 0),
(110, 208, 211, 0, 1, 0, 0, 1, 0, 0),
(111, 209, 212, 0, 1, 0, 0, 1, 0, 0),
(112, 210, 213, 0, 1, 0, 0, 1, 0, 0),
(113, 211, 214, 0, 1, 0, 0, 1, 0, 0),
(114, 212, 215, 0, 1, 0, 0, 1, 0, 0),
(115, 213, 216, 0, 1, 0, 0, 1, 0, 0),
(116, 214, 217, 0, 1, 0, 0, 1, 0, 0),
(117, 215, 218, 0, 1, 0, 0, 1, 0, 0),
(118, 216, 219, 0, 1, 0, 0, 1, 0, 0),
(119, 217, 220, 0, 1, 0, 0, 1, 0, 0),
(120, 218, 221, 0, 1, 0, 0, 1, 0, 0),
(121, 219, 222, 0, 1, 0, 0, 1, 0, 0),
(122, 220, 223, 0, 1, 0, 0, 1, 0, 0),
(123, 221, 224, 0, 1, 0, 0, 1, 0, 0),
(124, 222, 225, 0, 1, 0, 0, 1, 0, 0),
(125, 223, 226, 0, 1, 0, 0, 1, 0, 0),
(126, 224, 227, 0, 1, 0, 0, 1, 0, 0),
(127, 225, 228, 0, 1, 0, 0, 1, 0, 0),
(128, 226, 229, 0, 1, 0, 0, 1, 0, 0),
(129, 227, 230, 0, 1, 0, 0, 1, 0, 0),
(130, 228, 231, 0, 1, 0, 0, 1, 0, 0),
(131, 229, 232, 0, 1, 0, 0, 1, 0, 0),
(132, 230, 233, 0, 1, 0, 0, 1, 0, 0),
(133, 231, 234, 0, 1, 0, 0, 1, 0, 0),
(134, 232, 235, 0, 1, 0, 0, 1, 0, 0),
(135, 233, 236, 0, 1, 0, 0, 1, 0, 0),
(136, 234, 237, 0, 1, 0, 0, 1, 0, 0),
(137, 235, 238, 0, 1, 0, 0, 1, 0, 0),
(138, 236, 239, 0, 1, 0, 0, 1, 0, 0),
(139, 237, 240, 0, 1, 0, 0, 1, 0, 0),
(140, 238, 241, 0, 1, 0, 0, 1, 0, 0),
(141, 239, 242, 0, 1, 0, 0, 1, 0, 0),
(142, 240, 243, 0, 1, 0, 0, 1, 0, 0),
(143, 241, 244, 0, 1, 0, 0, 1, 0, 0),
(144, 242, 245, 0, 1, 0, 0, 1, 0, 0),
(145, 243, 246, 0, 1, 0, 0, 1, 0, 0),
(146, 244, 247, 0, 1, 0, 0, 1, 0, 0),
(147, 245, 248, 0, 1, 0, 0, 1, 0, 0),
(148, 246, 249, 0, 1, 0, 0, 1, 0, 0),
(149, 247, 250, 0, 1, 0, 0, 1, 0, 0),
(150, 248, 251, 0, 1, 0, 0, 1, 0, 0),
(151, 249, 252, 0, 1, 0, 0, 1, 0, 0),
(152, 250, 253, 0, 1, 0, 0, 1, 0, 0),
(153, 251, 254, 0, 1, 0, 0, 1, 0, 0),
(154, 252, 255, 0, 1, 0, 0, 1, 0, 0),
(155, 253, 256, 0, 1, 0, 0, 1, 0, 0),
(156, 254, 257, 0, 1, 0, 0, 1, 0, 0),
(157, 255, 258, 0, 1, 0, 0, 1, 0, 0),
(158, 256, 259, 0, 1, 0, 0, 1, 0, 0),
(159, 257, 260, 0, 1, 0, 0, 1, 0, 0),
(160, 258, 261, 0, 1, 0, 0, 1, 0, 0),
(161, 259, 262, 0, 1, 0, 0, 1, 0, 0),
(162, 260, 263, 0, 1, 0, 0, 1, 0, 0),
(163, 261, 264, 0, 1, 0, 0, 1, 0, 0),
(164, 262, 265, 0, 1, 0, 0, 1, 0, 0),
(165, 263, 266, 0, 1, 0, 0, 1, 0, 0),
(166, 264, 267, 0, 1, 0, 0, 1, 0, 0),
(167, 265, 268, 0, 1, 0, 0, 1, 0, 0),
(168, 266, 269, 0, 1, 0, 0, 1, 0, 0),
(169, 267, 270, 0, 1, 0, 0, 1, 0, 0),
(170, 268, 271, 0, 1, 0, 0, 1, 0, 0),
(171, 269, 272, 0, 1, 0, 0, 1, 0, 0),
(172, 270, 273, 0, 1, 0, 0, 1, 0, 0),
(173, 271, 274, 0, 1, 0, 0, 1, 0, 0),
(174, 272, 275, 0, 1, 0, 0, 1, 0, 0),
(175, 273, 276, 0, 1, 0, 0, 1, 0, 0),
(176, 274, 277, 0, 1, 0, 0, 1, 0, 0),
(177, 275, 278, 0, 1, 0, 0, 1, 0, 0),
(178, 276, 279, 0, 1, 0, 0, 1, 0, 0),
(179, 277, 280, 0, 1, 0, 0, 1, 0, 0),
(180, 278, 281, 0, 1, 0, 0, 1, 0, 0),
(181, 279, 282, 0, 1, 0, 0, 1, 0, 0),
(182, 280, 283, 0, 1, 0, 0, 1, 0, 0),
(183, 281, 284, 0, 1, 0, 0, 1, 0, 0),
(184, 282, 285, 0, 1, 0, 0, 1, 0, 0),
(185, 283, 286, 0, 1, 0, 0, 1, 0, 0),
(186, 284, 287, 0, 1, 0, 0, 1, 0, 0),
(187, 285, 289, 0, 1, 0, 0, 1, 0, 0),
(188, 286, 288, 0, 1, 0, 0, 1, 0, 0),
(189, 287, 290, 0, 1, 0, 0, 1, 0, 0),
(190, 288, 294, 0, 1, 0, 0, 1, 0, 0),
(191, 304, 306, 0, 1, 0, 0, 1, 0, 0),
(192, 305, 308, 0, 1, 0, 0, 1, 0, 0),
(193, 306, 309, 0, 1, 0, 0, 1, 0, 0),
(194, 307, 310, 0, 1, 0, 0, 1, 0, 0),
(195, 308, 311, 0, 1, 0, 0, 1, 0, 0),
(196, 309, 312, 0, 1, 0, 0, 1, 0, 0),
(197, 310, 313, 0, 1, 0, 0, 1, 0, 0),
(198, 311, 314, 0, 1, 0, 0, 1, 0, 0),
(199, 312, 315, 0, 1, 0, 0, 1, 0, 0),
(200, 313, 316, 0, 1, 0, 0, 1, 0, 0),
(201, 314, 317, 0, 1, 0, 0, 1, 0, 0),
(202, 315, 318, 0, 1, 0, 0, 1, 0, 0),
(203, 316, 319, 0, 1, 0, 0, 1, 0, 0),
(204, 317, 320, 0, 1, 0, 0, 1, 0, 0),
(205, 318, 321, 0, 1, 0, 0, 1, 0, 0),
(206, 319, 322, 0, 1, 0, 0, 1, 0, 0),
(207, 320, 323, 0, 1, 0, 0, 1, 0, 0),
(208, 321, 324, 0, 1, 0, 0, 1, 0, 0),
(209, 322, 325, 0, 1, 0, 0, 1, 0, 0),
(210, 323, 326, 0, 1, 0, 0, 1, 0, 0),
(211, 324, 327, 0, 1, 0, 0, 1, 0, 0),
(212, 325, 328, 0, 1, 0, 0, 1, 0, 0),
(213, 326, 329, 0, 1, 0, 0, 1, 0, 0),
(214, 327, 331, 0, 1, 0, 0, 1, 0, 0),
(215, 328, 330, 0, 1, 0, 0, 1, 0, 0),
(216, 329, 332, 0, 1, 0, 0, 1, 0, 0),
(217, 330, 334, 0, 1, 0, 0, 1, 0, 0),
(218, 346, 349, 0, 1, 0, 0, 1, 0, 0),
(219, 347, 350, 0, 1, 0, 0, 1, 0, 0),
(220, 348, 352, 0, 1, 0, 0, 1, 0, 0),
(221, 349, 351, 0, 1, 0, 0, 1, 0, 0),
(222, 350, 353, 0, 1, 0, 0, 1, 0, 0),
(223, 351, 357, 0, 1, 0, 0, 1, 0, 0),
(224, 382, 385, 0, 1, 0, 0, 1, 0, 0),
(225, 383, 386, 0, 1, 0, 0, 1, 0, 0),
(226, 384, 387, 0, 1, 0, 0, 1, 0, 0),
(227, 385, 388, 0, 1, 0, 0, 1, 0, 0),
(228, 386, 389, 0, 1, 0, 0, 1, 0, 0),
(229, 387, 391, 0, 1, 0, 0, 1, 0, 0),
(230, 388, 390, 0, 1, 0, 0, 1, 0, 0),
(231, 389, 392, 0, 1, 0, 0, 1, 0, 0),
(232, 390, 396, 0, 1, 0, 0, 1, 0, 0),
(233, 415, 418, 0, 1, 0, 0, 1, 0, 0),
(234, 416, 419, 0, 1, 0, 0, 1, 0, 0),
(235, 417, 420, 0, 1, 0, 0, 1, 0, 0),
(236, 418, 421, 0, 1, 0, 0, 1, 0, 0),
(237, 419, 422, 0, 1, 0, 0, 1, 0, 0),
(238, 420, 423, 0, 1, 0, 0, 1, 0, 0),
(239, 421, 424, 0, 1, 0, 0, 1, 0, 0),
(240, 422, 425, 0, 1, 0, 0, 1, 0, 0),
(241, 423, 426, 0, 1, 0, 0, 1, 0, 0),
(242, 424, 427, 0, 1, 0, 0, 1, 0, 0),
(243, 425, 428, 0, 1, 0, 0, 1, 0, 0),
(244, 426, 429, 0, 1, 0, 0, 1, 0, 0),
(245, 427, 430, 0, 1, 0, 0, 1, 0, 0),
(246, 428, 431, 0, 1, 0, 0, 1, 0, 0),
(247, 429, 433, 0, 1, 0, 0, 1, 0, 0),
(248, 430, 432, 0, 1, 0, 0, 1, 0, 0),
(249, 431, 434, 0, 1, 0, 0, 1, 0, 0),
(250, 432, 439, 0, 1, 0, 0, 1, 0, 0),
(251, 445, 446, 0, 0, 0, 0, 0, 0, 1),
(252, 446, 447, 0, 0, 0, 0, 0, 0, 1),
(253, 447, 448, 0, 0, 0, 0, 0, 0, 1),
(254, 448, 449, 0, 0, 0, 0, 0, 0, 1),
(255, 449, 450, 0, 0, 0, 0, 0, 0, 1),
(256, 450, 451, 0, 0, 0, 0, 0, 0, 1),
(257, 451, 452, 0, 0, 0, 0, 0, 0, 1),
(258, 452, 453, 0, 0, 0, 0, 0, 0, 1),
(259, 453, 454, 0, 0, 0, 0, 0, 0, 1),
(260, 454, 455, 0, 0, 0, 0, 0, 0, 1),
(261, 455, 456, 0, 0, 0, 0, 0, 0, 1),
(262, 456, 457, 0, 0, 0, 0, 0, 0, 1),
(263, 457, 458, 0, 0, 0, 0, 0, 0, 1),
(264, 458, 459, 0, 0, 0, 0, 0, 0, 1),
(265, 459, 460, 0, 0, 0, 0, 0, 0, 1),
(266, 460, 461, 0, 0, 0, 0, 0, 0, 1),
(267, 461, 462, 0, 0, 0, 0, 0, 0, 1),
(268, 462, 2, 1, 0, 0, 0, 1, 0, 0),
(269, 462, 5, 0, 1, 0, 0, 1, 0, 0),
(270, 463, 466, 0, 1, 0, 0, 1, 0, 0),
(271, 464, 467, 0, 1, 0, 0, 1, 0, 0),
(272, 465, 468, 0, 1, 0, 0, 1, 0, 0),
(273, 466, 469, 0, 1, 0, 0, 1, 0, 0),
(274, 467, 470, 0, 1, 0, 0, 1, 0, 0),
(275, 468, 471, 0, 1, 0, 0, 1, 0, 0),
(276, 469, 472, 0, 1, 0, 0, 1, 0, 0),
(277, 470, 473, 0, 1, 0, 0, 1, 0, 0),
(278, 471, 474, 0, 1, 0, 0, 1, 0, 0),
(279, 472, 475, 0, 1, 0, 0, 1, 0, 0),
(280, 473, 476, 0, 1, 0, 0, 1, 0, 0),
(281, 474, 477, 0, 1, 0, 0, 1, 0, 0),
(282, 475, 478, 0, 1, 0, 0, 1, 0, 0),
(283, 476, 479, 0, 1, 0, 0, 1, 0, 0),
(284, 477, 480, 0, 1, 0, 0, 1, 0, 0),
(285, 478, 481, 0, 1, 0, 0, 1, 0, 0),
(286, 479, 482, 0, 1, 0, 0, 1, 0, 0),
(287, 480, 483, 0, 1, 0, 0, 1, 0, 0),
(288, 481, 484, 0, 1, 0, 0, 1, 0, 0),
(289, 482, 485, 0, 1, 0, 0, 1, 0, 0),
(290, 483, 486, 0, 1, 0, 0, 1, 0, 0),
(291, 484, 487, 0, 1, 0, 0, 1, 0, 0),
(292, 485, 488, 0, 1, 0, 0, 1, 0, 0),
(293, 486, 489, 0, 1, 0, 0, 1, 0, 0),
(294, 487, 490, 0, 1, 0, 0, 1, 0, 0),
(295, 488, 491, 0, 1, 0, 0, 1, 0, 0),
(296, 489, 492, 0, 1, 0, 0, 1, 0, 0),
(297, 490, 493, 0, 1, 0, 0, 1, 0, 0),
(298, 491, 494, 0, 1, 0, 0, 1, 0, 0),
(299, 492, 495, 0, 1, 0, 0, 1, 0, 0),
(300, 493, 496, 0, 1, 0, 0, 1, 0, 0),
(301, 494, 497, 0, 1, 0, 0, 1, 0, 0),
(302, 495, 498, 0, 1, 0, 0, 1, 0, 0),
(303, 496, 499, 0, 1, 0, 0, 1, 0, 0),
(304, 497, 500, 0, 1, 0, 0, 1, 0, 0),
(305, 498, 501, 0, 1, 0, 0, 1, 0, 0),
(306, 499, 502, 0, 1, 0, 0, 1, 0, 0),
(307, 500, 503, 0, 1, 0, 0, 1, 0, 0),
(308, 501, 504, 0, 1, 0, 0, 1, 0, 0),
(309, 502, 505, 0, 1, 0, 0, 1, 0, 0),
(310, 503, 506, 0, 1, 0, 0, 1, 0, 0),
(311, 504, 507, 0, 1, 0, 0, 1, 0, 0),
(312, 505, 508, 0, 1, 0, 0, 1, 0, 0),
(313, 506, 509, 0, 1, 0, 0, 1, 0, 0),
(314, 507, 510, 0, 1, 0, 0, 1, 0, 0),
(315, 508, 511, 0, 1, 0, 0, 1, 0, 0),
(316, 509, 512, 0, 1, 0, 0, 1, 0, 0),
(317, 510, 513, 0, 1, 0, 0, 1, 0, 0),
(318, 511, 514, 0, 1, 0, 0, 1, 0, 0),
(319, 512, 515, 0, 1, 0, 0, 1, 0, 0),
(320, 513, 1, 0, 1, 0, 0, 1, 0, 0),
(321, 514, 2, 0, 1, 0, 0, 1, 0, 0),
(322, 515, 3, 0, 1, 0, 0, 1, 0, 0),
(323, 2, 3, 1, 0, 0, 0, 1, 0, 0),
(324, 3, 4, 1, 0, 0, 0, 1, 0, 0),
(325, 5, 6, 1, 0, 0, 0, 1, 0, 0),
(326, 6, 7, 1, 0, 0, 0, 1, 0, 0),
(327, 8, 9, 1, 0, 0, 0, 1, 0, 0),
(328, 9, 10, 1, 0, 0, 0, 1, 0, 0),
(329, 11, 12, 1, 0, 0, 0, 1, 0, 0),
(330, 29, 30, 1, 0, 0, 0, 1, 0, 0),
(331, 30, 32, 1, 0, 0, 0, 1, 0, 0),
(332, 31, 33, 1, 0, 0, 0, 1, 0, 0),
(333, 33, 35, 1, 0, 0, 0, 1, 0, 0),
(334, 34, 36, 1, 0, 0, 0, 1, 0, 0),
(335, 36, 38, 1, 0, 0, 0, 1, 0, 0),
(336, 37, 39, 1, 0, 0, 0, 1, 0, 0),
(337, 39, 41, 1, 0, 0, 0, 1, 0, 0),
(338, 40, 42, 1, 0, 0, 0, 1, 0, 0),
(339, 42, 44, 1, 0, 0, 0, 1, 0, 0),
(340, 43, 45, 1, 0, 0, 0, 1, 0, 0),
(341, 45, 47, 1, 0, 0, 0, 1, 0, 0),
(342, 46, 48, 1, 0, 0, 0, 1, 0, 0),
(343, 48, 50, 1, 0, 0, 0, 1, 0, 0),
(344, 49, 51, 1, 0, 0, 0, 1, 0, 0),
(345, 51, 53, 1, 0, 0, 0, 1, 0, 0),
(346, 52, 54, 1, 0, 0, 0, 1, 0, 0),
(347, 54, 56, 1, 0, 0, 0, 1, 0, 0),
(348, 55, 57, 1, 0, 0, 0, 1, 0, 0),
(349, 57, 59, 1, 0, 0, 0, 1, 0, 0),
(350, 58, 60, 1, 0, 0, 0, 1, 0, 0),
(351, 60, 62, 1, 0, 0, 0, 1, 0, 0),
(352, 61, 63, 1, 0, 0, 0, 1, 0, 0),
(353, 63, 65, 1, 0, 0, 0, 1, 0, 0),
(354, 64, 66, 1, 0, 0, 0, 1, 0, 0),
(355, 66, 68, 1, 0, 0, 0, 1, 0, 0),
(356, 67, 69, 1, 0, 0, 0, 1, 0, 0),
(357, 69, 71, 1, 0, 0, 0, 1, 0, 0),
(358, 70, 72, 1, 0, 0, 0, 1, 0, 0),
(359, 72, 74, 1, 0, 0, 0, 1, 0, 0),
(360, 73, 75, 1, 0, 0, 0, 1, 0, 0),
(361, 75, 77, 1, 0, 0, 0, 1, 0, 0),
(362, 76, 78, 1, 0, 0, 0, 1, 0, 0),
(363, 78, 80, 1, 0, 0, 0, 1, 0, 0),
(364, 79, 81, 1, 0, 0, 0, 1, 0, 0),
(365, 81, 82, 1, 0, 0, 0, 1, 0, 0),
(366, 107, 108, 1, 0, 0, 0, 1, 0, 0),
(367, 109, 110, 1, 0, 0, 0, 1, 0, 0),
(368, 124, 125, 1, 0, 0, 0, 1, 0, 0),
(369, 125, 126, 1, 0, 0, 0, 1, 0, 0),
(370, 127, 128, 1, 0, 0, 0, 1, 0, 0),
(371, 128, 129, 1, 0, 0, 0, 1, 0, 0),
(372, 130, 131, 1, 0, 0, 0, 1, 0, 0),
(373, 131, 132, 1, 0, 0, 0, 1, 0, 0),
(374, 133, 134, 1, 0, 0, 0, 1, 0, 0),
(375, 134, 135, 1, 0, 0, 0, 1, 0, 0),
(376, 136, 137, 1, 0, 0, 0, 1, 0, 0),
(377, 137, 138, 1, 0, 0, 0, 1, 0, 0),
(378, 139, 140, 1, 0, 0, 0, 1, 0, 0),
(379, 140, 141, 1, 0, 0, 0, 1, 0, 0),
(380, 142, 143, 1, 0, 0, 0, 1, 0, 0),
(381, 143, 144, 1, 0, 0, 0, 1, 0, 0),
(382, 145, 146, 1, 0, 0, 0, 1, 0, 0),
(383, 160, 161, 1, 0, 0, 0, 1, 0, 0),
(384, 161, 163, 1, 0, 0, 0, 1, 0, 0),
(385, 162, 164, 1, 0, 0, 0, 1, 0, 0),
(386, 164, 166, 1, 0, 0, 0, 1, 0, 0),
(387, 165, 167, 1, 0, 0, 0, 1, 0, 0),
(388, 205, 206, 1, 0, 0, 0, 1, 0, 0),
(389, 206, 208, 1, 0, 0, 0, 1, 0, 0),
(390, 207, 209, 1, 0, 0, 0, 1, 0, 0),
(391, 209, 211, 1, 0, 0, 0, 1, 0, 0),
(392, 210, 212, 1, 0, 0, 0, 1, 0, 0),
(393, 212, 214, 1, 0, 0, 0, 1, 0, 0),
(394, 213, 215, 1, 0, 0, 0, 1, 0, 0),
(395, 215, 217, 1, 0, 0, 0, 1, 0, 0),
(396, 216, 218, 1, 0, 0, 0, 1, 0, 0),
(397, 218, 220, 1, 0, 0, 0, 1, 0, 0),
(398, 219, 221, 1, 0, 0, 0, 1, 0, 0),
(399, 221, 223, 1, 0, 0, 0, 1, 0, 0),
(400, 222, 224, 1, 0, 0, 0, 1, 0, 0),
(401, 224, 226, 1, 0, 0, 0, 1, 0, 0),
(402, 225, 227, 1, 0, 0, 0, 1, 0, 0),
(403, 227, 229, 1, 0, 0, 0, 1, 0, 0),
(404, 228, 230, 1, 0, 0, 0, 1, 0, 0),
(405, 230, 232, 1, 0, 0, 0, 1, 0, 0),
(406, 231, 233, 1, 0, 0, 0, 1, 0, 0),
(407, 233, 235, 1, 0, 0, 0, 1, 0, 0),
(408, 234, 236, 1, 0, 0, 0, 1, 0, 0),
(409, 236, 238, 1, 0, 0, 0, 1, 0, 0),
(410, 237, 239, 1, 0, 0, 0, 1, 0, 0),
(411, 239, 241, 1, 0, 0, 0, 1, 0, 0),
(412, 240, 242, 1, 0, 0, 0, 1, 0, 0),
(413, 242, 244, 1, 0, 0, 0, 1, 0, 0),
(414, 243, 245, 1, 0, 0, 0, 1, 0, 0),
(415, 245, 247, 1, 0, 0, 0, 1, 0, 0),
(416, 246, 248, 1, 0, 0, 0, 1, 0, 0),
(417, 248, 250, 1, 0, 0, 0, 1, 0, 0),
(418, 249, 251, 1, 0, 0, 0, 1, 0, 0),
(419, 251, 253, 1, 0, 0, 0, 1, 0, 0),
(420, 252, 254, 1, 0, 0, 0, 1, 0, 0),
(421, 254, 256, 1, 0, 0, 0, 1, 0, 0),
(422, 255, 257, 1, 0, 0, 0, 1, 0, 0),
(423, 257, 259, 1, 0, 0, 0, 1, 0, 0),
(424, 258, 260, 1, 0, 0, 0, 1, 0, 0),
(425, 260, 262, 1, 0, 0, 0, 1, 0, 0),
(426, 261, 263, 1, 0, 0, 0, 1, 0, 0),
(427, 263, 265, 1, 0, 0, 0, 1, 0, 0),
(428, 264, 266, 1, 0, 0, 0, 1, 0, 0),
(429, 266, 268, 1, 0, 0, 0, 1, 0, 0),
(430, 267, 269, 1, 0, 0, 0, 1, 0, 0),
(431, 269, 271, 1, 0, 0, 0, 1, 0, 0),
(432, 270, 272, 1, 0, 0, 0, 1, 0, 0),
(433, 272, 274, 1, 0, 0, 0, 1, 0, 0),
(434, 273, 275, 1, 0, 0, 0, 1, 0, 0),
(435, 275, 277, 1, 0, 0, 0, 1, 0, 0),
(436, 276, 278, 1, 0, 0, 0, 1, 0, 0),
(437, 278, 280, 1, 0, 0, 0, 1, 0, 0),
(438, 279, 281, 1, 0, 0, 0, 1, 0, 0),
(439, 281, 283, 1, 0, 0, 0, 1, 0, 0),
(440, 282, 284, 1, 0, 0, 0, 1, 0, 0),
(441, 284, 286, 1, 0, 0, 0, 1, 0, 0),
(442, 285, 287, 1, 0, 0, 0, 1, 0, 0),
(443, 304, 305, 1, 0, 0, 0, 1, 0, 0),
(444, 305, 307, 1, 0, 0, 0, 1, 0, 0),
(445, 306, 308, 1, 0, 0, 0, 1, 0, 0),
(446, 308, 310, 1, 0, 0, 0, 1, 0, 0),
(447, 309, 311, 1, 0, 0, 0, 1, 0, 0),
(448, 311, 313, 1, 0, 0, 0, 1, 0, 0),
(449, 312, 314, 1, 0, 0, 0, 1, 0, 0),
(450, 314, 316, 1, 0, 0, 0, 1, 0, 0),
(451, 315, 317, 1, 0, 0, 0, 1, 0, 0),
(452, 317, 319, 1, 0, 0, 0, 1, 0, 0),
(453, 318, 320, 1, 0, 0, 0, 1, 0, 0),
(454, 320, 322, 1, 0, 0, 0, 1, 0, 0),
(455, 321, 323, 1, 0, 0, 0, 1, 0, 0),
(456, 323, 325, 1, 0, 0, 0, 1, 0, 0),
(457, 324, 326, 1, 0, 0, 0, 1, 0, 0),
(458, 326, 328, 1, 0, 0, 0, 1, 0, 0),
(459, 327, 329, 1, 0, 0, 0, 1, 0, 0),
(460, 347, 349, 1, 0, 0, 0, 1, 0, 0),
(461, 348, 350, 1, 0, 0, 0, 1, 0, 0),
(462, 383, 385, 1, 0, 0, 0, 1, 0, 0),
(463, 384, 386, 1, 0, 0, 0, 1, 0, 0),
(464, 386, 388, 1, 0, 0, 0, 1, 0, 0),
(465, 387, 389, 1, 0, 0, 0, 1, 0, 0),
(466, 415, 416, 1, 0, 0, 0, 1, 0, 0),
(467, 416, 417, 1, 0, 0, 0, 1, 0, 0),
(468, 418, 419, 1, 0, 0, 0, 1, 0, 0),
(469, 419, 420, 1, 0, 0, 0, 1, 0, 0),
(470, 421, 422, 1, 0, 0, 0, 1, 0, 0),
(471, 422, 423, 1, 0, 0, 0, 1, 0, 0),
(472, 424, 425, 1, 0, 0, 0, 1, 0, 0),
(473, 425, 426, 1, 0, 0, 0, 1, 0, 0),
(474, 427, 428, 1, 0, 0, 0, 1, 0, 0),
(475, 428, 429, 1, 0, 0, 0, 1, 0, 0),
(476, 430, 431, 1, 0, 0, 0, 1, 0, 0),
(477, 463, 464, 1, 0, 0, 0, 1, 0, 0),
(478, 464, 465, 1, 0, 0, 0, 1, 0, 0),
(479, 466, 467, 1, 0, 0, 0, 1, 0, 0),
(480, 467, 468, 1, 0, 0, 0, 1, 0, 0),
(481, 469, 470, 1, 0, 0, 0, 1, 0, 0),
(482, 470, 471, 1, 0, 0, 0, 1, 0, 0),
(483, 472, 473, 1, 0, 0, 0, 1, 0, 0),
(484, 473, 474, 1, 0, 0, 0, 1, 0, 0),
(485, 475, 476, 1, 0, 0, 0, 1, 0, 0),
(486, 476, 477, 1, 0, 0, 0, 1, 0, 0),
(487, 478, 479, 1, 0, 0, 0, 1, 0, 0),
(488, 479, 480, 1, 0, 0, 0, 1, 0, 0),
(489, 481, 482, 1, 0, 0, 0, 1, 0, 0),
(490, 482, 483, 1, 0, 0, 0, 1, 0, 0),
(491, 484, 485, 1, 0, 0, 0, 1, 0, 0),
(492, 485, 486, 1, 0, 0, 0, 1, 0, 0),
(493, 487, 488, 1, 0, 0, 0, 1, 0, 0),
(494, 488, 489, 1, 0, 0, 0, 1, 0, 0),
(495, 490, 491, 1, 0, 0, 0, 1, 0, 0),
(496, 491, 492, 1, 0, 0, 0, 1, 0, 0),
(497, 493, 494, 1, 0, 0, 0, 1, 0, 0),
(498, 494, 495, 1, 0, 0, 0, 1, 0, 0),
(499, 496, 497, 1, 0, 0, 0, 1, 0, 0),
(500, 497, 498, 1, 0, 0, 0, 1, 0, 0),
(501, 499, 500, 1, 0, 0, 0, 1, 0, 0),
(502, 500, 501, 1, 0, 0, 0, 1, 0, 0),
(503, 502, 503, 1, 0, 0, 0, 1, 0, 0),
(504, 503, 504, 1, 0, 0, 0, 1, 0, 0),
(505, 505, 506, 1, 0, 0, 0, 1, 0, 0),
(506, 506, 507, 1, 0, 0, 0, 1, 0, 0),
(507, 508, 509, 1, 0, 0, 0, 1, 0, 0),
(508, 509, 510, 1, 0, 0, 0, 1, 0, 0),
(509, 511, 512, 1, 0, 0, 0, 1, 0, 0),
(510, 512, 513, 1, 0, 0, 0, 1, 0, 0),
(511, 514, 515, 1, 0, 0, 0, 1, 0, 0),
(512, 515, 1, 1, 0, 0, 0, 1, 0, 0),
(513, 1, 3, 0, 0, 1, 0, 1, 0, 0),
(514, 3, 5, 0, 0, 1, 0, 1, 0, 0),
(515, 4, 6, 0, 0, 1, 0, 1, 0, 0),
(516, 6, 8, 0, 0, 1, 0, 1, 0, 0),
(517, 7, 9, 0, 0, 1, 0, 1, 0, 0),
(518, 9, 11, 0, 0, 1, 0, 1, 0, 0),
(519, 10, 12, 0, 0, 1, 0, 1, 0, 0),
(520, 30, 31, 0, 0, 1, 0, 1, 0, 0),
(521, 32, 33, 0, 0, 1, 0, 1, 0, 0),
(522, 33, 34, 0, 0, 1, 0, 1, 0, 0),
(523, 35, 36, 0, 0, 1, 0, 1, 0, 0),
(524, 36, 37, 0, 0, 1, 0, 1, 0, 0),
(525, 38, 39, 0, 0, 1, 0, 1, 0, 0),
(526, 39, 40, 0, 0, 1, 0, 1, 0, 0),
(527, 41, 42, 0, 0, 1, 0, 1, 0, 0),
(528, 42, 43, 0, 0, 1, 0, 1, 0, 0),
(529, 44, 45, 0, 0, 1, 0, 1, 0, 0),
(530, 45, 46, 0, 0, 1, 0, 1, 0, 0),
(531, 47, 48, 0, 0, 1, 0, 1, 0, 0),
(532, 48, 49, 0, 0, 1, 0, 1, 0, 0),
(533, 50, 51, 0, 0, 1, 0, 1, 0, 0),
(534, 51, 52, 0, 0, 1, 0, 1, 0, 0),
(535, 53, 54, 0, 0, 1, 0, 1, 0, 0),
(536, 54, 55, 0, 0, 1, 0, 1, 0, 0),
(537, 56, 57, 0, 0, 1, 0, 1, 0, 0),
(538, 57, 58, 0, 0, 1, 0, 1, 0, 0),
(539, 59, 60, 0, 0, 1, 0, 1, 0, 0),
(540, 60, 61, 0, 0, 1, 0, 1, 0, 0),
(541, 62, 63, 0, 0, 1, 0, 1, 0, 0),
(542, 63, 64, 0, 0, 1, 0, 1, 0, 0),
(543, 65, 66, 0, 0, 1, 0, 1, 0, 0),
(544, 66, 67, 0, 0, 1, 0, 1, 0, 0),
(545, 68, 69, 0, 0, 1, 0, 1, 0, 0),
(546, 69, 70, 0, 0, 1, 0, 1, 0, 0),
(547, 71, 72, 0, 0, 1, 0, 1, 0, 0),
(548, 72, 73, 0, 0, 1, 0, 1, 0, 0),
(549, 74, 75, 0, 0, 1, 0, 1, 0, 0),
(550, 75, 76, 0, 0, 1, 0, 1, 0, 0),
(551, 77, 78, 0, 0, 1, 0, 1, 0, 0),
(552, 78, 79, 0, 0, 1, 0, 1, 0, 0),
(553, 80, 81, 0, 0, 1, 0, 1, 0, 0),
(554, 106, 107, 0, 0, 1, 0, 1, 0, 0),
(555, 107, 109, 0, 0, 1, 0, 1, 0, 0),
(556, 108, 110, 0, 0, 1, 0, 1, 0, 0),
(557, 125, 127, 0, 0, 1, 0, 1, 0, 0),
(558, 126, 128, 0, 0, 1, 0, 1, 0, 0),
(559, 128, 130, 0, 0, 1, 0, 1, 0, 0),
(560, 129, 131, 0, 0, 1, 0, 1, 0, 0),
(561, 131, 133, 0, 0, 1, 0, 1, 0, 0),
(562, 132, 134, 0, 0, 1, 0, 1, 0, 0),
(563, 134, 136, 0, 0, 1, 0, 1, 0, 0),
(564, 135, 137, 0, 0, 1, 0, 1, 0, 0),
(565, 137, 139, 0, 0, 1, 0, 1, 0, 0),
(566, 138, 140, 0, 0, 1, 0, 1, 0, 0),
(567, 140, 142, 0, 0, 1, 0, 1, 0, 0),
(568, 141, 143, 0, 0, 1, 0, 1, 0, 0),
(569, 143, 145, 0, 0, 1, 0, 1, 0, 0),
(570, 144, 146, 0, 0, 1, 0, 1, 0, 0),
(571, 161, 162, 0, 0, 1, 0, 1, 0, 0),
(572, 163, 164, 0, 0, 1, 0, 1, 0, 0),
(573, 164, 165, 0, 0, 1, 0, 1, 0, 0),
(574, 166, 167, 0, 0, 1, 0, 1, 0, 0),
(575, 206, 207, 0, 0, 1, 0, 1, 0, 0),
(576, 208, 209, 0, 0, 1, 0, 1, 0, 0),
(577, 209, 210, 0, 0, 1, 0, 1, 0, 0),
(578, 211, 212, 0, 0, 1, 0, 1, 0, 0),
(579, 212, 213, 0, 0, 1, 0, 1, 0, 0),
(580, 214, 215, 0, 0, 1, 0, 1, 0, 0),
(581, 215, 216, 0, 0, 1, 0, 1, 0, 0),
(582, 217, 218, 0, 0, 1, 0, 1, 0, 0),
(583, 218, 219, 0, 0, 1, 0, 1, 0, 0),
(584, 220, 221, 0, 0, 1, 0, 1, 0, 0),
(585, 221, 222, 0, 0, 1, 0, 1, 0, 0),
(586, 223, 224, 0, 0, 1, 0, 1, 0, 0),
(587, 224, 225, 0, 0, 1, 0, 1, 0, 0),
(588, 226, 227, 0, 0, 1, 0, 1, 0, 0),
(589, 227, 228, 0, 0, 1, 0, 1, 0, 0),
(590, 229, 230, 0, 0, 1, 0, 1, 0, 0),
(591, 230, 231, 0, 0, 1, 0, 1, 0, 0),
(592, 232, 233, 0, 0, 1, 0, 1, 0, 0),
(593, 233, 234, 0, 0, 1, 0, 1, 0, 0),
(594, 235, 236, 0, 0, 1, 0, 1, 0, 0),
(595, 236, 237, 0, 0, 1, 0, 1, 0, 0),
(596, 238, 239, 0, 0, 1, 0, 1, 0, 0),
(597, 239, 240, 0, 0, 1, 0, 1, 0, 0),
(598, 241, 242, 0, 0, 1, 0, 1, 0, 0),
(599, 242, 243, 0, 0, 1, 0, 1, 0, 0),
(600, 244, 245, 0, 0, 1, 0, 1, 0, 0),
(601, 245, 246, 0, 0, 1, 0, 1, 0, 0),
(602, 247, 248, 0, 0, 1, 0, 1, 0, 0),
(603, 248, 249, 0, 0, 1, 0, 1, 0, 0),
(604, 250, 251, 0, 0, 1, 0, 1, 0, 0),
(605, 251, 252, 0, 0, 1, 0, 1, 0, 0),
(606, 253, 254, 0, 0, 1, 0, 1, 0, 0),
(607, 254, 255, 0, 0, 1, 0, 1, 0, 0),
(608, 256, 257, 0, 0, 1, 0, 1, 0, 0),
(609, 257, 258, 0, 0, 1, 0, 1, 0, 0),
(610, 259, 260, 0, 0, 1, 0, 1, 0, 0),
(611, 260, 261, 0, 0, 1, 0, 1, 0, 0),
(612, 262, 263, 0, 0, 1, 0, 1, 0, 0),
(613, 263, 264, 0, 0, 1, 0, 1, 0, 0),
(614, 265, 266, 0, 0, 1, 0, 1, 0, 0),
(615, 266, 267, 0, 0, 1, 0, 1, 0, 0),
(616, 268, 269, 0, 0, 1, 0, 1, 0, 0),
(617, 269, 270, 0, 0, 1, 0, 1, 0, 0),
(618, 271, 272, 0, 0, 1, 0, 1, 0, 0),
(619, 272, 273, 0, 0, 1, 0, 1, 0, 0),
(620, 274, 275, 0, 0, 1, 0, 1, 0, 0),
(621, 275, 276, 0, 0, 1, 0, 1, 0, 0),
(622, 277, 278, 0, 0, 1, 0, 1, 0, 0),
(623, 278, 279, 0, 0, 1, 0, 1, 0, 0),
(624, 280, 281, 0, 0, 1, 0, 1, 0, 0),
(625, 281, 282, 0, 0, 1, 0, 1, 0, 0),
(626, 283, 284, 0, 0, 1, 0, 1, 0, 0),
(627, 284, 285, 0, 0, 1, 0, 1, 0, 0),
(628, 286, 287, 0, 0, 1, 0, 1, 0, 0),
(629, 305, 306, 0, 0, 1, 0, 1, 0, 0),
(630, 307, 308, 0, 0, 1, 0, 1, 0, 0),
(631, 308, 309, 0, 0, 1, 0, 1, 0, 0),
(632, 310, 311, 0, 0, 1, 0, 1, 0, 0),
(633, 311, 312, 0, 0, 1, 0, 1, 0, 0),
(634, 313, 314, 0, 0, 1, 0, 1, 0, 0),
(635, 314, 315, 0, 0, 1, 0, 1, 0, 0),
(636, 316, 317, 0, 0, 1, 0, 1, 0, 0),
(637, 317, 318, 0, 0, 1, 0, 1, 0, 0),
(638, 319, 320, 0, 0, 1, 0, 1, 0, 0),
(639, 320, 321, 0, 0, 1, 0, 1, 0, 0),
(640, 322, 323, 0, 0, 1, 0, 1, 0, 0),
(641, 323, 324, 0, 0, 1, 0, 1, 0, 0),
(642, 325, 326, 0, 0, 1, 0, 1, 0, 0),
(643, 326, 327, 0, 0, 1, 0, 1, 0, 0),
(644, 328, 329, 0, 0, 1, 0, 1, 0, 0),
(645, 346, 347, 0, 0, 1, 0, 1, 0, 0),
(646, 347, 348, 0, 0, 1, 0, 1, 0, 0),
(647, 349, 350, 0, 0, 1, 0, 1, 0, 0),
(648, 382, 383, 0, 0, 1, 0, 1, 0, 0),
(649, 383, 384, 0, 0, 1, 0, 1, 0, 0),
(650, 385, 386, 0, 0, 1, 0, 1, 0, 0),
(651, 386, 387, 0, 0, 1, 0, 1, 0, 0),
(652, 388, 389, 0, 0, 1, 0, 1, 0, 0),
(653, 416, 418, 0, 0, 1, 0, 1, 0, 0),
(654, 417, 419, 0, 0, 1, 0, 1, 0, 0),
(655, 419, 421, 0, 0, 1, 0, 1, 0, 0),
(656, 420, 422, 0, 0, 1, 0, 1, 0, 0),
(657, 422, 424, 0, 0, 1, 0, 1, 0, 0),
(658, 423, 425, 0, 0, 1, 0, 1, 0, 0),
(659, 425, 427, 0, 0, 1, 0, 1, 0, 0),
(660, 426, 428, 0, 0, 1, 0, 1, 0, 0),
(661, 428, 430, 0, 0, 1, 0, 1, 0, 0),
(662, 429, 431, 0, 0, 1, 0, 1, 0, 0),
(663, 463, 445, 0, 0, 0, 0, 0, 0, 1),
(664, 464, 466, 0, 0, 1, 0, 1, 0, 0),
(665, 465, 467, 0, 0, 1, 0, 1, 0, 0),
(666, 466, 445, 0, 0, 0, 0, 0, 0, 1),
(667, 467, 469, 0, 0, 1, 0, 1, 0, 0),
(668, 468, 470, 0, 0, 1, 0, 1, 0, 0),
(669, 470, 472, 0, 0, 1, 0, 1, 0, 0),
(670, 471, 473, 0, 0, 1, 0, 1, 0, 0),
(671, 473, 475, 0, 0, 1, 0, 1, 0, 0),
(672, 474, 476, 0, 0, 1, 0, 1, 0, 0),
(673, 476, 478, 0, 0, 1, 0, 1, 0, 0),
(674, 477, 479, 0, 0, 1, 0, 1, 0, 0),
(675, 479, 481, 0, 0, 1, 0, 1, 0, 0),
(676, 480, 482, 0, 0, 1, 0, 1, 0, 0),
(677, 482, 484, 0, 0, 1, 0, 1, 0, 0),
(678, 483, 485, 0, 0, 1, 0, 1, 0, 0),
(679, 485, 487, 0, 0, 1, 0, 1, 0, 0),
(680, 486, 488, 0, 0, 1, 0, 1, 0, 0),
(681, 488, 490, 0, 0, 1, 0, 1, 0, 0),
(682, 489, 491, 0, 0, 1, 0, 1, 0, 0),
(683, 491, 493, 0, 0, 1, 0, 1, 0, 0),
(684, 492, 494, 0, 0, 1, 0, 1, 0, 0),
(685, 494, 496, 0, 0, 1, 0, 1, 0, 0),
(686, 495, 497, 0, 0, 1, 0, 1, 0, 0),
(687, 497, 499, 0, 0, 1, 0, 1, 0, 0),
(688, 498, 500, 0, 0, 1, 0, 1, 0, 0),
(689, 500, 502, 0, 0, 1, 0, 1, 0, 0),
(690, 501, 503, 0, 0, 1, 0, 1, 0, 0),
(691, 503, 505, 0, 0, 1, 0, 1, 0, 0),
(692, 504, 506, 0, 0, 1, 0, 1, 0, 0),
(693, 506, 508, 0, 0, 1, 0, 1, 0, 0),
(694, 507, 509, 0, 0, 1, 0, 1, 0, 0),
(695, 509, 511, 0, 0, 1, 0, 1, 0, 0),
(696, 510, 512, 0, 0, 1, 0, 1, 0, 0),
(697, 512, 514, 0, 0, 1, 0, 1, 0, 0),
(698, 513, 515, 0, 0, 1, 0, 1, 0, 0),
(699, 515, 2, 0, 0, 1, 0, 1, 0, 0),
(700, 14, 15, 0, 0, 0, 1, 1, 0, 0),
(701, 14, 16, 0, 0, 0, 1, 1, 0, 0),
(702, 15, 17, 0, 0, 0, 1, 1, 0, 0),
(703, 15, 18, 0, 0, 0, 1, 1, 0, 0),
(704, 16, 18, 0, 0, 0, 1, 1, 0, 0),
(705, 16, 19, 0, 0, 0, 1, 1, 0, 0),
(706, 17, 22, 0, 0, 0, 1, 1, 0, 0),
(707, 18, 21, 0, 0, 0, 1, 1, 0, 0),
(708, 18, 22, 0, 0, 0, 1, 1, 0, 0),
(709, 19, 20, 0, 0, 0, 1, 1, 0, 0),
(710, 19, 21, 0, 0, 0, 1, 1, 0, 0),
(711, 20, 23, 0, 0, 0, 1, 1, 0, 0),
(712, 21, 24, 0, 0, 0, 1, 1, 0, 0),
(713, 22, 26, 0, 0, 0, 1, 1, 0, 0),
(714, 23, 24, 0, 0, 0, 1, 1, 0, 0),
(715, 23, 25, 0, 0, 0, 1, 1, 0, 0),
(716, 24, 26, 0, 0, 0, 1, 1, 0, 0),
(717, 24, 27, 0, 0, 0, 1, 1, 0, 0),
(718, 25, 27, 0, 0, 0, 1, 1, 0, 0),
(719, 25, 28, 0, 0, 0, 1, 1, 0, 0),
(720, 26, 29, 0, 0, 0, 1, 1, 0, 0),
(721, 27, 29, 0, 0, 0, 1, 1, 0, 0),
(722, 27, 30, 0, 0, 0, 1, 1, 0, 0),
(723, 28, 30, 0, 0, 0, 1, 1, 0, 0),
(724, 28, 32, 0, 0, 0, 1, 1, 0, 0),
(725, 83, 84, 0, 0, 0, 1, 1, 0, 0),
(726, 83, 85, 0, 0, 0, 1, 1, 0, 0),
(727, 84, 86, 0, 0, 0, 1, 1, 0, 0),
(728, 84, 88, 0, 0, 0, 1, 1, 0, 0),
(729, 85, 86, 0, 0, 0, 1, 1, 0, 0),
(730, 85, 87, 0, 0, 0, 1, 1, 0, 0),
(731, 86, 89, 0, 0, 0, 1, 1, 0, 0),
(732, 87, 89, 0, 0, 0, 1, 1, 0, 0),
(733, 87, 90, 0, 0, 0, 1, 1, 0, 0),
(734, 88, 91, 0, 0, 0, 1, 1, 0, 0),
(735, 89, 91, 0, 0, 0, 1, 1, 0, 0),
(736, 89, 93, 0, 0, 0, 1, 1, 0, 0),
(737, 90, 92, 0, 0, 0, 1, 1, 0, 0),
(738, 90, 93, 0, 0, 0, 1, 1, 0, 0),
(739, 91, 95, 0, 0, 0, 1, 1, 0, 0),
(740, 92, 94, 0, 0, 0, 1, 1, 0, 0),
(741, 93, 95, 0, 0, 0, 1, 1, 0, 0),
(742, 93, 96, 0, 0, 0, 1, 1, 0, 0),
(743, 94, 96, 0, 0, 0, 1, 1, 0, 0),
(744, 94, 97, 0, 0, 0, 1, 1, 0, 0),
(745, 95, 99, 0, 0, 0, 1, 1, 0, 0),
(746, 96, 98, 0, 0, 0, 1, 1, 0, 0),
(747, 96, 99, 0, 0, 0, 1, 1, 0, 0),
(748, 97, 98, 0, 0, 0, 1, 1, 0, 0),
(749, 97, 100, 0, 0, 0, 1, 1, 0, 0),
(750, 98, 101, 0, 0, 0, 1, 1, 0, 0),
(751, 99, 103, 0, 0, 0, 1, 1, 0, 0),
(752, 100, 101, 0, 0, 0, 1, 1, 0, 0),
(753, 100, 102, 0, 0, 0, 1, 1, 0, 0),
(754, 101, 103, 0, 0, 0, 1, 1, 0, 0),
(755, 101, 104, 0, 0, 0, 1, 1, 0, 0),
(756, 102, 104, 0, 0, 0, 1, 1, 0, 0),
(757, 102, 105, 0, 0, 0, 1, 1, 0, 0),
(758, 103, 106, 0, 0, 0, 1, 1, 0, 0),
(759, 104, 106, 0, 0, 0, 1, 1, 0, 0),
(760, 104, 107, 0, 0, 0, 1, 1, 0, 0),
(761, 105, 107, 0, 0, 0, 1, 1, 0, 0),
(762, 105, 109, 0, 0, 0, 1, 1, 0, 0),
(763, 112, 113, 0, 0, 0, 1, 1, 0, 0),
(764, 112, 114, 0, 0, 0, 1, 1, 0, 0),
(765, 113, 115, 0, 0, 0, 1, 1, 0, 0),
(766, 113, 116, 0, 0, 0, 1, 1, 0, 0),
(767, 114, 116, 0, 0, 0, 1, 1, 0, 0),
(768, 114, 117, 0, 0, 0, 1, 1, 0, 0),
(769, 115, 121, 0, 0, 0, 1, 1, 0, 0),
(770, 116, 119, 0, 0, 0, 1, 1, 0, 0),
(771, 116, 121, 0, 0, 0, 1, 1, 0, 0),
(772, 117, 118, 0, 0, 0, 1, 1, 0, 0),
(773, 117, 119, 0, 0, 0, 1, 1, 0, 0),
(774, 118, 120, 0, 0, 0, 1, 1, 0, 0),
(775, 119, 122, 0, 0, 0, 1, 1, 0, 0),
(776, 120, 122, 0, 0, 0, 1, 1, 0, 0),
(777, 120, 123, 0, 0, 0, 1, 1, 0, 0),
(778, 121, 124, 0, 0, 0, 1, 1, 0, 0),
(779, 122, 124, 0, 0, 0, 1, 1, 0, 0),
(780, 122, 125, 0, 0, 0, 1, 1, 0, 0),
(781, 123, 125, 0, 0, 0, 1, 1, 0, 0),
(782, 123, 126, 0, 0, 0, 1, 1, 0, 0),
(783, 148, 149, 0, 0, 0, 1, 1, 0, 0),
(784, 148, 150, 0, 0, 0, 1, 1, 0, 0),
(785, 149, 151, 0, 0, 0, 1, 1, 0, 0),
(786, 149, 153, 0, 0, 0, 1, 1, 0, 0),
(787, 150, 151, 0, 0, 0, 1, 1, 0, 0),
(788, 150, 152, 0, 0, 0, 1, 1, 0, 0),
(789, 151, 155, 0, 0, 0, 1, 1, 0, 0),
(790, 152, 154, 0, 0, 0, 1, 1, 0, 0),
(791, 152, 155, 0, 0, 0, 1, 1, 0, 0),
(792, 153, 157, 0, 0, 0, 1, 1, 0, 0),
(793, 154, 156, 0, 0, 0, 1, 1, 0, 0),
(794, 155, 157, 0, 0, 0, 1, 1, 0, 0),
(795, 155, 158, 0, 0, 0, 1, 1, 0, 0),
(796, 156, 158, 0, 0, 0, 1, 1, 0, 0),
(797, 156, 159, 0, 0, 0, 1, 1, 0, 0),
(798, 157, 160, 0, 0, 0, 1, 1, 0, 0),
(799, 158, 160, 0, 0, 0, 1, 1, 0, 0),
(800, 158, 161, 0, 0, 0, 1, 1, 0, 0),
(801, 159, 161, 0, 0, 0, 1, 1, 0, 0),
(802, 159, 163, 0, 0, 0, 1, 1, 0, 0),
(803, 169, 170, 0, 0, 0, 1, 1, 0, 0),
(804, 169, 171, 0, 0, 0, 1, 1, 0, 0),
(805, 170, 173, 0, 0, 0, 1, 1, 0, 0),
(806, 170, 178, 0, 0, 0, 1, 1, 0, 0),
(807, 171, 172, 0, 0, 0, 1, 1, 0, 0),
(808, 171, 173, 0, 0, 0, 1, 1, 0, 0),
(809, 172, 174, 0, 0, 0, 1, 1, 0, 0),
(810, 173, 176, 0, 0, 0, 1, 1, 0, 0),
(811, 174, 175, 0, 0, 0, 1, 1, 0, 0),
(812, 174, 176, 0, 0, 0, 1, 1, 0, 0),
(813, 175, 177, 0, 0, 0, 1, 1, 0, 0),
(814, 176, 179, 0, 0, 0, 1, 1, 0, 0),
(815, 177, 179, 0, 0, 0, 1, 1, 0, 0),
(816, 177, 181, 0, 0, 0, 1, 1, 0, 0),
(817, 178, 180, 0, 0, 0, 1, 1, 0, 0),
(818, 179, 180, 0, 0, 0, 1, 1, 0, 0),
(819, 179, 182, 0, 0, 0, 1, 1, 0, 0),
(820, 180, 182, 0, 0, 0, 1, 1, 0, 0),
(821, 180, 183, 0, 0, 0, 1, 1, 0, 0),
(822, 181, 182, 0, 0, 0, 1, 1, 0, 0),
(823, 181, 184, 0, 0, 0, 1, 1, 0, 0),
(824, 182, 184, 0, 0, 0, 1, 1, 0, 0),
(825, 182, 185, 0, 0, 0, 1, 1, 0, 0),
(826, 183, 185, 0, 0, 0, 1, 1, 0, 0),
(827, 183, 186, 0, 0, 0, 1, 1, 0, 0),
(828, 184, 190, 0, 0, 0, 1, 1, 0, 0),
(829, 185, 188, 0, 0, 0, 1, 1, 0, 0),
(830, 185, 190, 0, 0, 0, 1, 1, 0, 0),
(831, 186, 187, 0, 0, 0, 1, 1, 0, 0),
(832, 186, 188, 0, 0, 0, 1, 1, 0, 0),
(833, 187, 189, 0, 0, 0, 1, 1, 0, 0),
(834, 188, 191, 0, 0, 0, 1, 1, 0, 0),
(835, 189, 191, 0, 0, 0, 1, 1, 0, 0),
(836, 189, 192, 0, 0, 0, 1, 1, 0, 0),
(837, 190, 193, 0, 0, 0, 1, 1, 0, 0),
(838, 191, 193, 0, 0, 0, 1, 1, 0, 0),
(839, 191, 194, 0, 0, 0, 1, 1, 0, 0),
(840, 192, 194, 0, 0, 0, 1, 1, 0, 0),
(841, 192, 195, 0, 0, 0, 1, 1, 0, 0),
(842, 193, 196, 0, 0, 0, 1, 1, 0, 0),
(843, 194, 196, 0, 0, 0, 1, 1, 0, 0),
(844, 194, 197, 0, 0, 0, 1, 1, 0, 0),
(845, 195, 197, 0, 0, 0, 1, 1, 0, 0),
(846, 195, 198, 0, 0, 0, 1, 1, 0, 0),
(847, 196, 202, 0, 0, 0, 1, 1, 0, 0),
(848, 197, 200, 0, 0, 0, 1, 1, 0, 0),
(849, 197, 202, 0, 0, 0, 1, 1, 0, 0),
(850, 198, 199, 0, 0, 0, 1, 1, 0, 0),
(851, 198, 200, 0, 0, 0, 1, 1, 0, 0),
(852, 199, 201, 0, 0, 0, 1, 1, 0, 0),
(853, 200, 203, 0, 0, 0, 1, 1, 0, 0),
(854, 201, 203, 0, 0, 0, 1, 1, 0, 0),
(855, 201, 204, 0, 0, 0, 1, 1, 0, 0),
(856, 202, 205, 0, 0, 0, 1, 1, 0, 0),
(857, 203, 205, 0, 0, 0, 1, 1, 0, 0),
(858, 203, 206, 0, 0, 0, 1, 1, 0, 0),
(859, 204, 206, 0, 0, 0, 1, 1, 0, 0),
(860, 204, 208, 0, 0, 0, 1, 1, 0, 0),
(861, 289, 290, 0, 0, 0, 1, 1, 0, 0),
(862, 289, 291, 0, 0, 0, 1, 1, 0, 0),
(863, 290, 293, 0, 0, 0, 1, 1, 0, 0),
(864, 290, 294, 0, 0, 0, 1, 1, 0, 0),
(865, 291, 292, 0, 0, 0, 1, 1, 0, 0),
(866, 291, 293, 0, 0, 0, 1, 1, 0, 0),
(867, 292, 296, 0, 0, 0, 1, 1, 0, 0),
(868, 293, 296, 0, 0, 0, 1, 1, 0, 0),
(869, 293, 297, 0, 0, 0, 1, 1, 0, 0),
(870, 294, 295, 0, 0, 0, 1, 1, 0, 0),
(871, 294, 297, 0, 0, 0, 1, 1, 0, 0),
(872, 295, 298, 0, 0, 0, 1, 1, 0, 0),
(873, 296, 301, 0, 0, 0, 1, 1, 0, 0),
(874, 297, 299, 0, 0, 0, 1, 1, 0, 0),
(875, 297, 301, 0, 0, 0, 1, 1, 0, 0),
(876, 298, 299, 0, 0, 0, 1, 1, 0, 0),
(877, 298, 300, 0, 0, 0, 1, 1, 0, 0),
(878, 299, 302, 0, 0, 0, 1, 1, 0, 0),
(879, 300, 302, 0, 0, 0, 1, 1, 0, 0),
(880, 300, 303, 0, 0, 0, 1, 1, 0, 0),
(881, 301, 304, 0, 0, 0, 1, 1, 0, 0),
(882, 302, 304, 0, 0, 0, 1, 1, 0, 0),
(883, 302, 305, 0, 0, 0, 1, 1, 0, 0),
(884, 303, 305, 0, 0, 0, 1, 1, 0, 0),
(885, 303, 307, 0, 0, 0, 1, 1, 0, 0),
(886, 331, 332, 0, 0, 0, 1, 1, 0, 0),
(887, 331, 333, 0, 0, 0, 1, 1, 0, 0),
(888, 332, 334, 0, 0, 0, 1, 1, 0, 0),
(889, 332, 335, 0, 0, 0, 1, 1, 0, 0),
(890, 333, 335, 0, 0, 0, 1, 1, 0, 0),
(891, 333, 336, 0, 0, 0, 1, 1, 0, 0),
(892, 334, 339, 0, 0, 0, 1, 1, 0, 0),
(893, 335, 338, 0, 0, 0, 1, 1, 0, 0),
(894, 335, 339, 0, 0, 0, 1, 1, 0, 0),
(895, 336, 337, 0, 0, 0, 1, 1, 0, 0),
(896, 336, 338, 0, 0, 0, 1, 1, 0, 0),
(897, 337, 340, 0, 0, 0, 1, 1, 0, 0),
(898, 338, 341, 0, 0, 0, 1, 1, 0, 0),
(899, 339, 343, 0, 0, 0, 1, 1, 0, 0),
(900, 340, 341, 0, 0, 0, 1, 1, 0, 0),
(901, 340, 342, 0, 0, 0, 1, 1, 0, 0),
(902, 341, 343, 0, 0, 0, 1, 1, 0, 0),
(903, 341, 344, 0, 0, 0, 1, 1, 0, 0),
(904, 342, 344, 0, 0, 0, 1, 1, 0, 0),
(905, 342, 345, 0, 0, 0, 1, 1, 0, 0),
(906, 343, 346, 0, 0, 0, 1, 1, 0, 0),
(907, 344, 346, 0, 0, 0, 1, 1, 0, 0),
(908, 344, 347, 0, 0, 0, 1, 1, 0, 0),
(909, 345, 347, 0, 0, 0, 1, 1, 0, 0),
(910, 345, 348, 0, 0, 0, 1, 1, 0, 0),
(911, 352, 353, 0, 0, 0, 1, 1, 0, 0),
(912, 352, 354, 0, 0, 0, 1, 1, 0, 0),
(913, 353, 356, 0, 0, 0, 1, 1, 0, 0),
(914, 353, 357, 0, 0, 0, 1, 1, 0, 0),
(915, 354, 355, 0, 0, 0, 1, 1, 0, 0),
(916, 354, 356, 0, 0, 0, 1, 1, 0, 0),
(917, 355, 361, 0, 0, 0, 1, 1, 0, 0),
(918, 356, 359, 0, 0, 0, 1, 1, 0, 0),
(919, 356, 361, 0, 0, 0, 1, 1, 0, 0),
(920, 357, 358, 0, 0, 0, 1, 1, 0, 0),
(921, 357, 359, 0, 0, 0, 1, 1, 0, 0),
(922, 358, 360, 0, 0, 0, 1, 1, 0, 0),
(923, 359, 362, 0, 0, 0, 1, 1, 0, 0),
(924, 360, 362, 0, 0, 0, 1, 1, 0, 0),
(925, 360, 363, 0, 0, 0, 1, 1, 0, 0),
(926, 361, 364, 0, 0, 0, 1, 1, 0, 0),
(927, 362, 364, 0, 0, 0, 1, 1, 0, 0),
(928, 362, 365, 0, 0, 0, 1, 1, 0, 0),
(929, 363, 365, 0, 0, 0, 1, 1, 0, 0),
(930, 363, 366, 0, 0, 0, 1, 1, 0, 0),
(931, 364, 367, 0, 0, 0, 1, 1, 0, 0),
(932, 365, 367, 0, 0, 0, 1, 1, 0, 0),
(933, 365, 368, 0, 0, 0, 1, 1, 0, 0),
(934, 366, 368, 0, 0, 0, 1, 1, 0, 0),
(935, 366, 369, 0, 0, 0, 1, 1, 0, 0),
(936, 367, 372, 0, 0, 0, 1, 1, 0, 0),
(937, 368, 371, 0, 0, 0, 1, 1, 0, 0),
(938, 368, 372, 0, 0, 0, 1, 1, 0, 0),
(939, 369, 370, 0, 0, 0, 1, 1, 0, 0),
(940, 369, 371, 0, 0, 0, 1, 1, 0, 0),
(941, 370, 376, 0, 0, 0, 1, 1, 0, 0),
(942, 371, 374, 0, 0, 0, 1, 1, 0, 0),
(943, 371, 376, 0, 0, 0, 1, 1, 0, 0),
(944, 372, 373, 0, 0, 0, 1, 1, 0, 0),
(945, 372, 374, 0, 0, 0, 1, 1, 0, 0),
(946, 373, 375, 0, 0, 0, 1, 1, 0, 0),
(947, 374, 377, 0, 0, 0, 1, 1, 0, 0),
(948, 375, 377, 0, 0, 0, 1, 1, 0, 0),
(949, 375, 378, 0, 0, 0, 1, 1, 0, 0),
(950, 376, 379, 0, 0, 0, 1, 1, 0, 0),
(951, 377, 379, 0, 0, 0, 1, 1, 0, 0),
(952, 377, 380, 0, 0, 0, 1, 1, 0, 0),
(953, 378, 380, 0, 0, 0, 1, 1, 0, 0),
(954, 378, 381, 0, 0, 0, 1, 1, 0, 0),
(955, 379, 382, 0, 0, 0, 1, 1, 0, 0),
(956, 380, 382, 0, 0, 0, 1, 1, 0, 0),
(957, 380, 383, 0, 0, 0, 1, 1, 0, 0),
(958, 381, 383, 0, 0, 0, 1, 1, 0, 0),
(959, 381, 384, 0, 0, 0, 1, 1, 0, 0),
(960, 391, 392, 0, 0, 0, 1, 1, 0, 0),
(961, 391, 393, 0, 0, 0, 1, 1, 0, 0),
(962, 392, 395, 0, 0, 0, 1, 1, 0, 0),
(963, 393, 394, 0, 0, 0, 1, 1, 0, 0),
(964, 393, 395, 0, 0, 0, 1, 1, 0, 0),
(965, 394, 399, 0, 0, 0, 1, 1, 0, 0),
(966, 395, 397, 0, 0, 0, 1, 1, 0, 0),
(967, 395, 399, 0, 0, 0, 1, 1, 0, 0),
(968, 396, 397, 0, 0, 0, 1, 1, 0, 0),
(969, 396, 398, 0, 0, 0, 1, 1, 0, 0),
(970, 397, 401, 0, 0, 0, 1, 1, 0, 0),
(971, 398, 400, 0, 0, 0, 1, 1, 0, 0),
(972, 398, 401, 0, 0, 0, 1, 1, 0, 0),
(973, 399, 403, 0, 0, 0, 1, 1, 0, 0),
(974, 400, 402, 0, 0, 0, 1, 1, 0, 0),
(975, 401, 403, 0, 0, 0, 1, 1, 0, 0),
(976, 401, 404, 0, 0, 0, 1, 1, 0, 0),
(977, 402, 404, 0, 0, 0, 1, 1, 0, 0),
(978, 402, 405, 0, 0, 0, 1, 1, 0, 0),
(979, 403, 408, 0, 0, 0, 1, 1, 0, 0),
(980, 404, 407, 0, 0, 0, 1, 1, 0, 0),
(981, 404, 408, 0, 0, 0, 1, 1, 0, 0),
(982, 405, 406, 0, 0, 0, 1, 1, 0, 0),
(983, 405, 407, 0, 0, 0, 1, 1, 0, 0),
(984, 406, 409, 0, 0, 0, 1, 1, 0, 0),
(985, 407, 410, 0, 0, 0, 1, 1, 0, 0),
(986, 408, 412, 0, 0, 0, 1, 1, 0, 0),
(987, 409, 410, 0, 0, 0, 1, 1, 0, 0),
(988, 409, 411, 0, 0, 0, 1, 1, 0, 0),
(989, 410, 412, 0, 0, 0, 1, 1, 0, 0),
(990, 410, 413, 0, 0, 0, 1, 1, 0, 0),
(991, 411, 413, 0, 0, 0, 1, 1, 0, 0),
(992, 411, 414, 0, 0, 0, 1, 1, 0, 0),
(993, 412, 415, 0, 0, 0, 1, 1, 0, 0),
(994, 413, 415, 0, 0, 0, 1, 1, 0, 0),
(995, 413, 416, 0, 0, 0, 1, 1, 0, 0),
(996, 414, 416, 0, 0, 0, 1, 1, 0, 0),
(997, 414, 417, 0, 0, 0, 1, 1, 0, 0),
(998, 433, 434, 0, 0, 0, 1, 1, 0, 0),
(999, 433, 435, 0, 0, 0, 1, 1, 0, 0),
(1000, 434, 437, 0, 0, 0, 1, 1, 0, 0),
(1001, 434, 439, 0, 0, 0, 1, 1, 0, 0),
(1002, 435, 436, 0, 0, 0, 1, 1, 0, 0),
(1003, 435, 437, 0, 0, 0, 1, 1, 0, 0),
(1004, 436, 438, 0, 0, 0, 1, 1, 0, 0),
(1005, 437, 440, 0, 0, 0, 1, 1, 0, 0),
(1006, 438, 440, 0, 0, 0, 1, 1, 0, 0),
(1007, 438, 441, 0, 0, 0, 1, 1, 0, 0),
(1008, 439, 442, 0, 0, 0, 1, 1, 0, 0),
(1009, 440, 442, 0, 0, 0, 1, 1, 0, 0),
(1010, 440, 443, 0, 0, 0, 1, 1, 0, 0),
(1011, 441, 443, 0, 0, 0, 1, 1, 0, 0),
(1012, 441, 444, 0, 0, 0, 1, 1, 0, 0),
(1013, 442, 463, 0, 0, 0, 1, 1, 0, 0),
(1014, 443, 463, 0, 0, 0, 1, 1, 0, 0),
(1015, 443, 464, 0, 0, 0, 1, 1, 0, 0),
(1016, 444, 464, 0, 0, 0, 1, 1, 0, 0),
(1017, 444, 465, 0, 0, 0, 1, 1, 0, 0),
(1018, 1, 2, 0, 0, 0, 0, 0, 1, 0),
(1019, 4, 5, 0, 0, 0, 0, 0, 1, 0),
(1020, 7, 8, 0, 0, 0, 0, 0, 1, 0),
(1021, 10, 11, 0, 0, 0, 0, 0, 1, 0),
(1022, 25, 26, 0, 0, 0, 0, 0, 1, 0),
(1023, 31, 32, 0, 0, 0, 0, 0, 1, 0),
(1024, 34, 35, 0, 0, 0, 0, 0, 1, 0),
(1025, 37, 38, 0, 0, 0, 0, 0, 1, 0),
(1026, 40, 41, 0, 0, 0, 0, 0, 1, 0),
(1027, 43, 44, 0, 0, 0, 0, 0, 1, 0),
(1028, 46, 47, 0, 0, 0, 0, 0, 1, 0),
(1029, 49, 50, 0, 0, 0, 0, 0, 1, 0),
(1030, 52, 53, 0, 0, 0, 0, 0, 1, 0),
(1031, 55, 56, 0, 0, 0, 0, 0, 1, 0),
(1032, 58, 59, 0, 0, 0, 0, 0, 1, 0),
(1033, 61, 62, 0, 0, 0, 0, 0, 1, 0),
(1034, 64, 65, 0, 0, 0, 0, 0, 1, 0),
(1035, 67, 68, 0, 0, 0, 0, 0, 1, 0),
(1036, 70, 71, 0, 0, 0, 0, 0, 1, 0),
(1037, 73, 74, 0, 0, 0, 0, 0, 1, 0),
(1038, 76, 77, 0, 0, 0, 0, 0, 1, 0),
(1039, 79, 80, 0, 0, 0, 0, 0, 1, 0),
(1040, 87, 88, 0, 0, 0, 0, 0, 1, 0),
(1041, 94, 95, 0, 0, 0, 0, 0, 1, 0),
(1042, 102, 103, 0, 0, 0, 0, 0, 1, 0),
(1043, 108, 109, 0, 0, 0, 0, 0, 1, 0),
(1044, 120, 121, 0, 0, 0, 0, 0, 1, 0),
(1045, 126, 127, 0, 0, 0, 0, 0, 1, 0),
(1046, 129, 130, 0, 0, 0, 0, 0, 1, 0),
(1047, 132, 133, 0, 0, 0, 0, 0, 1, 0),
(1048, 135, 136, 0, 0, 0, 0, 0, 1, 0),
(1049, 138, 139, 0, 0, 0, 0, 0, 1, 0),
(1050, 141, 142, 0, 0, 0, 0, 0, 1, 0),
(1051, 144, 145, 0, 0, 0, 0, 0, 1, 0),
(1052, 152, 153, 0, 0, 0, 0, 0, 1, 0),
(1053, 162, 163, 0, 0, 0, 0, 0, 1, 0),
(1054, 165, 166, 0, 0, 0, 0, 0, 1, 0),
(1055, 177, 178, 0, 0, 0, 0, 0, 1, 0),
(1056, 180, 181, 0, 0, 0, 0, 0, 1, 0),
(1057, 189, 190, 0, 0, 0, 0, 0, 1, 0),
(1058, 192, 193, 0, 0, 0, 0, 0, 1, 0),
(1059, 195, 196, 0, 0, 0, 0, 0, 1, 0),
(1060, 201, 202, 0, 0, 0, 0, 0, 1, 0),
(1061, 207, 208, 0, 0, 0, 0, 0, 1, 0),
(1062, 210, 211, 0, 0, 0, 0, 0, 1, 0),
(1063, 213, 214, 0, 0, 0, 0, 0, 1, 0),
(1064, 216, 217, 0, 0, 0, 0, 0, 1, 0),
(1065, 219, 220, 0, 0, 0, 0, 0, 1, 0),
(1066, 222, 223, 0, 0, 0, 0, 0, 1, 0),
(1067, 225, 226, 0, 0, 0, 0, 0, 1, 0),
(1068, 228, 229, 0, 0, 0, 0, 0, 1, 0),
(1069, 231, 232, 0, 0, 0, 0, 0, 1, 0),
(1070, 234, 235, 0, 0, 0, 0, 0, 1, 0),
(1071, 237, 238, 0, 0, 0, 0, 0, 1, 0),
(1072, 240, 241, 0, 0, 0, 0, 0, 1, 0),
(1073, 243, 244, 0, 0, 0, 0, 0, 1, 0),
(1074, 246, 247, 0, 0, 0, 0, 0, 1, 0),
(1075, 249, 250, 0, 0, 0, 0, 0, 1, 0),
(1076, 252, 253, 0, 0, 0, 0, 0, 1, 0),
(1077, 255, 256, 0, 0, 0, 0, 0, 1, 0),
(1078, 258, 259, 0, 0, 0, 0, 0, 1, 0),
(1079, 261, 262, 0, 0, 0, 0, 0, 1, 0),
(1080, 264, 265, 0, 0, 0, 0, 0, 1, 0),
(1081, 267, 268, 0, 0, 0, 0, 0, 1, 0),
(1082, 270, 271, 0, 0, 0, 0, 0, 1, 0),
(1083, 273, 274, 0, 0, 0, 0, 0, 1, 0),
(1084, 276, 277, 0, 0, 0, 0, 0, 1, 0),
(1085, 279, 280, 0, 0, 0, 0, 0, 1, 0),
(1086, 282, 283, 0, 0, 0, 0, 0, 1, 0),
(1087, 285, 286, 0, 0, 0, 0, 0, 1, 0),
(1088, 300, 301, 0, 0, 0, 0, 0, 1, 0),
(1089, 306, 307, 0, 0, 0, 0, 0, 1, 0),
(1090, 309, 310, 0, 0, 0, 0, 0, 1, 0),
(1091, 312, 313, 0, 0, 0, 0, 0, 1, 0),
(1092, 315, 316, 0, 0, 0, 0, 0, 1, 0),
(1093, 318, 319, 0, 0, 0, 0, 0, 1, 0),
(1094, 321, 322, 0, 0, 0, 0, 0, 1, 0),
(1095, 324, 325, 0, 0, 0, 0, 0, 1, 0),
(1096, 327, 328, 0, 0, 0, 0, 0, 1, 0),
(1097, 342, 343, 0, 0, 0, 0, 0, 1, 0),
(1098, 348, 349, 0, 0, 0, 0, 0, 1, 0),
(1099, 360, 361, 0, 0, 0, 0, 0, 1, 0),
(1100, 363, 364, 0, 0, 0, 0, 0, 1, 0),
(1101, 366, 367, 0, 0, 0, 0, 0, 1, 0),
(1102, 375, 376, 0, 0, 0, 0, 0, 1, 0),
(1103, 378, 379, 0, 0, 0, 0, 0, 1, 0),
(1104, 384, 385, 0, 0, 0, 0, 0, 1, 0),
(1105, 387, 388, 0, 0, 0, 0, 0, 1, 0),
(1106, 398, 399, 0, 0, 0, 0, 0, 1, 0),
(1107, 411, 412, 0, 0, 0, 0, 0, 1, 0),
(1108, 417, 418, 0, 0, 0, 0, 0, 1, 0),
(1109, 420, 421, 0, 0, 0, 0, 0, 1, 0),
(1110, 423, 424, 0, 0, 0, 0, 0, 1, 0),
(1111, 426, 427, 0, 0, 0, 0, 0, 1, 0),
(1112, 429, 430, 0, 0, 0, 0, 0, 1, 0),
(1113, 438, 439, 0, 0, 0, 0, 0, 1, 0),
(1114, 441, 442, 0, 0, 0, 0, 0, 1, 0),
(1115, 465, 466, 0, 0, 0, 0, 0, 1, 0),
(1116, 468, 469, 0, 0, 0, 0, 0, 1, 0),
(1117, 471, 472, 0, 0, 0, 0, 0, 1, 0),
(1118, 474, 475, 0, 0, 0, 0, 0, 1, 0),
(1119, 477, 478, 0, 0, 0, 0, 0, 1, 0),
(1120, 480, 481, 0, 0, 0, 0, 0, 1, 0),
(1121, 483, 484, 0, 0, 0, 0, 0, 1, 0),
(1122, 486, 487, 0, 0, 0, 0, 0, 1, 0),
(1123, 489, 490, 0, 0, 0, 0, 0, 1, 0),
(1124, 492, 493, 0, 0, 0, 0, 0, 1, 0),
(1125, 495, 496, 0, 0, 0, 0, 0, 1, 0),
(1126, 498, 499, 0, 0, 0, 0, 0, 1, 0),
(1127, 501, 502, 0, 0, 0, 0, 0, 1, 0),
(1128, 504, 505, 0, 0, 0, 0, 0, 1, 0),
(1129, 507, 508, 0, 0, 0, 0, 0, 1, 0),
(1130, 510, 511, 0, 0, 0, 0, 0, 1, 0),
(1131, 513, 514, 0, 0, 0, 0, 0, 1, 0),
(1132, 12, 14, 0, 0, 0, 0, 1, 0, 0),
(1133, 12, 13, 0, 0, 0, 0, 1, 0, 0),
(1134, 13, 15, 0, 0, 0, 0, 1, 0, 0),
(1135, 15, 16, 0, 0, 0, 0, 1, 0, 0),
(1136, 17, 18, 0, 0, 0, 0, 1, 0, 0),
(1137, 18, 19, 0, 0, 0, 0, 1, 0, 0),
(1138, 20, 21, 0, 0, 0, 0, 1, 0, 0),
(1139, 21, 22, 0, 0, 0, 0, 1, 0, 0),
(1140, 21, 23, 0, 0, 0, 0, 1, 0, 0),
(1141, 22, 24, 0, 0, 0, 0, 1, 0, 0),
(1142, 24, 25, 0, 0, 0, 0, 1, 0, 0),
(1143, 26, 27, 0, 0, 0, 0, 1, 0, 0),
(1144, 27, 28, 0, 0, 0, 0, 1, 0, 0),
(1145, 81, 83, 0, 0, 0, 0, 1, 0, 0),
(1146, 82, 84, 0, 0, 0, 0, 1, 0, 0),
(1147, 84, 85, 0, 0, 0, 0, 1, 0, 0),
(1148, 86, 87, 0, 0, 0, 0, 1, 0, 0),
(1149, 86, 88, 0, 0, 0, 0, 1, 0, 0),
(1150, 88, 89, 0, 0, 0, 0, 1, 0, 0),
(1151, 89, 90, 0, 0, 0, 0, 1, 0, 0),
(1152, 91, 93, 0, 0, 0, 0, 1, 0, 0),
(1153, 92, 93, 0, 0, 0, 0, 1, 0, 0),
(1154, 93, 94, 0, 0, 0, 0, 1, 0, 0),
(1155, 95, 96, 0, 0, 0, 0, 1, 0, 0),
(1156, 96, 97, 0, 0, 0, 0, 1, 0, 0),
(1157, 98, 99, 0, 0, 0, 0, 1, 0, 0),
(1158, 98, 100, 0, 0, 0, 0, 1, 0, 0),
(1159, 99, 101, 0, 0, 0, 0, 1, 0, 0),
(1160, 101, 102, 0, 0, 0, 0, 1, 0, 0),
(1161, 103, 104, 0, 0, 0, 0, 1, 0, 0),
(1162, 104, 105, 0, 0, 0, 0, 1, 0, 0),
(1163, 110, 111, 0, 0, 0, 0, 1, 0, 0),
(1164, 110, 112, 0, 0, 0, 0, 1, 0, 0),
(1165, 111, 113, 0, 0, 0, 0, 1, 0, 0),
(1166, 113, 114, 0, 0, 0, 0, 1, 0, 0),
(1167, 115, 116, 0, 0, 0, 0, 1, 0, 0),
(1168, 116, 117, 0, 0, 0, 0, 1, 0, 0),
(1169, 118, 119, 0, 0, 0, 0, 1, 0, 0),
(1170, 119, 120, 0, 0, 0, 0, 1, 0, 0),
(1171, 119, 121, 0, 0, 0, 0, 1, 0, 0),
(1172, 121, 122, 0, 0, 0, 0, 1, 0, 0),
(1173, 122, 123, 0, 0, 0, 0, 1, 0, 0),
(1174, 146, 147, 0, 0, 0, 0, 1, 0, 0),
(1175, 146, 148, 0, 0, 0, 0, 1, 0, 0),
(1176, 147, 149, 0, 0, 0, 0, 1, 0, 0),
(1177, 149, 150, 0, 0, 0, 0, 1, 0, 0),
(1178, 151, 152, 0, 0, 0, 0, 1, 0, 0),
(1179, 151, 153, 0, 0, 0, 0, 1, 0, 0),
(1180, 153, 155, 0, 0, 0, 0, 1, 0, 0),
(1181, 154, 155, 0, 0, 0, 0, 1, 0, 0),
(1182, 155, 156, 0, 0, 0, 0, 1, 0, 0),
(1183, 157, 158, 0, 0, 0, 0, 1, 0, 0),
(1184, 158, 159, 0, 0, 0, 0, 1, 0, 0),
(1185, 167, 168, 0, 0, 0, 0, 1, 0, 0),
(1186, 167, 169, 0, 0, 0, 0, 1, 0, 0),
(1187, 168, 170, 0, 0, 0, 0, 1, 0, 0),
(1188, 170, 171, 0, 0, 0, 0, 1, 0, 0),
(1189, 172, 173, 0, 0, 0, 0, 1, 0, 0),
(1190, 173, 174, 0, 0, 0, 0, 1, 0, 0),
(1191, 173, 178, 0, 0, 0, 0, 1, 0, 0),
(1192, 175, 176, 0, 0, 0, 0, 1, 0, 0),
(1193, 176, 177, 0, 0, 0, 0, 1, 0, 0),
(1194, 176, 178, 0, 0, 0, 0, 1, 0, 0),
(1195, 178, 179, 0, 0, 0, 0, 1, 0, 0),
(1196, 179, 181, 0, 0, 0, 0, 1, 0, 0),
(1197, 182, 183, 0, 0, 0, 0, 1, 0, 0),
(1198, 184, 185, 0, 0, 0, 0, 1, 0, 0),
(1199, 185, 186, 0, 0, 0, 0, 1, 0, 0),
(1200, 187, 188, 0, 0, 0, 0, 1, 0, 0),
(1201, 188, 189, 0, 0, 0, 0, 1, 0, 0),
(1202, 188, 190, 0, 0, 0, 0, 1, 0, 0),
(1203, 190, 191, 0, 0, 0, 0, 1, 0, 0),
(1204, 191, 192, 0, 0, 0, 0, 1, 0, 0),
(1205, 193, 194, 0, 0, 0, 0, 1, 0, 0),
(1206, 194, 195, 0, 0, 0, 0, 1, 0, 0),
(1207, 196, 197, 0, 0, 0, 0, 1, 0, 0),
(1208, 197, 198, 0, 0, 0, 0, 1, 0, 0),
(1209, 199, 200, 0, 0, 0, 0, 1, 0, 0),
(1210, 200, 201, 0, 0, 0, 0, 1, 0, 0),
(1211, 200, 202, 0, 0, 0, 0, 1, 0, 0),
(1212, 202, 203, 0, 0, 0, 0, 1, 0, 0),
(1213, 203, 204, 0, 0, 0, 0, 1, 0, 0),
(1214, 287, 288, 0, 0, 0, 0, 1, 0, 0),
(1215, 287, 289, 0, 0, 0, 0, 1, 0, 0),
(1216, 288, 290, 0, 0, 0, 0, 1, 0, 0),
(1217, 290, 291, 0, 0, 0, 0, 1, 0, 0),
(1218, 292, 293, 0, 0, 0, 0, 1, 0, 0),
(1219, 293, 294, 0, 0, 0, 0, 1, 0, 0),
(1220, 295, 297, 0, 0, 0, 0, 1, 0, 0),
(1221, 296, 297, 0, 0, 0, 0, 1, 0, 0),
(1222, 297, 298, 0, 0, 0, 0, 1, 0, 0),
(1223, 299, 300, 0, 0, 0, 0, 1, 0, 0),
(1224, 299, 301, 0, 0, 0, 0, 1, 0, 0),
(1225, 301, 302, 0, 0, 0, 0, 1, 0, 0),
(1226, 302, 303, 0, 0, 0, 0, 1, 0, 0),
(1227, 329, 330, 0, 0, 0, 0, 1, 0, 0),
(1228, 329, 331, 0, 0, 0, 0, 1, 0, 0),
(1229, 330, 332, 0, 0, 0, 0, 1, 0, 0),
(1230, 332, 333, 0, 0, 0, 0, 1, 0, 0),
(1231, 334, 335, 0, 0, 0, 0, 1, 0, 0),
(1232, 335, 336, 0, 0, 0, 0, 1, 0, 0),
(1233, 337, 338, 0, 0, 0, 0, 1, 0, 0),
(1234, 338, 339, 0, 0, 0, 0, 1, 0, 0),
(1235, 338, 340, 0, 0, 0, 0, 1, 0, 0),
(1236, 339, 341, 0, 0, 0, 0, 1, 0, 0),
(1237, 341, 342, 0, 0, 0, 0, 1, 0, 0),
(1238, 343, 344, 0, 0, 0, 0, 1, 0, 0),
(1239, 344, 345, 0, 0, 0, 0, 1, 0, 0),
(1240, 350, 351, 0, 0, 0, 0, 1, 0, 0),
(1241, 350, 352, 0, 0, 0, 0, 1, 0, 0),
(1242, 351, 353, 0, 0, 0, 0, 1, 0, 0),
(1243, 353, 354, 0, 0, 0, 0, 1, 0, 0),
(1244, 355, 356, 0, 0, 0, 0, 1, 0, 0),
(1245, 356, 357, 0, 0, 0, 0, 1, 0, 0),
(1246, 358, 359, 0, 0, 0, 0, 1, 0, 0),
(1247, 359, 360, 0, 0, 0, 0, 1, 0, 0),
(1248, 359, 361, 0, 0, 0, 0, 1, 0, 0),
(1249, 361, 362, 0, 0, 0, 0, 1, 0, 0),
(1250, 362, 363, 0, 0, 0, 0, 1, 0, 0),
(1251, 364, 365, 0, 0, 0, 0, 1, 0, 0),
(1252, 365, 366, 0, 0, 0, 0, 1, 0, 0),
(1253, 367, 368, 0, 0, 0, 0, 1, 0, 0),
(1254, 368, 369, 0, 0, 0, 0, 1, 0, 0),
(1255, 370, 371, 0, 0, 0, 0, 1, 0, 0),
(1256, 371, 372, 0, 0, 0, 0, 1, 0, 0),
(1257, 373, 374, 0, 0, 0, 0, 1, 0, 0),
(1258, 374, 375, 0, 0, 0, 0, 1, 0, 0),
(1259, 374, 376, 0, 0, 0, 0, 1, 0, 0),
(1260, 376, 377, 0, 0, 0, 0, 1, 0, 0),
(1261, 377, 378, 0, 0, 0, 0, 1, 0, 0),
(1262, 379, 380, 0, 0, 0, 0, 1, 0, 0),
(1263, 380, 381, 0, 0, 0, 0, 1, 0, 0),
(1264, 389, 390, 0, 0, 0, 0, 1, 0, 0),
(1265, 389, 391, 0, 0, 0, 0, 1, 0, 0),
(1266, 390, 392, 0, 0, 0, 0, 1, 0, 0),
(1267, 392, 393, 0, 0, 0, 0, 1, 0, 0),
(1268, 392, 396, 0, 0, 0, 0, 1, 0, 0),
(1269, 394, 395, 0, 0, 0, 0, 1, 0, 0),
(1270, 395, 396, 0, 0, 0, 0, 1, 0, 0),
(1271, 397, 398, 0, 0, 0, 0, 1, 0, 0),
(1272, 397, 399, 0, 0, 0, 0, 1, 0, 0),
(1273, 399, 401, 0, 0, 0, 0, 1, 0, 0),
(1274, 400, 401, 0, 0, 0, 0, 1, 0, 0),
(1275, 401, 402, 0, 0, 0, 0, 1, 0, 0),
(1276, 403, 404, 0, 0, 0, 0, 1, 0, 0),
(1277, 404, 405, 0, 0, 0, 0, 1, 0, 0),
(1278, 406, 407, 0, 0, 0, 0, 1, 0, 0),
(1279, 407, 408, 0, 0, 0, 0, 1, 0, 0),
(1280, 407, 409, 0, 0, 0, 0, 1, 0, 0),
(1281, 408, 410, 0, 0, 0, 0, 1, 0, 0),
(1282, 410, 411, 0, 0, 0, 0, 1, 0, 0),
(1283, 412, 413, 0, 0, 0, 0, 1, 0, 0),
(1284, 413, 414, 0, 0, 0, 0, 1, 0, 0),
(1285, 431, 432, 0, 0, 0, 0, 1, 0, 0),
(1286, 431, 433, 0, 0, 0, 0, 1, 0, 0),
(1287, 432, 434, 0, 0, 0, 0, 1, 0, 0),
(1288, 434, 435, 0, 0, 0, 0, 1, 0, 0),
(1289, 436, 437, 0, 0, 0, 0, 1, 0, 0),
(1290, 437, 438, 0, 0, 0, 0, 1, 0, 0),
(1291, 437, 439, 0, 0, 0, 0, 1, 0, 0),
(1292, 439, 440, 0, 0, 0, 0, 1, 0, 0),
(1293, 440, 441, 0, 0, 0, 0, 1, 0, 0),
(1294, 442, 443, 0, 0, 0, 0, 1, 0, 0),
(1295, 443, 444, 0, 0, 0, 0, 1, 0, 0);

-- --------------------------------------------------------

--
-- Table structure for table `fo_positions`
--

DROP TABLE IF EXISTS `fo_positions`;
CREATE TABLE IF NOT EXISTS `fo_positions` (
  `id` int(11) NOT NULL AUTO_INCREMENT,
  `fo_track_id` int(11) NOT NULL,
  `order` int(11) NOT NULL,
  `fo_curve_id` int(11) DEFAULT NULL,
  `is_finish` tinyint(1) NOT NULL DEFAULT '0',
  `starting_position` int(11) DEFAULT NULL COMMENT 'NULL - not a starting position\r\nnumber - particular starting position',
  `pos_x` int(11) NOT NULL COMMENT 'per 100000 width',
  `pos_y` int(11) NOT NULL COMMENT 'per 100000 height',
  `angle` decimal(4,3) DEFAULT NULL COMMENT 'in radians',
  `angle_inserted_manually` tinyint(1) DEFAULT NULL,
  PRIMARY KEY (`id`),
  UNIQUE KEY `starting_position` (`fo_track_id`,`starting_position`) USING BTREE,
  KEY `fo_track_id` (`fo_track_id`) USING BTREE,
  KEY `fo_curve_id` (`fo_curve_id`) USING BTREE,
  KEY `order` (`order`)
) ENGINE=InnoDB AUTO_INCREMENT=516 DEFAULT CHARSET=utf8 COLLATE=utf8_bin;

--
-- Dumping data for table `fo_positions`
--

INSERT INTO `fo_positions` (`id`, `fo_track_id`, `order`, `fo_curve_id`, `is_finish`, `starting_position`, `pos_x`, `pos_y`, `angle`, `angle_inserted_manually`) VALUES
(1, 1, 1, NULL, 0, NULL, 11633, 30450, '2.220', 1),
(2, 1, 2, NULL, 0, NULL, 13367, 32350, '2.220', 1),
(3, 1, 3, NULL, 0, NULL, 13133, 30250, '2.270', 1),
(4, 1, 4, NULL, 0, NULL, 12933, 28050, '2.270', 1),
(5, 1, 5, NULL, 0, NULL, 14633, 30200, '2.270', 1),
(6, 1, 6, NULL, 0, NULL, 14433, 28000, '2.270', 1),
(7, 1, 7, NULL, 0, NULL, 14267, 25800, '2.300', 1),
(8, 1, 8, NULL, 0, NULL, 15933, 27950, '2.300', 1),
(9, 1, 9, NULL, 0, NULL, 15733, 25800, '2.300', 1),
(10, 1, 10, NULL, 0, NULL, 15567, 23650, '2.300', 1),
(11, 1, 11, NULL, 0, NULL, 17200, 25950, '2.300', 1),
(12, 1, 12, NULL, 0, NULL, 17033, 23700, '2.300', 1),
(13, 1, 13, NULL, 0, NULL, 18467, 23800, '2.300', 1),
(14, 1, 14, 1, 0, NULL, 16900, 21550, '2.300', 1),
(15, 1, 15, 1, 0, NULL, 18400, 21550, '2.300', 1),
(16, 1, 16, 1, 0, NULL, 18100, 19450, '2.350', 1),
(17, 1, 17, 1, 0, NULL, 19767, 21550, '2.300', 1),
(18, 1, 18, 1, 0, NULL, 19633, 19500, '2.460', 1),
(19, 1, 19, 1, 0, NULL, 19500, 17650, '2.560', 1),
(20, 1, 20, 1, 0, NULL, 21067, 16600, '2.880', 1),
(21, 1, 21, 1, 0, NULL, 21267, 18250, '2.880', 1),
(22, 1, 22, 1, 0, NULL, 21500, 19800, '2.880', 1),
(23, 1, 23, 1, 0, NULL, 22900, 16500, '3.260', 1),
(24, 1, 24, 1, 0, NULL, 23300, 18250, '3.350', 1),
(25, 1, 25, 1, 0, NULL, 24567, 17050, '3.480', 1),
(26, 1, 26, 1, 0, NULL, 23533, 19950, '3.450', 1),
(27, 1, 27, 1, 0, NULL, 25000, 19100, '3.590', 1),
(28, 1, 28, 1, 0, NULL, 26300, 18250, '3.590', 1),
(29, 1, 29, NULL, 0, NULL, 25333, 21200, '3.610', 1),
(30, 1, 30, NULL, 0, NULL, 26600, 20300, '3.610', 1),
(31, 1, 31, NULL, 0, NULL, 26933, 22350, '3.630', 1),
(32, 1, 32, NULL, 0, NULL, 27900, 19500, '3.610', 1),
(33, 1, 33, NULL, 0, NULL, 28233, 21600, '3.610', 1),
(34, 1, 34, NULL, 0, NULL, 28633, 23850, '3.630', 1),
(35, 1, 35, NULL, 0, NULL, 29567, 20800, '3.610', 1),
(36, 1, 36, NULL, 0, NULL, 29900, 22900, '3.630', 1),
(37, 1, 37, NULL, 0, NULL, 30167, 24950, '3.630', 1),
(38, 1, 38, NULL, 0, NULL, 31233, 22050, '3.630', 1),
(39, 1, 39, NULL, 0, NULL, 31500, 23950, '3.610', 1),
(40, 1, 40, NULL, 0, NULL, 31800, 26200, '3.590', 1),
(41, 1, 41, NULL, 0, NULL, 32800, 23350, '3.560', 1),
(42, 1, 42, NULL, 0, NULL, 33033, 25300, '3.540', 1),
(43, 1, 43, NULL, 0, NULL, 33533, 27200, '3.510', 1),
(44, 1, 44, NULL, 0, NULL, 34267, 24100, '3.510', 1),
(45, 1, 45, NULL, 0, NULL, 34733, 26100, '3.450', 1),
(46, 1, 46, NULL, 0, NULL, 35367, 28100, '3.380', 1),
(47, 1, 47, NULL, 0, NULL, 35767, 24850, '3.380', 1),
(48, 1, 48, NULL, 0, NULL, 36367, 26700, '3.340', 1),
(49, 1, 49, NULL, 0, NULL, 37100, 28500, '3.280', 1),
(50, 1, 50, NULL, 0, NULL, 37433, 25300, '3.280', 1),
(51, 1, 51, NULL, 0, NULL, 38133, 27000, '3.250', 1),
(52, 1, 52, NULL, 0, NULL, 38900, 28850, '3.190', 1),
(53, 1, 53, NULL, 0, NULL, 39067, 25500, '3.210', 1),
(54, 1, 54, NULL, 0, NULL, 39833, 27150, '3.190', 1),
(55, 1, 55, NULL, 0, NULL, 40733, 28900, '3.160', 1),
(56, 1, 56, NULL, 0, NULL, 40800, 25650, '3.160', 1),
(57, 1, 57, NULL, 0, NULL, 41700, 27250, '3.190', 1),
(58, 1, 58, NULL, 0, NULL, 42533, 29050, '3.220', 1),
(59, 1, 59, NULL, 0, NULL, 42733, 25850, '3.250', 1),
(60, 1, 60, NULL, 0, NULL, 43567, 27500, '3.260', 1),
(61, 1, 61, NULL, 0, NULL, 44333, 29350, '3.320', 1),
(62, 1, 62, NULL, 0, NULL, 44667, 26000, '3.300', 1),
(63, 1, 63, NULL, 0, NULL, 45400, 27900, '3.370', 1),
(64, 1, 64, NULL, 0, NULL, 45933, 29850, '3.410', 1),
(65, 1, 65, NULL, 0, NULL, 46467, 26700, '3.410', 1),
(66, 1, 66, NULL, 0, NULL, 47167, 28700, '3.470', 1),
(67, 1, 67, NULL, 0, NULL, 47567, 30800, '3.530', 1),
(68, 1, 68, NULL, 0, NULL, 48400, 27700, '3.520', 1),
(69, 1, 69, NULL, 0, NULL, 48833, 29700, '3.560', 1),
(70, 1, 70, NULL, 0, NULL, 49300, 31900, '3.600', 1),
(71, 1, 71, NULL, 0, NULL, 50167, 29050, '3.600', 1),
(72, 1, 72, NULL, 0, NULL, 50600, 31050, '3.600', 1),
(73, 1, 73, NULL, 0, NULL, 50967, 33150, '3.600', 1),
(74, 1, 74, NULL, 0, NULL, 51833, 30250, '3.600', 1),
(75, 1, 75, NULL, 0, NULL, 52267, 32250, '3.600', 1),
(76, 1, 76, NULL, 0, NULL, 52700, 34400, '3.600', 1),
(77, 1, 77, NULL, 0, NULL, 53567, 31450, '3.600', 1),
(78, 1, 78, NULL, 0, NULL, 54033, 33450, '3.600', 1),
(79, 1, 79, NULL, 0, NULL, 54467, 35600, '3.600', 1),
(80, 1, 80, NULL, 0, NULL, 55333, 32700, '3.600', 1),
(81, 1, 81, NULL, 0, NULL, 55633, 34650, '3.600', 1),
(82, 1, 82, NULL, 0, NULL, 56967, 33850, '3.570', 1),
(83, 1, 83, 2, 0, NULL, 56067, 36850, '3.570', 1),
(84, 1, 84, 2, 0, NULL, 57333, 35850, '3.540', 1),
(85, 1, 85, 2, 0, NULL, 57900, 37750, '3.380', 1),
(86, 1, 86, 2, 0, NULL, 59067, 36500, '3.190', 1),
(87, 1, 87, 2, 0, NULL, 59600, 38100, '3.100', 1),
(88, 1, 88, 2, 0, NULL, 59067, 34850, '3.220', 1),
(89, 1, 89, 2, 0, NULL, 60800, 36150, '2.860', 1),
(90, 1, 90, 2, 0, NULL, 61367, 37650, '2.860', 1),
(91, 1, 91, 2, 0, NULL, 61000, 34450, '2.790', 1),
(92, 1, 92, 2, 0, NULL, 62933, 36700, '2.670', 1),
(93, 1, 93, 2, 0, NULL, 62433, 35200, '2.670', 1),
(94, 1, 94, 2, 0, NULL, 64433, 35050, '2.370', 1),
(95, 1, 95, 2, 0, NULL, 62767, 33050, '2.460', 1),
(96, 1, 96, 2, 0, NULL, 63933, 33650, '2.370', 1),
(97, 1, 97, 2, 0, NULL, 65633, 33000, '2.140', 1),
(98, 1, 98, 2, 0, NULL, 64933, 31400, '2.050', 1),
(99, 1, 99, 2, 0, NULL, 64067, 30600, '1.990', 1),
(100, 1, 100, 2, 0, NULL, 66300, 30550, '1.850', 1),
(101, 1, 101, 2, 0, NULL, 65433, 29100, '1.730', 1),
(102, 1, 102, 2, 0, NULL, 66567, 27700, '1.600', 1),
(103, 1, 103, 2, 0, NULL, 64400, 27900, '1.610', 1),
(104, 1, 104, 2, 0, NULL, 65467, 26600, '1.500', 1),
(105, 1, 105, 2, 0, NULL, 66533, 24950, '1.500', 1),
(106, 1, 106, NULL, 0, NULL, 64367, 25250, '1.450', 1),
(107, 1, 107, NULL, 0, NULL, 65400, 23750, '1.450', 1),
(108, 1, 108, NULL, 0, NULL, 64133, 22600, '1.450', 1),
(109, 1, 109, NULL, 0, NULL, 66367, 22200, '1.450', 1),
(110, 1, 110, NULL, 0, NULL, 65133, 21050, '1.450', 1),
(111, 1, 111, NULL, 0, NULL, 66133, 19400, '1.450', 1),
(112, 1, 112, 3, 0, NULL, 63900, 19800, '1.450', 1),
(113, 1, 113, 3, 0, NULL, 65033, 18150, '1.450', 1),
(114, 1, 114, 3, 0, NULL, 63800, 16700, '1.520', 1),
(115, 1, 115, 3, 0, NULL, 65967, 16250, '1.610', 1),
(116, 1, 116, 3, 0, NULL, 64967, 15250, '1.750', 1),
(117, 1, 117, 3, 0, NULL, 64000, 14000, '1.850', 1),
(118, 1, 118, 3, 0, NULL, 64800, 11750, '2.290', 1),
(119, 1, 119, 3, 0, NULL, 65833, 12450, '2.370', 1),
(120, 1, 120, 3, 0, NULL, 66333, 10050, '2.710', 1),
(121, 1, 121, 3, 0, NULL, 66800, 13400, '2.420', 1),
(122, 1, 122, 3, 0, NULL, 67500, 11100, '2.840', 1),
(123, 1, 123, 3, 0, NULL, 68067, 9250, '2.920', 1),
(124, 1, 124, NULL, 0, NULL, 68667, 12450, '2.940', 1),
(125, 1, 125, NULL, 0, NULL, 69233, 10600, '2.940', 1),
(126, 1, 126, NULL, 0, NULL, 69867, 8750, '2.940', 1),
(127, 1, 127, NULL, 0, NULL, 70333, 11950, '2.940', 1),
(128, 1, 128, NULL, 0, NULL, 70933, 10050, '2.940', 1),
(129, 1, 129, NULL, 0, NULL, 71567, 8250, '2.940', 1),
(130, 1, 130, NULL, 0, NULL, 72000, 11500, '2.940', 1),
(131, 1, 131, NULL, 0, NULL, 72733, 9650, '2.940', 1),
(132, 1, 132, NULL, 0, NULL, 73367, 7700, '2.940', 1),
(133, 1, 133, NULL, 0, NULL, 73800, 10900, '2.940', 1),
(134, 1, 134, NULL, 0, NULL, 74467, 9000, '2.940', 1),
(135, 1, 135, NULL, 0, NULL, 75100, 7150, '2.940', 1),
(136, 1, 136, NULL, 0, NULL, 75600, 10450, '2.940', 1),
(137, 1, 137, NULL, 0, NULL, 76333, 8600, '2.940', 1),
(138, 1, 138, NULL, 0, NULL, 76900, 6650, '2.950', 1),
(139, 1, 139, NULL, 0, NULL, 77300, 9950, '2.950', 1),
(140, 1, 140, NULL, 0, NULL, 78000, 8150, '2.950', 1),
(141, 1, 141, NULL, 0, NULL, 78667, 6250, '2.950', 1),
(142, 1, 142, NULL, 0, NULL, 79067, 9500, '2.950', 1),
(143, 1, 143, NULL, 0, NULL, 79800, 7600, '2.950', 1),
(144, 1, 144, NULL, 0, NULL, 80400, 5750, '2.950', 1),
(145, 1, 145, NULL, 0, NULL, 80867, 9050, '2.950', 1),
(146, 1, 146, NULL, 0, NULL, 81500, 7100, '2.950', 1),
(147, 1, 147, NULL, 0, NULL, 82600, 8500, '2.950', 1),
(148, 1, 148, 4, 0, NULL, 82267, 5300, '2.980', 1),
(149, 1, 149, 4, 0, NULL, 83333, 6750, '2.980', 1),
(150, 1, 150, 4, 0, NULL, 84133, 4900, '3.140', 1),
(151, 1, 151, 4, 0, NULL, 85233, 6850, '3.560', 1),
(152, 1, 152, 4, 0, NULL, 86100, 5800, '3.700', 1),
(153, 1, 153, 4, 0, NULL, 84567, 8200, '3.360', 1),
(154, 1, 154, 4, 0, NULL, 87467, 8150, '4.270', 1),
(155, 1, 155, 4, 0, NULL, 86467, 8900, '4.330', 1),
(156, 1, 156, 4, 0, NULL, 87667, 10950, '4.870', 1),
(157, 1, 157, 4, 0, NULL, 85500, 10250, '4.690', 1),
(158, 1, 158, 4, 0, NULL, 86367, 11700, '5.110', 1),
(159, 1, 159, 4, 0, NULL, 87000, 13550, '5.140', 1),
(160, 1, 160, NULL, 0, NULL, 84767, 12900, '5.110', 1),
(161, 1, 161, NULL, 0, NULL, 85467, 14550, '5.050', 1),
(162, 1, 162, NULL, 0, NULL, 84133, 15600, '4.890', 1),
(163, 1, 163, NULL, 0, NULL, 86367, 16200, '4.890', 1),
(164, 1, 164, NULL, 0, NULL, 85133, 17600, '4.840', 1),
(165, 1, 165, NULL, 0, NULL, 83967, 18550, '4.860', 1),
(166, 1, 166, NULL, 0, NULL, 86133, 18950, '4.860', 1),
(167, 1, 167, NULL, 0, NULL, 84833, 20200, '4.860', 1),
(168, 1, 168, NULL, 0, NULL, 85767, 21650, '4.860', 1),
(169, 1, 169, 5, 0, NULL, 83633, 21200, '4.860', 1),
(170, 1, 170, 5, 0, NULL, 84567, 23150, '4.650', 1),
(171, 1, 171, 5, 0, NULL, 83600, 24350, '4.400', 1),
(172, 1, 172, 5, 0, NULL, 84533, 26500, '3.930', 1),
(173, 1, 173, 5, 0, NULL, 85400, 25450, '3.800', 1),
(174, 1, 174, 5, 0, NULL, 86133, 27650, '3.310', 1),
(175, 1, 175, 5, 0, NULL, 87833, 27300, '2.690', 1),
(176, 1, 176, 5, 0, NULL, 87400, 25700, '2.660', 1),
(177, 1, 177, 5, 0, NULL, 89267, 24950, '2.000', 1),
(178, 1, 178, 5, 0, NULL, 86700, 24400, '2.960', 1),
(179, 1, 179, 5, 0, NULL, 88500, 23200, '1.800', 1),
(180, 1, 180, 5, 0, NULL, 87600, 21450, '1.690', 1),
(181, 1, 181, 5, 0, NULL, 89700, 21950, '1.690', 1),
(182, 1, 182, 5, 0, NULL, 88767, 20300, '1.690', 1),
(183, 1, 183, 5, 0, NULL, 87767, 18700, '1.690', 1),
(184, 1, 184, 5, 0, NULL, 89867, 19250, '1.690', 1),
(185, 1, 185, 5, 0, NULL, 88967, 17300, '1.820', 1),
(186, 1, 186, 5, 0, NULL, 88367, 15700, '2.080', 1),
(187, 1, 187, 5, 0, NULL, 89867, 13750, '2.720', 1),
(188, 1, 188, 5, 0, NULL, 90167, 15250, '2.720', 1),
(189, 1, 189, 5, 0, NULL, 91900, 13650, '3.400', 1),
(190, 1, 190, 5, 0, NULL, 90733, 16750, '2.870', 1),
(191, 1, 191, 5, 0, NULL, 92167, 15550, '3.580', 1),
(192, 1, 192, 5, 0, NULL, 93633, 14900, '3.680', 1),
(193, 1, 193, 5, 0, NULL, 92500, 17750, '3.680', 1),
(194, 1, 194, 5, 0, NULL, 93833, 17050, '3.680', 1),
(195, 1, 195, 5, 0, NULL, 95100, 16400, '3.730', 1),
(196, 1, 196, 5, 0, NULL, 94067, 19250, '3.730', 1),
(197, 1, 197, 5, 0, NULL, 95367, 18550, '3.730', 1),
(198, 1, 198, 5, 0, NULL, 96700, 18150, '3.980', 1),
(199, 1, 199, 5, 0, NULL, 97400, 20550, '4.510', 1),
(200, 1, 200, 5, 0, NULL, 96467, 21050, '4.590', 1),
(201, 1, 201, 5, 0, NULL, 97233, 23300, '5.110', 1),
(202, 1, 202, 5, 0, NULL, 95333, 21250, '4.510', 1),
(203, 1, 203, 5, 0, NULL, 95833, 23750, '5.240', 1),
(204, 1, 204, 5, 0, NULL, 96333, 25650, '5.240', 1),
(205, 1, 205, NULL, 0, NULL, 94467, 24100, '5.240', 1),
(206, 1, 206, NULL, 0, NULL, 94933, 26100, '5.240', 1),
(207, 1, 207, NULL, 0, NULL, 93533, 26500, '5.240', 1),
(208, 1, 208, NULL, 0, NULL, 95400, 28200, '5.240', 1),
(209, 1, 209, NULL, 0, NULL, 94033, 28600, '5.240', 1),
(210, 1, 210, NULL, 0, NULL, 92567, 29000, '5.240', 1),
(211, 1, 211, NULL, 0, NULL, 94400, 30650, '5.240', 1),
(212, 1, 212, NULL, 0, NULL, 93067, 31100, '5.270', 1),
(213, 1, 213, NULL, 0, NULL, 91600, 31500, '5.310', 1),
(214, 1, 214, NULL, 0, NULL, 93433, 33200, '5.310', 1),
(215, 1, 215, NULL, 0, NULL, 92000, 33550, '5.310', 1),
(216, 1, 216, NULL, 0, NULL, 90567, 33650, '5.360', 1),
(217, 1, 217, NULL, 0, NULL, 92333, 35600, '5.340', 1),
(218, 1, 218, NULL, 0, NULL, 90867, 35800, '5.360', 1),
(219, 1, 219, NULL, 0, NULL, 89400, 35850, '5.420', 1),
(220, 1, 220, NULL, 0, NULL, 91133, 38000, '5.420', 1),
(221, 1, 221, NULL, 0, NULL, 89667, 38000, '5.450', 1),
(222, 1, 222, NULL, 0, NULL, 88300, 37850, '5.480', 1),
(223, 1, 223, NULL, 0, NULL, 89767, 40050, '5.480', 1),
(224, 1, 224, NULL, 0, NULL, 88333, 40050, '5.520', 1),
(225, 1, 225, NULL, 0, NULL, 86933, 39700, '5.540', 1),
(226, 1, 226, NULL, 0, NULL, 88400, 42200, '5.540', 1),
(227, 1, 227, NULL, 0, NULL, 86833, 42000, '5.590', 1),
(228, 1, 228, NULL, 0, NULL, 85400, 41700, '5.610', 1),
(229, 1, 229, NULL, 0, NULL, 86867, 44050, '5.610', 1),
(230, 1, 230, NULL, 0, NULL, 85367, 43800, '5.670', 1),
(231, 1, 231, NULL, 0, NULL, 83933, 43350, '5.670', 1),
(232, 1, 232, NULL, 0, NULL, 85400, 45900, '5.670', 1),
(233, 1, 233, NULL, 0, NULL, 83733, 45450, '5.700', 1),
(234, 1, 234, NULL, 0, NULL, 82433, 44800, '5.720', 1),
(235, 1, 235, NULL, 0, NULL, 83633, 47650, '5.720', 1),
(236, 1, 236, NULL, 0, NULL, 82133, 46950, '5.740', 1),
(237, 1, 237, NULL, 0, NULL, 80800, 46250, '5.790', 1),
(238, 1, 238, NULL, 0, NULL, 81900, 49000, '5.790', 1),
(239, 1, 239, NULL, 0, NULL, 80567, 48300, '5.830', 1),
(240, 1, 240, NULL, 0, NULL, 79267, 47500, '5.880', 1),
(241, 1, 241, NULL, 0, NULL, 80100, 50350, '5.880', 1),
(242, 1, 242, NULL, 0, NULL, 78800, 49450, '5.920', 1),
(243, 1, 243, NULL, 0, NULL, 77633, 48350, '5.920', 1),
(244, 1, 244, NULL, 0, NULL, 78233, 51400, '5.920', 1),
(245, 1, 245, NULL, 0, NULL, 77000, 50300, '5.990', 1),
(246, 1, 246, NULL, 0, NULL, 75733, 49200, '6.030', 1),
(247, 1, 247, NULL, 0, NULL, 76300, 52250, '6.030', 1),
(248, 1, 248, NULL, 0, NULL, 75133, 51100, '6.050', 1),
(249, 1, 249, NULL, 0, NULL, 74000, 49850, '6.120', 1),
(250, 1, 250, NULL, 0, NULL, 74400, 52950, '6.120', 1),
(251, 1, 251, NULL, 0, NULL, 73200, 51650, '6.130', 1),
(252, 1, 252, NULL, 0, NULL, 72200, 50250, '6.180', 1),
(253, 1, 253, NULL, 0, NULL, 72367, 53400, '6.180', 1),
(254, 1, 254, NULL, 0, NULL, 71333, 51900, '6.180', 1),
(255, 1, 255, NULL, 0, NULL, 70367, 50500, '6.240', 1),
(256, 1, 256, NULL, 0, NULL, 70500, 53700, '6.240', 1),
(257, 1, 257, NULL, 0, NULL, 69500, 52100, '6.280', 1),
(258, 1, 258, NULL, 0, NULL, 68500, 50550, '0.030', 1),
(259, 1, 259, NULL, 0, NULL, 68433, 53700, '0.030', 1),
(260, 1, 260, NULL, 0, NULL, 67633, 52050, '0.060', 1),
(261, 1, 261, NULL, 0, NULL, 66667, 50300, '0.110', 1),
(262, 1, 262, NULL, 0, NULL, 66500, 53650, '0.110', 1),
(263, 1, 263, NULL, 0, NULL, 65633, 51750, '0.130', 1),
(264, 1, 264, NULL, 0, NULL, 64767, 49950, '0.180', 1),
(265, 1, 265, NULL, 0, NULL, 64533, 53200, '0.180', 1),
(266, 1, 266, NULL, 0, NULL, 63667, 51300, '0.250', 1),
(267, 1, 267, NULL, 0, NULL, 63200, 49500, '0.250', 1),
(268, 1, 268, NULL, 0, NULL, 62733, 52700, '0.250', 1),
(269, 1, 269, NULL, 0, NULL, 62033, 50650, '0.290', 1),
(270, 1, 270, NULL, 0, NULL, 61467, 48600, '0.310', 1),
(271, 1, 271, NULL, 0, NULL, 60933, 51800, '0.310', 1),
(272, 1, 272, NULL, 0, NULL, 60333, 49850, '0.360', 1),
(273, 1, 273, NULL, 0, NULL, 59900, 47750, '0.360', 1),
(274, 1, 274, NULL, 0, NULL, 59133, 50950, '0.360', 1),
(275, 1, 275, NULL, 0, NULL, 58600, 48850, '0.360', 1),
(276, 1, 276, NULL, 0, NULL, 58267, 46900, '0.360', 1),
(277, 1, 277, NULL, 0, NULL, 57500, 49950, '0.360', 1),
(278, 1, 278, NULL, 0, NULL, 57033, 47900, '0.360', 1),
(279, 1, 279, NULL, 0, NULL, 56533, 45850, '0.360', 1),
(280, 1, 280, NULL, 0, NULL, 55933, 49000, '0.360', 1),
(281, 1, 281, NULL, 0, NULL, 55500, 47050, '0.360', 1),
(282, 1, 282, NULL, 0, NULL, 55133, 44950, '0.360', 1),
(283, 1, 283, NULL, 0, NULL, 54267, 47950, '0.360', 1),
(284, 1, 284, NULL, 0, NULL, 53833, 45950, '0.360', 1),
(285, 1, 285, NULL, 0, NULL, 53367, 43900, '0.360', 1),
(286, 1, 286, NULL, 0, NULL, 52667, 47100, '0.360', 1),
(287, 1, 287, NULL, 0, NULL, 52300, 45100, '0.360', 1),
(288, 1, 288, NULL, 0, NULL, 51100, 46100, '0.360', 1),
(289, 1, 289, 6, 0, NULL, 51700, 42950, '0.360', 1),
(290, 1, 290, 6, 0, NULL, 50567, 44100, '0.310', 1),
(291, 1, 291, 6, 0, NULL, 49933, 42400, '0.100', 1),
(292, 1, 292, 6, 0, NULL, 48433, 42650, '5.840', 1),
(293, 1, 293, 6, 0, NULL, 48933, 44100, '5.890', 1),
(294, 1, 294, 6, 0, NULL, 49433, 45600, '6.010', 1),
(295, 1, 295, 6, 0, NULL, 48233, 47550, '5.560', 1),
(296, 1, 296, 6, 0, NULL, 47100, 44450, '5.400', 1),
(297, 1, 297, 6, 0, NULL, 47700, 46050, '5.520', 1),
(298, 1, 298, 6, 0, NULL, 46400, 48600, '6.180', 1),
(299, 1, 299, 6, 0, NULL, 45833, 46950, '0.150', 1),
(300, 1, 300, 6, 0, NULL, 44567, 48050, '0.400', 1),
(301, 1, 301, 6, 0, NULL, 45533, 45200, '0.330', 1),
(302, 1, 302, 6, 0, NULL, 44033, 45950, '0.420', 1),
(303, 1, 303, 6, 0, NULL, 42733, 46800, '0.420', 1),
(304, 1, 304, NULL, 0, NULL, 43633, 43850, '0.420', 1),
(305, 1, 305, NULL, 0, NULL, 42333, 44750, '0.420', 1),
(306, 1, 306, NULL, 0, NULL, 41933, 42650, '0.420', 1),
(307, 1, 307, NULL, 0, NULL, 41100, 45800, '0.420', 1),
(308, 1, 308, NULL, 0, NULL, 40700, 43750, '0.420', 1),
(309, 1, 309, NULL, 0, NULL, 40367, 41650, '0.420', 1),
(310, 1, 310, NULL, 0, NULL, 39533, 44800, '0.420', 1),
(311, 1, 311, NULL, 0, NULL, 39000, 42550, '0.420', 1),
(312, 1, 312, NULL, 0, NULL, 38733, 40600, '0.420', 1),
(313, 1, 313, NULL, 0, NULL, 37900, 43650, '0.420', 1),
(314, 1, 314, NULL, 0, NULL, 37400, 41500, '0.420', 1),
(315, 1, 315, NULL, 0, NULL, 37033, 39500, '0.420', 1),
(316, 1, 316, NULL, 0, NULL, 36233, 42500, '0.420', 1),
(317, 1, 317, NULL, 0, NULL, 35867, 40400, '0.420', 1),
(318, 1, 318, NULL, 0, NULL, 35500, 38350, '0.420', 1),
(319, 1, 319, NULL, 0, NULL, 34600, 41300, '0.420', 1),
(320, 1, 320, NULL, 0, NULL, 34233, 39250, '0.420', 1),
(321, 1, 321, NULL, 0, NULL, 33833, 37300, '0.420', 1),
(322, 1, 322, NULL, 0, NULL, 33033, 40250, '0.420', 1),
(323, 1, 323, NULL, 0, NULL, 32533, 38250, '0.420', 1),
(324, 1, 324, NULL, 0, NULL, 32200, 36200, '0.420', 1),
(325, 1, 325, NULL, 0, NULL, 31433, 39200, '0.420', 1),
(326, 1, 326, NULL, 0, NULL, 30967, 37200, '0.420', 1),
(327, 1, 327, NULL, 0, NULL, 30500, 35150, '0.420', 1),
(328, 1, 328, NULL, 0, NULL, 29733, 38150, '0.420', 1),
(329, 1, 329, NULL, 0, NULL, 29233, 36100, '0.420', 1),
(330, 1, 330, NULL, 0, NULL, 28067, 37150, '0.420', 1),
(331, 1, 331, 7, 0, NULL, 28700, 33900, '0.340', 1),
(332, 1, 332, 7, 0, NULL, 27433, 35100, '0.220', 1),
(333, 1, 333, 7, 0, NULL, 26867, 33300, '0.070', 1),
(334, 1, 334, 7, 0, NULL, 26333, 36550, '0.000', 1),
(335, 1, 335, 7, 0, NULL, 25767, 35000, '6.150', 1),
(336, 1, 336, 7, 0, NULL, 25167, 33500, '6.060', 1),
(337, 1, 337, 7, 0, NULL, 23567, 34450, '5.730', 1),
(338, 1, 338, 7, 0, NULL, 24033, 35900, '5.730', 1),
(339, 1, 339, 7, 0, NULL, 24567, 37350, '5.730', 1),
(340, 1, 340, 7, 0, NULL, 22333, 35850, '5.540', 1),
(341, 1, 341, 7, 0, NULL, 22667, 37600, '5.540', 1),
(342, 1, 342, 7, 0, NULL, 21233, 37500, '5.420', 1),
(343, 1, 343, 7, 0, NULL, 23033, 39250, '5.510', 1),
(344, 1, 344, 7, 0, NULL, 21500, 39400, '5.420', 1),
(345, 1, 345, 7, 0, NULL, 20167, 39300, '5.360', 1),
(346, 1, 346, NULL, 0, NULL, 21867, 41300, '5.340', 1),
(347, 1, 347, NULL, 0, NULL, 20433, 41500, '5.340', 1),
(348, 1, 348, NULL, 0, NULL, 19067, 41550, '5.270', 1),
(349, 1, 349, NULL, 0, NULL, 20933, 43200, '5.340', 1),
(350, 1, 350, NULL, 0, NULL, 19633, 43350, '5.270', 1),
(351, 1, 351, NULL, 0, NULL, 20167, 45100, '5.270', 1),
(352, 1, 352, 8, 0, NULL, 18233, 43850, '5.200', 1),
(353, 1, 353, 8, 0, NULL, 18867, 45700, '5.060', 1),
(354, 1, 354, 8, 0, NULL, 17633, 46600, '4.840', 1),
(355, 1, 355, 8, 0, NULL, 18000, 49050, '4.250', 1),
(356, 1, 356, 8, 0, NULL, 18967, 48450, '4.220', 1),
(357, 1, 357, 8, 0, NULL, 19933, 47750, '4.130', 1),
(358, 1, 358, 8, 0, NULL, 20967, 49950, '4.250', 1),
(359, 1, 359, 8, 0, NULL, 20067, 50650, '4.250', 1),
(360, 1, 360, 8, 0, NULL, 21367, 52400, '4.810', 1),
(361, 1, 361, 8, 0, NULL, 19167, 51550, '4.420', 1),
(362, 1, 362, 8, 0, NULL, 20133, 53700, '4.980', 1),
(363, 1, 363, 8, 0, NULL, 20967, 55400, '4.980', 1),
(364, 1, 364, 8, 0, NULL, 18900, 54700, '4.980', 1),
(365, 1, 365, 8, 0, NULL, 19633, 56450, '4.980', 1),
(366, 1, 366, 8, 0, NULL, 20433, 58100, '4.980', 1),
(367, 1, 367, 8, 0, NULL, 18367, 57350, '4.980', 1),
(368, 1, 368, 8, 0, NULL, 19167, 59050, '4.980', 1),
(369, 1, 369, 8, 0, NULL, 19867, 60850, '5.040', 1),
(370, 1, 370, 8, 0, NULL, 19067, 63250, '5.480', 1),
(371, 1, 371, 8, 0, NULL, 18433, 61950, '5.360', 1),
(372, 1, 372, 8, 0, NULL, 17733, 60500, '5.210', 1),
(373, 1, 373, 8, 0, NULL, 16033, 62250, '5.680', 1),
(374, 1, 374, 8, 0, NULL, 16700, 63550, '5.710', 1),
(375, 1, 375, 8, 0, NULL, 14733, 64350, '5.170', 1),
(376, 1, 376, 8, 0, NULL, 17333, 64900, '5.740', 1),
(377, 1, 377, 8, 0, NULL, 15433, 65950, '4.970', 1),
(378, 1, 378, 8, 0, NULL, 14200, 67250, '4.840', 1),
(379, 1, 379, 8, 0, NULL, 16367, 67300, '4.890', 1),
(380, 1, 380, 8, 0, NULL, 15133, 68750, '4.810', 1),
(381, 1, 381, 8, 0, NULL, 14000, 70000, '4.780', 1),
(382, 1, 382, NULL, 0, NULL, 16167, 70300, '4.710', 1),
(383, 1, 383, NULL, 0, NULL, 15100, 71550, '4.710', 1),
(384, 1, 384, NULL, 0, NULL, 14033, 73100, '4.650', 1),
(385, 1, 385, NULL, 0, NULL, 16200, 72900, '4.610', 1),
(386, 1, 386, NULL, 0, NULL, 15233, 74400, '4.580', 1),
(387, 1, 387, NULL, 0, NULL, 14300, 75950, '4.540', 1),
(388, 1, 388, NULL, 0, NULL, 16400, 75600, '4.540', 1),
(389, 1, 389, NULL, 0, NULL, 15533, 77200, '4.520', 1),
(390, 1, 390, NULL, 0, NULL, 16767, 78150, '4.460', 1),
(391, 1, 391, 9, 0, NULL, 14700, 78950, '4.460', 1),
(392, 1, 392, 9, 0, NULL, 16000, 80000, '4.370', 1),
(393, 1, 393, 9, 0, NULL, 15367, 81950, '4.230', 1),
(394, 1, 394, 9, 0, NULL, 16433, 83800, '3.650', 1),
(395, 1, 395, 9, 0, NULL, 16933, 82500, '3.480', 1),
(396, 1, 396, 9, 0, NULL, 17567, 81050, '3.550', 1),
(397, 1, 397, 9, 0, NULL, 18800, 83100, '3.330', 1),
(398, 1, 398, 9, 0, NULL, 19533, 81700, '3.520', 1),
(399, 1, 399, 9, 0, NULL, 18300, 84600, '3.330', 1),
(400, 1, 400, 9, 0, NULL, 21267, 83150, '3.940', 1),
(401, 1, 401, 9, 0, NULL, 20500, 84450, '4.050', 1),
(402, 1, 402, 9, 0, NULL, 22067, 85750, '4.560', 1),
(403, 1, 403, 9, 0, NULL, 19900, 86200, '4.590', 1),
(404, 1, 404, 9, 0, NULL, 20967, 87350, '4.850', 1),
(405, 1, 405, 9, 0, NULL, 21967, 88600, '4.870', 1),
(406, 1, 406, 9, 0, NULL, 21500, 91400, '5.320', 1),
(407, 1, 407, 9, 0, NULL, 20667, 90200, '5.210', 1),
(408, 1, 408, 9, 0, NULL, 19700, 89200, '5.130', 1),
(409, 1, 409, 9, 0, NULL, 20133, 93350, '5.910', 1),
(410, 1, 410, 9, 0, NULL, 19233, 92100, '6.130', 1),
(411, 1, 411, 9, 0, NULL, 17900, 93800, '0.140', 1),
(412, 1, 412, 9, 0, NULL, 18067, 90500, '0.100', 1),
(413, 1, 413, 9, 0, NULL, 17033, 91900, '0.140', 1),
(414, 1, 414, 9, 0, NULL, 15900, 93300, '0.140', 1),
(415, 1, 415, NULL, 0, NULL, 16167, 90000, '0.130', 1),
(416, 1, 416, NULL, 0, NULL, 15133, 91450, '0.130', 1),
(417, 1, 417, NULL, 0, NULL, 14167, 92950, '0.130', 1),
(418, 1, 418, NULL, 0, NULL, 14367, 89650, '0.130', 1),
(419, 1, 419, NULL, 0, NULL, 13400, 91100, '0.130', 1),
(420, 1, 420, NULL, 0, NULL, 12400, 92650, '0.130', 1),
(421, 1, 421, NULL, 0, NULL, 12633, 89300, '0.130', 1),
(422, 1, 422, NULL, 0, NULL, 11667, 90750, '0.130', 1),
(423, 1, 423, NULL, 0, NULL, 10667, 92150, '0.130', 1),
(424, 1, 424, NULL, 0, NULL, 10900, 88950, '0.130', 1),
(425, 1, 425, NULL, 0, NULL, 9833, 90400, '0.130', 1),
(426, 1, 426, NULL, 0, NULL, 8867, 91900, '0.130', 1),
(427, 1, 427, NULL, 0, NULL, 9100, 88600, '0.130', 1),
(428, 1, 428, NULL, 0, NULL, 8067, 90100, '0.130', 1),
(429, 1, 429, NULL, 0, NULL, 7100, 91550, '0.130', 1),
(430, 1, 430, NULL, 0, NULL, 7333, 88300, '0.130', 1),
(431, 1, 431, NULL, 0, NULL, 6433, 89800, '0.130', 1),
(432, 1, 432, NULL, 0, NULL, 5700, 88050, '0.130', 1),
(433, 1, 433, 10, 0, NULL, 5300, 91250, '0.180', 1),
(434, 1, 434, 10, 0, 14, 4567, 89450, '0.290', 1),
(435, 1, 435, 10, 0, NULL, 3500, 90600, '0.480', 1),
(436, 1, 436, 10, 0, NULL, 2167, 88700, '1.080', 1),
(437, 1, 437, 10, 0, NULL, 3100, 87800, '1.080', 1),
(438, 1, 438, 10, 0, 13, 1867, 85700, '1.730', 1),
(439, 1, 439, 10, 0, NULL, 4033, 86900, '1.170', 1),
(440, 1, 440, 10, 0, NULL, 3067, 84950, '1.950', 1),
(441, 1, 441, 10, 0, NULL, 2533, 83100, '1.940', 1),
(442, 1, 442, 10, 0, NULL, 4567, 84050, '1.880', 1),
(443, 1, 443, 10, 0, NULL, 3800, 82200, '1.820', 1),
(444, 1, 444, 10, 0, NULL, 2967, 80600, '1.790', 1),
(445, 1, 445, NULL, 0, NULL, 6800, 78800, '2.060', 1),
(446, 1, 446, NULL, 0, NULL, 7933, 75850, '1.890', 1),
(447, 1, 447, NULL, 0, NULL, 8400, 72900, '1.680', 1),
(448, 1, 448, NULL, 0, NULL, 8467, 70150, '1.550', 1),
(449, 1, 449, NULL, 0, NULL, 8500, 67550, '1.580', 1),
(450, 1, 450, NULL, 0, NULL, 8600, 65000, '1.620', 1),
(451, 1, 451, NULL, 0, NULL, 8800, 62300, '1.690', 1),
(452, 1, 452, NULL, 0, NULL, 9033, 59650, '1.710', 1),
(453, 1, 453, NULL, 0, NULL, 9267, 57000, '1.770', 1),
(454, 1, 454, NULL, 0, NULL, 9700, 54450, '1.810', 1),
(455, 1, 455, NULL, 0, NULL, 10233, 51800, '1.880', 1),
(456, 1, 456, NULL, 0, NULL, 10800, 49250, '1.930', 1),
(457, 1, 457, NULL, 0, NULL, 11433, 46650, '1.980', 1),
(458, 1, 458, NULL, 0, NULL, 12200, 44250, '2.020', 1),
(459, 1, 459, NULL, 0, NULL, 12967, 41950, '2.020', 1),
(460, 1, 460, NULL, 0, NULL, 13767, 39700, '2.000', 1),
(461, 1, 461, NULL, 0, NULL, 14467, 37050, '1.810', 1),
(462, 1, 462, NULL, 1, NULL, 14867, 33250, '1.710', 1),
(463, 1, 463, NULL, 0, 12, 5067, 81300, '1.790', 1),
(464, 1, 464, NULL, 0, NULL, 4233, 79700, '1.740', 1),
(465, 1, 465, NULL, 0, 11, 3267, 78100, '1.670', 1),
(466, 1, 466, NULL, 0, NULL, 5400, 78500, '1.690', 1),
(467, 1, 467, NULL, 0, NULL, 4400, 77150, '1.600', 1),
(468, 1, 468, NULL, 0, NULL, 3300, 75750, '1.520', 1),
(469, 1, 469, NULL, 0, NULL, 5467, 75700, '1.530', 1),
(470, 1, 470, NULL, 0, NULL, 4367, 74500, '1.520', 1),
(471, 1, 471, NULL, 0, NULL, 3267, 73200, '1.500', 1),
(472, 1, 472, NULL, 0, 10, 5400, 73100, '1.500', 1),
(473, 1, 473, NULL, 0, NULL, 4267, 71650, '1.520', 1),
(474, 1, 474, NULL, 0, 9, 3167, 70350, '1.520', 1),
(475, 1, 475, NULL, 0, NULL, 5367, 70350, '1.520', 1),
(476, 1, 476, NULL, 0, NULL, 4200, 68850, '1.560', 1),
(477, 1, 477, NULL, 0, NULL, 3067, 67600, '1.600', 1),
(478, 1, 478, NULL, 0, NULL, 5300, 67400, '1.590', 1),
(479, 1, 479, NULL, 0, NULL, 4267, 66050, '1.620', 1),
(480, 1, 480, NULL, 0, NULL, 3167, 64650, '1.650', 1),
(481, 1, 481, NULL, 0, 8, 5400, 64600, '1.640', 1),
(482, 1, 482, NULL, 0, NULL, 4367, 63150, '1.670', 1),
(483, 1, 483, NULL, 0, 7, 3333, 61500, '1.700', 1),
(484, 1, 484, NULL, 0, NULL, 5533, 61800, '1.690', 1),
(485, 1, 485, NULL, 0, NULL, 4600, 60050, '1.710', 1),
(486, 1, 486, NULL, 0, NULL, 3667, 58350, '1.740', 1),
(487, 1, 487, NULL, 0, NULL, 5800, 58750, '1.730', 1),
(488, 1, 488, NULL, 0, NULL, 4900, 57050, '1.740', 1),
(489, 1, 489, NULL, 0, NULL, 4033, 55200, '1.770', 1),
(490, 1, 490, NULL, 0, 6, 6200, 55950, '1.770', 1),
(491, 1, 491, NULL, 0, NULL, 5367, 54000, '1.790', 1),
(492, 1, 492, NULL, 0, 5, 4533, 52300, '1.810', 1),
(493, 1, 493, NULL, 0, NULL, 6733, 53000, '1.810', 1),
(494, 1, 494, NULL, 0, NULL, 5867, 51250, '1.850', 1),
(495, 1, 495, NULL, 0, NULL, 5100, 49450, '1.880', 1),
(496, 1, 496, NULL, 0, NULL, 7233, 50200, '1.880', 1),
(497, 1, 497, NULL, 0, NULL, 6467, 48400, '1.880', 1),
(498, 1, 498, NULL, 0, NULL, 5867, 46450, '1.930', 1),
(499, 1, 499, NULL, 0, 4, 7833, 47550, '1.930', 1),
(500, 1, 500, NULL, 0, NULL, 7167, 45550, '1.930', 1),
(501, 1, 501, NULL, 0, 3, 6600, 43650, '1.980', 1),
(502, 1, 502, NULL, 0, NULL, 8600, 44900, '1.980', 1),
(503, 1, 503, NULL, 0, NULL, 7933, 42750, '1.980', 1),
(504, 1, 504, NULL, 0, NULL, 7333, 40800, '2.020', 1),
(505, 1, 505, NULL, 0, NULL, 9367, 42050, '2.020', 1),
(506, 1, 506, NULL, 0, NULL, 8833, 40100, '2.020', 1),
(507, 1, 507, NULL, 0, NULL, 8267, 38150, '2.030', 1),
(508, 1, 508, NULL, 0, 2, 10200, 39650, '2.020', 1),
(509, 1, 509, NULL, 0, NULL, 9700, 37550, '2.060', 1),
(510, 1, 510, NULL, 0, 1, 9267, 35400, '2.110', 1),
(511, 1, 511, NULL, 0, NULL, 11167, 37050, '2.110', 1),
(512, 1, 512, NULL, 1, NULL, 10800, 34850, '2.140', 1),
(513, 1, 513, NULL, 1, NULL, 10300, 32750, '2.180', 1),
(514, 1, 514, NULL, 1, NULL, 12267, 34750, '2.140', 1),
(515, 1, 515, NULL, 0, NULL, 11900, 32450, '2.220', 1);

-- --------------------------------------------------------

--
-- Table structure for table `fo_tracks`
--

DROP TABLE IF EXISTS `fo_tracks`;
CREATE TABLE IF NOT EXISTS `fo_tracks` (
  `id` int(11) NOT NULL AUTO_INCREMENT,
  `name` varchar(20) COLLATE utf8_bin NOT NULL,
  `game_plan` varchar(50) COLLATE utf8_bin NOT NULL,
  PRIMARY KEY (`id`)
) ENGINE=InnoDB AUTO_INCREMENT=2 DEFAULT CHARSET=utf8 COLLATE=utf8_bin;

--
-- Dumping data for table `fo_tracks`
--

INSERT INTO `fo_tracks` (`id`, `name`, `game_plan`) VALUES
(1, 'Monaco', 'monaco.jpg');

-- --------------------------------------------------------

--
-- Table structure for table `games`
--

DROP TABLE IF EXISTS `games`;
CREATE TABLE IF NOT EXISTS `games` (
  `id` int(11) NOT NULL AUTO_INCREMENT,
  `name` varchar(30) COLLATE utf8_bin NOT NULL,
  `min_players` int(11) DEFAULT NULL,
  `max_players` int(11) DEFAULT NULL,
  `creator_id` int(11) NOT NULL,
  `game_state_id` int(11) NOT NULL DEFAULT '1',
  `game_type_id` int(11) NOT NULL,
  `created` datetime NOT NULL DEFAULT CURRENT_TIMESTAMP,
  `modified` datetime NOT NULL DEFAULT CURRENT_TIMESTAMP,
  PRIMARY KEY (`id`),
  KEY `game_state_id` (`game_state_id`),
  KEY `creator_id` (`creator_id`),
  KEY `game_type_id` (`game_type_id`)
) ENGINE=InnoDB AUTO_INCREMENT=64 DEFAULT CHARSET=utf8 COLLATE=utf8_bin;

--
-- Dumping data for table `games`
--

INSERT INTO `games` (`id`, `name`, `min_players`, `max_players`, `creator_id`, `game_state_id`, `game_type_id`, `created`, `modified`) VALUES
(41, 'Livecan\'s game', NULL, NULL, 1, 1, 2, '2021-04-10 18:28:18', '2021-04-10 18:28:18'),
(42, 'Livecan\'s game', NULL, NULL, 1, 1, 2, '2021-04-10 18:28:37', '2021-04-10 18:28:37'),
(43, 'Livecan\'s game', NULL, NULL, 1, 1, 2, '2021-04-10 18:31:52', '2021-04-10 18:31:52'),
(44, 'Livecan\'s game', NULL, NULL, 1, 1, 2, '2021-04-10 18:32:01', '2021-04-10 18:32:01'),
(45, 'Livecan\'s game', NULL, NULL, 1, 1, 2, '2021-04-10 18:33:27', '2021-04-10 18:33:27'),
(46, 'Livecan\'s game', NULL, NULL, 1, 1, 2, '2021-04-10 18:41:17', '2021-04-10 18:41:17'),
(47, 'Livecan\'s game', NULL, NULL, 1, 1, 2, '2021-04-10 18:41:30', '2021-04-10 18:41:30'),
(48, 'Livecan\'s game', NULL, NULL, 1, 1, 2, '2021-04-10 18:48:16', '2021-04-10 18:48:16'),
(49, 'Livecan\'s game', NULL, NULL, 1, 1, 2, '2021-04-10 18:55:05', '2021-04-10 18:55:05'),
(50, 'Livecan\'s game', NULL, NULL, 1, 1, 2, '2021-04-10 18:55:28', '2021-04-10 18:55:28'),
(51, 'Livecan\'s game', NULL, NULL, 1, 1, 2, '2021-04-10 18:56:47', '2021-04-10 18:56:47'),
(52, 'Livecan\'s game', NULL, NULL, 1, 1, 2, '2021-04-10 18:57:49', '2021-04-10 18:57:49'),
(53, 'Livecan\'s game', NULL, NULL, 1, 1, 2, '2021-04-10 18:58:09', '2021-04-10 18:58:09'),
(54, 'Livecan\'s game', NULL, NULL, 1, 1, 2, '2021-04-10 19:13:30', '2021-04-10 19:13:30'),
(55, 'Livecan\'s game', NULL, NULL, 1, 1, 2, '2021-04-10 19:13:36', '2021-04-10 19:13:36'),
(56, 'Livecan\'s game', NULL, NULL, 1, 1, 2, '2021-04-10 19:15:45', '2021-04-10 19:15:45'),
(57, 'Livecan\'s game', NULL, NULL, 1, 1, 2, '2021-04-10 19:15:45', '2021-04-10 19:15:45'),
(58, 'Livecan\'s game', NULL, NULL, 1, 1, 2, '2021-04-10 19:16:14', '2021-04-10 19:16:14'),
(59, 'Livecan\'s game', NULL, NULL, 1, 1, 2, '2021-04-10 19:17:33', '2021-04-10 19:17:33'),
(60, 'Livecan\'s game', NULL, NULL, 1, 1, 2, '2021-04-10 19:18:20', '2021-04-10 19:18:20'),
(61, 'Livecan\'s game', NULL, NULL, 1, 1, 2, '2021-04-10 19:22:47', '2021-04-10 19:22:47'),
(62, '0', NULL, NULL, 1, 1, 2, '2021-04-11 14:27:17', '2021-04-11 14:27:17'),
(63, 'Livecan\'s Monaco GP', 10, 6, 1, 2, 2, '2021-04-11 14:27:37', '2021-04-14 18:59:37');

-- --------------------------------------------------------

--
-- Table structure for table `games_users`
--

DROP TABLE IF EXISTS `games_users`;
CREATE TABLE IF NOT EXISTS `games_users` (
  `id` int(11) NOT NULL AUTO_INCREMENT,
  `game_id` int(11) NOT NULL,
  `user_id` int(11) NOT NULL,
  `ready_state` char(1) COLLATE utf8_bin NOT NULL COMMENT 'R - ready,\r\nN - not ready',
  `order_number` int(11) DEFAULT NULL,
  `next_user_id` int(11) DEFAULT NULL,
  PRIMARY KEY (`id`),
  KEY `Game_ID` (`game_id`),
  KEY `Player_ID` (`user_id`),
  KEY `next_user_id` (`next_user_id`)
) ENGINE=InnoDB AUTO_INCREMENT=60 DEFAULT CHARSET=utf8 COLLATE=utf8_bin;

--
-- Dumping data for table `games_users`
--

INSERT INTO `games_users` (`id`, `game_id`, `user_id`, `ready_state`, `order_number`, `next_user_id`) VALUES
(45, 46, 1, '', NULL, NULL),
(46, 47, 1, '', NULL, NULL),
(47, 48, 1, '', NULL, NULL),
(48, 53, 1, '', NULL, NULL),
(49, 54, 1, '', NULL, NULL),
(50, 55, 1, '', NULL, NULL),
(51, 56, 1, '', NULL, NULL),
(52, 57, 1, '', NULL, NULL),
(53, 58, 1, '', NULL, NULL),
(54, 59, 1, '', NULL, NULL),
(55, 60, 1, '', NULL, NULL),
(56, 61, 1, '', NULL, NULL),
(57, 62, 1, '', NULL, NULL),
(58, 63, 1, '', NULL, NULL),
(59, 63, 3, '', NULL, NULL);

-- --------------------------------------------------------

--
-- Table structure for table `game_states`
--

DROP TABLE IF EXISTS `game_states`;
CREATE TABLE IF NOT EXISTS `game_states` (
  `id` int(11) NOT NULL AUTO_INCREMENT,
  `name` varchar(20) COLLATE utf8_bin NOT NULL,
  PRIMARY KEY (`id`)
) ENGINE=InnoDB AUTO_INCREMENT=4 DEFAULT CHARSET=utf8 COLLATE=utf8_bin;

--
-- Dumping data for table `game_states`
--

INSERT INTO `game_states` (`id`, `name`) VALUES
(1, 'NEW'),
(2, 'STARTED'),
(3, 'FINISHED');

-- --------------------------------------------------------

--
-- Table structure for table `game_types`
--

DROP TABLE IF EXISTS `game_types`;
CREATE TABLE IF NOT EXISTS `game_types` (
  `id` int(11) NOT NULL AUTO_INCREMENT,
  `name` varchar(20) COLLATE utf8_bin NOT NULL,
  `table_prefix` char(2) COLLATE utf8_bin NOT NULL,
  `controller` varchar(20) COLLATE utf8_bin NOT NULL,
  PRIMARY KEY (`id`),
  UNIQUE KEY `name` (`name`),
  UNIQUE KEY `table_prefix` (`table_prefix`)
) ENGINE=InnoDB AUTO_INCREMENT=3 DEFAULT CHARSET=utf8 COLLATE=utf8_bin;

--
-- Dumping data for table `game_types`
--

INSERT INTO `game_types` (`id`, `name`, `table_prefix`, `controller`) VALUES
(1, 'Drowning Game', 'dr', 'DrowningGames'),
(2, 'Formula', 'fo', 'Formula');

-- --------------------------------------------------------

--
-- Table structure for table `users`
--

DROP TABLE IF EXISTS `users`;
CREATE TABLE IF NOT EXISTS `users` (
  `id` int(11) NOT NULL AUTO_INCREMENT,
  `name` text COLLATE utf8_bin NOT NULL,
  `password` varchar(255) COLLATE utf8_bin NOT NULL,
  `is_admin` tinyint(1) NOT NULL DEFAULT '0',
  PRIMARY KEY (`id`)
) ENGINE=InnoDB AUTO_INCREMENT=8 DEFAULT CHARSET=utf8 COLLATE=utf8_bin;

--
-- Dumping data for table `users`
--

INSERT INTO `users` (`id`, `name`, `password`, `is_admin`) VALUES
(1, 'Livecan', '$2y$10$uNezhrCWf7ChyHqXMzYOgOavqJIMlc5YXLhMwv3KhlH5S7dcpdqgC', 1),
(3, 'Rebekah', '$2y$10$yhMzuGA0/vQOr/NxcFQVf.6FeEnhRB6kOtVL8eBssmlu0Z1DLe61u', 0),
(7, 'Mr X', '', 0);

--
-- Constraints for dumped tables
--

--
-- Constraints for table `dr_results`
--
ALTER TABLE `dr_results`
  ADD CONSTRAINT `dr_results_ibfk_1` FOREIGN KEY (`user_id`) REFERENCES `users` (`id`),
  ADD CONSTRAINT `dr_results_ibfk_2` FOREIGN KEY (`game_id`) REFERENCES `games` (`id`);

--
-- Constraints for table `dr_tokens_games`
--
ALTER TABLE `dr_tokens_games`
  ADD CONSTRAINT `dr_tokens_games_ibfk_1` FOREIGN KEY (`game_id`) REFERENCES `games` (`id`),
  ADD CONSTRAINT `dr_tokens_games_ibfk_2` FOREIGN KEY (`dr_token_id`) REFERENCES `dr_tokens` (`id`),
  ADD CONSTRAINT `dr_tokens_games_ibfk_3` FOREIGN KEY (`user_id`) REFERENCES `users` (`id`),
  ADD CONSTRAINT `dr_tokens_games_ibfk_4` FOREIGN KEY (`dr_token_state_id`) REFERENCES `dr_token_states` (`id`);

--
-- Constraints for table `dr_turns`
--
ALTER TABLE `dr_turns`
  ADD CONSTRAINT `dr_turns_ibfk_1` FOREIGN KEY (`game_id`) REFERENCES `games` (`id`),
  ADD CONSTRAINT `dr_turns_ibfk_2` FOREIGN KEY (`user_id`) REFERENCES `users` (`id`);

--
-- Constraints for table `fo_cars`
--
ALTER TABLE `fo_cars`
  ADD CONSTRAINT `fo_cars_ibfk_1` FOREIGN KEY (`game_id`) REFERENCES `games` (`id`),
  ADD CONSTRAINT `fo_cars_ibfk_2` FOREIGN KEY (`user_id`) REFERENCES `users` (`id`),
  ADD CONSTRAINT `fo_cars_ibfk_3` FOREIGN KEY (`fo_position_id`) REFERENCES `fo_positions` (`id`),
  ADD CONSTRAINT `fo_cars_ibfk_4` FOREIGN KEY (`fo_curve_id`) REFERENCES `fo_curves` (`id`);

--
-- Constraints for table `fo_curves`
--
ALTER TABLE `fo_curves`
  ADD CONSTRAINT `fo_curves_ibfk_1` FOREIGN KEY (`fo_track_id`) REFERENCES `fo_tracks` (`id`),
  ADD CONSTRAINT `fo_curves_ibfk_2` FOREIGN KEY (`fo_next_curve_id`) REFERENCES `fo_curves` (`id`);

--
-- Constraints for table `fo_damages`
--
ALTER TABLE `fo_damages`
  ADD CONSTRAINT `fo_damages_ibfk_1` FOREIGN KEY (`fo_car_id`) REFERENCES `fo_cars` (`id`) ON DELETE CASCADE ON UPDATE CASCADE,
  ADD CONSTRAINT `fo_damages_ibfk_2` FOREIGN KEY (`fo_e_damage_type_id`) REFERENCES `fo_e_damage_types` (`id`),
  ADD CONSTRAINT `fo_damages_ibfk_3` FOREIGN KEY (`fo_log_id`) REFERENCES `fo_logs` (`id`),
  ADD CONSTRAINT `fo_damages_ibfk_4` FOREIGN KEY (`fo_move_option_id`) REFERENCES `fo_move_options` (`id`) ON DELETE CASCADE ON UPDATE CASCADE;

--
-- Constraints for table `fo_debris`
--
ALTER TABLE `fo_debris`
  ADD CONSTRAINT `fo_debris_ibfk_1` FOREIGN KEY (`game_id`) REFERENCES `games` (`id`),
  ADD CONSTRAINT `fo_debris_ibfk_2` FOREIGN KEY (`fo_position_id`) REFERENCES `fo_positions` (`id`);

--
-- Constraints for table `fo_games`
--
ALTER TABLE `fo_games`
  ADD CONSTRAINT `fo_games_ibfk_1` FOREIGN KEY (`game_id`) REFERENCES `games` (`id`),
  ADD CONSTRAINT `fo_games_ibfk_2` FOREIGN KEY (`fo_track_id`) REFERENCES `fo_tracks` (`id`);

--
-- Constraints for table `fo_logs`
--
ALTER TABLE `fo_logs`
  ADD CONSTRAINT `fo_logs_ibfk_1` FOREIGN KEY (`fo_car_id`) REFERENCES `fo_cars` (`id`),
  ADD CONSTRAINT `fo_logs_ibfk_2` FOREIGN KEY (`fo_position_id`) REFERENCES `fo_positions` (`id`);

--
-- Constraints for table `fo_move_options`
--
ALTER TABLE `fo_move_options`
  ADD CONSTRAINT `fo_move_options_ibfk_1` FOREIGN KEY (`fo_car_id`) REFERENCES `fo_cars` (`id`),
  ADD CONSTRAINT `fo_move_options_ibfk_2` FOREIGN KEY (`fo_position_id`) REFERENCES `fo_positions` (`id`),
  ADD CONSTRAINT `fo_move_options_ibfk_3` FOREIGN KEY (`fo_curve_id`) REFERENCES `fo_curves` (`id`);

--
-- Constraints for table `fo_position2positions`
--
ALTER TABLE `fo_position2positions`
  ADD CONSTRAINT `fo_position2positions_ibfk_1` FOREIGN KEY (`fo_position_from_id`) REFERENCES `fo_positions` (`id`),
  ADD CONSTRAINT `fo_position2positions_ibfk_2` FOREIGN KEY (`fo_position_to_id`) REFERENCES `fo_positions` (`id`);

--
-- Constraints for table `fo_positions`
--
ALTER TABLE `fo_positions`
  ADD CONSTRAINT `fo_positions_ibfk_1` FOREIGN KEY (`fo_track_id`) REFERENCES `fo_tracks` (`id`),
  ADD CONSTRAINT `fo_positions_ibfk_2` FOREIGN KEY (`fo_curve_id`) REFERENCES `fo_curves` (`id`);

--
-- Constraints for table `games`
--
ALTER TABLE `games`
  ADD CONSTRAINT `fk_game_state` FOREIGN KEY (`game_state_id`) REFERENCES `game_states` (`id`),
  ADD CONSTRAINT `games_ibfk_1` FOREIGN KEY (`creator_id`) REFERENCES `users` (`id`),
  ADD CONSTRAINT `games_ibfk_2` FOREIGN KEY (`game_type_id`) REFERENCES `game_types` (`id`);

--
-- Constraints for table `games_users`
--
ALTER TABLE `games_users`
  ADD CONSTRAINT `games_users_ibfk_1` FOREIGN KEY (`game_id`) REFERENCES `games` (`id`),
  ADD CONSTRAINT `games_users_ibfk_2` FOREIGN KEY (`user_id`) REFERENCES `users` (`id`),
  ADD CONSTRAINT `games_users_ibfk_3` FOREIGN KEY (`next_user_id`) REFERENCES `users` (`id`) ON DELETE SET NULL;
COMMIT;

/*!40101 SET CHARACTER_SET_CLIENT=@OLD_CHARACTER_SET_CLIENT */;
/*!40101 SET CHARACTER_SET_RESULTS=@OLD_CHARACTER_SET_RESULTS */;
/*!40101 SET COLLATION_CONNECTION=@OLD_COLLATION_CONNECTION */;
