-- phpMyAdmin SQL Dump
-- version 5.0.2
-- https://www.phpmyadmin.net/
--
-- Host: 127.0.0.1:3306
-- Generation Time: Mar 26, 2021 at 05:26 PM
-- Server version: 5.7.26
-- PHP Version: 7.3.21

SET SQL_MODE = "NO_AUTO_VALUE_ON_ZERO";
START TRANSACTION;
SET time_zone = "+00:00";


/*!40101 SET @OLD_CHARACTER_SET_CLIENT=@@CHARACTER_SET_CLIENT */;
/*!40101 SET @OLD_CHARACTER_SET_RESULTS=@@CHARACTER_SET_RESULTS */;
/*!40101 SET @OLD_COLLATION_CONNECTION=@@COLLATION_CONNECTION */;
/*!40101 SET NAMES utf8mb4 */;

--
-- Database: `games`
--

-- --------------------------------------------------------

--
-- Table structure for table `dr_results`
--

DROP TABLE IF EXISTS `dr_results`;
CREATE TABLE IF NOT EXISTS `dr_results` (
  `id` int(11) NOT NULL AUTO_INCREMENT,
  `game_id` int(11) NOT NULL,
  `user_id` int(11) NOT NULL,
  `score` int(11) NOT NULL,
  PRIMARY KEY (`id`),
  KEY `games_users_id` (`user_id`),
  KEY `game_id` (`game_id`)
) ENGINE=InnoDB AUTO_INCREMENT=4 DEFAULT CHARSET=utf8 COLLATE=utf8_bin;

--
-- Dumping data for table `dr_results`
--

INSERT INTO `dr_results` (`id`, `game_id`, `user_id`, `score`) VALUES
(1, 7, 1, 20),
(3, 8, 1, 51);

-- --------------------------------------------------------

--
-- Table structure for table `dr_tokens`
--

DROP TABLE IF EXISTS `dr_tokens`;
CREATE TABLE IF NOT EXISTS `dr_tokens` (
  `id` int(11) NOT NULL AUTO_INCREMENT,
  `type` int(11) NOT NULL,
  `value` int(11) NOT NULL,
  PRIMARY KEY (`id`)
) ENGINE=InnoDB AUTO_INCREMENT=21 DEFAULT CHARSET=utf8 COLLATE=utf8_bin;

--
-- Dumping data for table `dr_tokens`
--

INSERT INTO `dr_tokens` (`id`, `type`, `value`) VALUES
(1, 1, 0),
(2, 1, 1),
(3, 1, 2),
(4, 1, 3),
(5, 1, 3),
(6, 2, 4),
(7, 2, 5),
(8, 2, 6),
(9, 2, 7),
(10, 2, 7),
(11, 3, 8),
(12, 3, 9),
(13, 3, 10),
(14, 3, 11),
(15, 3, 11),
(16, 4, 12),
(17, 4, 13),
(18, 4, 14),
(19, 4, 15),
(20, 4, 16);

-- --------------------------------------------------------

--
-- Table structure for table `dr_tokens_games`
--

DROP TABLE IF EXISTS `dr_tokens_games`;
CREATE TABLE IF NOT EXISTS `dr_tokens_games` (
  `id` int(11) NOT NULL AUTO_INCREMENT,
  `game_id` int(11) NOT NULL,
  `dr_token_id` int(11) NOT NULL,
  `position` int(11) DEFAULT NULL,
  `user_id` int(11) DEFAULT NULL,
  `group_number` int(11) DEFAULT NULL,
  `dr_token_state_id` int(11) NOT NULL DEFAULT '1',
  PRIMARY KEY (`id`),
  KEY `GAME_TOKEN_GAME_ID` (`game_id`),
  KEY `GAME_TOKEN_TOKEN_ID` (`dr_token_id`),
  KEY `PLAYER_ID` (`user_id`),
  KEY `dr_tokens_games_ibfk_4` (`dr_token_state_id`)
) ENGINE=InnoDB AUTO_INCREMENT=241 DEFAULT CHARSET=utf8 COLLATE=utf8_bin;

--
-- Dumping data for table `dr_tokens_games`
--

INSERT INTO `dr_tokens_games` (`id`, `game_id`, `dr_token_id`, `position`, `user_id`, `group_number`, `dr_token_state_id`) VALUES
(1, 1, 4, 1, NULL, NULL, 1),
(2, 1, 2, NULL, 1, 2, 3),
(3, 1, 3, 12, NULL, 3, 1),
(4, 1, 1, 2, NULL, NULL, 1),
(5, 1, 5, NULL, 1, 5, 3),
(6, 1, 8, 3, NULL, NULL, 1),
(7, 1, 6, NULL, 1, 6, 3),
(8, 1, 9, 5, NULL, NULL, 1),
(9, 1, 7, 6, NULL, NULL, 1),
(10, 1, 10, 7, NULL, NULL, 1),
(11, 1, 15, 4, NULL, 15, 1),
(12, 1, 11, 8, NULL, NULL, 1),
(13, 1, 12, 12, NULL, 3, 1),
(14, 1, 14, 9, NULL, NULL, 1),
(15, 1, 13, 11, NULL, 13, 1),
(16, 1, 16, 12, NULL, 3, 1),
(17, 1, 17, 10, NULL, 17, 1),
(18, 1, 19, NULL, 1, 19, 3),
(19, 1, 18, 13, NULL, 18, 1),
(20, 1, 20, 13, NULL, 18, 1),
(21, 2, 1, 1, NULL, NULL, 1),
(22, 2, 3, 2, NULL, NULL, 1),
(23, 2, 5, 3, NULL, NULL, 1),
(24, 2, 4, 4, NULL, NULL, 1),
(25, 2, 2, 5, NULL, NULL, 1),
(26, 2, 8, 13, NULL, 8, 1),
(27, 2, 9, 13, NULL, 8, 1),
(28, 2, 7, 6, NULL, NULL, 1),
(29, 2, 10, 13, NULL, 8, 1),
(30, 2, 6, 7, NULL, NULL, 1),
(31, 2, 14, 8, NULL, NULL, 1),
(32, 2, 13, NULL, 1, 13, 3),
(33, 2, 11, 9, NULL, NULL, 1),
(34, 2, 12, 14, NULL, 12, 1),
(35, 2, 15, NULL, 1, 15, 3),
(36, 2, 17, 10, NULL, NULL, 1),
(37, 2, 16, 14, NULL, 12, 1),
(38, 2, 18, 11, NULL, NULL, 1),
(39, 2, 19, 14, NULL, 12, 1),
(40, 2, 20, 12, NULL, NULL, 1),
(41, 3, 3, 1, NULL, NULL, 1),
(42, 3, 1, 2, NULL, NULL, 1),
(43, 3, 5, 3, NULL, NULL, 1),
(44, 3, 4, 4, NULL, NULL, 1),
(45, 3, 2, 15, NULL, 2, 1),
(46, 3, 6, 5, NULL, NULL, 1),
(47, 3, 9, 16, NULL, 9, 1),
(48, 3, 8, 16, NULL, 9, 1),
(49, 3, 10, 16, NULL, 9, 1),
(50, 3, 7, 6, NULL, NULL, 1),
(51, 3, 14, 7, NULL, NULL, 1),
(52, 3, 12, 17, NULL, 12, 1),
(53, 3, 15, 8, NULL, NULL, 1),
(54, 3, 11, 9, NULL, NULL, 1),
(55, 3, 13, 17, NULL, 12, 1),
(56, 3, 17, 10, NULL, NULL, 1),
(57, 3, 16, 11, NULL, NULL, 1),
(58, 3, 19, 12, NULL, NULL, 1),
(59, 3, 18, 13, NULL, NULL, 1),
(60, 3, 20, 14, NULL, NULL, 1),
(61, 4, 3, 1, NULL, NULL, 1),
(62, 4, 1, 2, NULL, NULL, 1),
(63, 4, 4, 3, NULL, NULL, 1),
(64, 4, 5, 4, NULL, NULL, 1),
(65, 4, 2, 5, NULL, NULL, 1),
(66, 4, 8, 6, NULL, NULL, 1),
(67, 4, 9, 7, NULL, NULL, 1),
(68, 4, 6, 8, NULL, NULL, 1),
(69, 4, 7, 9, NULL, NULL, 1),
(70, 4, 10, 10, NULL, NULL, 1),
(71, 4, 12, 11, NULL, NULL, 1),
(72, 4, 15, 12, NULL, NULL, 1),
(73, 4, 11, 13, NULL, NULL, 1),
(74, 4, 13, 14, NULL, NULL, 1),
(75, 4, 14, 15, NULL, NULL, 1),
(76, 4, 17, 16, NULL, NULL, 1),
(77, 4, 18, 17, NULL, NULL, 1),
(78, 4, 16, 18, NULL, NULL, 1),
(79, 4, 20, 19, NULL, NULL, 1),
(80, 4, 19, 20, NULL, NULL, 1),
(81, 5, 1, 1, NULL, NULL, 1),
(82, 5, 3, 2, NULL, NULL, 1),
(83, 5, 2, 3, NULL, NULL, 1),
(84, 5, 4, 4, NULL, NULL, 1),
(85, 5, 5, 5, NULL, NULL, 1),
(86, 5, 7, 6, NULL, NULL, 1),
(87, 5, 6, 7, NULL, NULL, 1),
(88, 5, 9, 8, NULL, NULL, 1),
(89, 5, 10, 9, NULL, NULL, 1),
(90, 5, 8, 10, NULL, NULL, 1),
(91, 5, 15, 11, NULL, NULL, 1),
(92, 5, 13, 12, NULL, NULL, 1),
(93, 5, 11, 13, NULL, NULL, 1),
(94, 5, 14, 14, NULL, NULL, 1),
(95, 5, 12, 15, NULL, NULL, 1),
(96, 5, 16, 16, NULL, NULL, 1),
(97, 5, 17, 17, NULL, NULL, 1),
(98, 5, 19, 18, NULL, NULL, 1),
(99, 5, 18, 19, NULL, NULL, 1),
(100, 5, 20, 20, NULL, NULL, 1),
(101, 6, 1, 1, NULL, NULL, 1),
(102, 6, 3, 2, NULL, NULL, 1),
(103, 6, 4, 3, NULL, NULL, 1),
(104, 6, 5, 4, NULL, NULL, 1),
(105, 6, 2, 5, NULL, NULL, 1),
(106, 6, 9, 6, NULL, NULL, 1),
(107, 6, 8, 7, NULL, NULL, 1),
(108, 6, 7, 8, NULL, NULL, 1),
(109, 6, 10, 9, NULL, NULL, 1),
(110, 6, 6, 10, NULL, NULL, 1),
(111, 6, 15, 11, NULL, NULL, 1),
(112, 6, 14, 12, NULL, NULL, 1),
(113, 6, 11, 13, NULL, NULL, 1),
(114, 6, 13, 14, NULL, NULL, 1),
(115, 6, 12, 15, NULL, NULL, 1),
(116, 6, 16, 16, NULL, NULL, 1),
(117, 6, 20, 17, NULL, NULL, 1),
(118, 6, 17, 18, NULL, NULL, 1),
(119, 6, 18, 19, NULL, NULL, 1),
(120, 6, 19, 20, NULL, NULL, 1),
(121, 7, 1, 1, NULL, NULL, 1),
(122, 7, 3, 2, NULL, NULL, 1),
(123, 7, 4, 13, NULL, 4, 1),
(124, 7, 5, 3, NULL, NULL, 1),
(125, 7, 2, 13, NULL, 4, 1),
(126, 7, 8, 4, NULL, NULL, 1),
(127, 7, 9, 5, NULL, 9, 1),
(128, 7, 6, 6, NULL, NULL, 1),
(129, 7, 7, NULL, 1, 7, 3),
(130, 7, 10, 7, NULL, 10, 1),
(131, 7, 14, 13, NULL, 4, 1),
(132, 7, 11, 8, NULL, NULL, 1),
(133, 7, 13, 14, NULL, 13, 1),
(134, 7, 12, 9, NULL, NULL, 1),
(135, 7, 15, 14, NULL, 13, 1),
(136, 7, 16, 10, NULL, NULL, 1),
(137, 7, 17, 11, NULL, NULL, 1),
(138, 7, 18, 12, NULL, NULL, 1),
(139, 7, 19, NULL, 1, 19, 3),
(140, 7, 20, 14, NULL, 13, 1),
(141, 8, 3, NULL, 1, 3, 3),
(142, 8, 4, 1, NULL, NULL, 1),
(143, 8, 5, 2, NULL, NULL, 1),
(144, 8, 1, 3, NULL, NULL, 1),
(145, 8, 2, NULL, 1, 2, 3),
(146, 8, 9, NULL, 1, 9, 3),
(147, 8, 6, NULL, 1, 6, 3),
(148, 8, 8, 4, NULL, NULL, 1),
(149, 8, 10, 5, NULL, NULL, 1),
(150, 8, 7, 6, NULL, NULL, 1),
(151, 8, 13, NULL, 1, 13, 3),
(152, 8, 15, 10, NULL, 15, 1),
(153, 8, 11, 10, NULL, 15, 1),
(154, 8, 12, 10, NULL, 15, 1),
(155, 8, 14, 7, NULL, NULL, 1),
(156, 8, 19, 8, NULL, NULL, 1),
(157, 8, 20, 9, NULL, NULL, 1),
(158, 8, 16, 11, NULL, 16, 1),
(159, 8, 18, NULL, 1, 18, 3),
(160, 8, 17, NULL, 1, 17, 3),
(161, 9, 2, 15, NULL, 2, 1),
(162, 9, 1, 15, NULL, 2, 1),
(163, 9, 3, 1, NULL, NULL, 1),
(164, 9, 4, 15, NULL, 2, 1),
(165, 9, 5, 2, NULL, NULL, 1),
(166, 9, 8, 3, NULL, NULL, 1),
(167, 9, 6, NULL, 1, 6, 3),
(168, 9, 7, 4, NULL, NULL, 1),
(169, 9, 9, 5, NULL, NULL, 1),
(170, 9, 10, 6, NULL, NULL, 1),
(171, 9, 14, 7, NULL, NULL, 1),
(172, 9, 13, NULL, 1, 13, 3),
(173, 9, 15, 8, NULL, NULL, 1),
(174, 9, 11, NULL, 1, 11, 2),
(175, 9, 12, 16, NULL, 12, 1),
(176, 9, 16, 10, NULL, NULL, 1),
(177, 9, 17, 11, NULL, NULL, 1),
(178, 9, 19, 16, NULL, 12, 1),
(179, 9, 18, NULL, 1, 18, 2),
(180, 9, 20, 13, NULL, NULL, 1),
(181, 10, 1, 1, NULL, NULL, 1),
(182, 10, 3, NULL, 1, 3, 3),
(183, 10, 2, 2, NULL, NULL, 1),
(184, 10, 4, 3, NULL, NULL, 1),
(185, 10, 5, 4, NULL, NULL, 1),
(186, 10, 6, 5, NULL, NULL, 1),
(187, 10, 7, NULL, 1, 7, 3),
(188, 10, 9, 6, NULL, NULL, 1),
(189, 10, 10, NULL, 1, 10, 3),
(190, 10, 8, 7, NULL, NULL, 1),
(191, 10, 14, NULL, 3, 14, 3),
(192, 10, 11, 8, NULL, NULL, 1),
(193, 10, 13, NULL, 3, 13, 2),
(194, 10, 15, 10, NULL, NULL, 1),
(195, 10, 12, NULL, 3, 12, 3),
(196, 10, 17, 11, NULL, NULL, 1),
(197, 10, 19, 12, NULL, NULL, 1),
(198, 10, 16, NULL, 3, 16, 2),
(199, 10, 20, 14, NULL, NULL, 1),
(200, 10, 18, 15, NULL, NULL, 1),
(201, 11, 1, 1, NULL, NULL, 1),
(202, 11, 3, 2, NULL, NULL, 1),
(203, 11, 4, 3, NULL, NULL, 1),
(204, 11, 5, 4, NULL, NULL, 1),
(205, 11, 2, 5, NULL, NULL, 1),
(206, 11, 8, 6, NULL, NULL, 1),
(207, 11, 7, 7, NULL, NULL, 1),
(208, 11, 9, 8, NULL, NULL, 1),
(209, 11, 6, 9, NULL, NULL, 1),
(210, 11, 10, 10, NULL, NULL, 1),
(211, 11, 14, 11, NULL, NULL, 1),
(212, 11, 11, 12, NULL, NULL, 1),
(213, 11, 13, 13, NULL, NULL, 1),
(214, 11, 12, 14, NULL, NULL, 1),
(215, 11, 15, 15, NULL, NULL, 1),
(216, 11, 17, 16, NULL, NULL, 1),
(217, 11, 16, 17, NULL, NULL, 1),
(218, 11, 18, 18, NULL, NULL, 1),
(219, 11, 20, 19, NULL, NULL, 1),
(220, 11, 19, 20, NULL, NULL, 1),
(221, 12, 4, 1, NULL, NULL, 1),
(222, 12, 3, 2, NULL, NULL, 1),
(223, 12, 1, 3, NULL, NULL, 1),
(224, 12, 5, 4, NULL, NULL, 1),
(225, 12, 2, 5, NULL, NULL, 1),
(226, 12, 6, 6, NULL, NULL, 1),
(227, 12, 8, 7, NULL, NULL, 1),
(228, 12, 7, 8, NULL, NULL, 1),
(229, 12, 9, 9, NULL, NULL, 1),
(230, 12, 10, 10, NULL, NULL, 1),
(231, 12, 13, 11, NULL, NULL, 1),
(232, 12, 14, 12, NULL, NULL, 1),
(233, 12, 11, 13, NULL, NULL, 1),
(234, 12, 15, 14, NULL, NULL, 1),
(235, 12, 12, 15, NULL, NULL, 1),
(236, 12, 16, 16, NULL, NULL, 1),
(237, 12, 17, 17, NULL, NULL, 1),
(238, 12, 18, 18, NULL, NULL, 1),
(239, 12, 19, 19, NULL, NULL, 1),
(240, 12, 20, 20, NULL, NULL, 1);

-- --------------------------------------------------------

--
-- Table structure for table `dr_token_states`
--

DROP TABLE IF EXISTS `dr_token_states`;
CREATE TABLE IF NOT EXISTS `dr_token_states` (
  `id` int(11) NOT NULL AUTO_INCREMENT,
  `name` varchar(10) COLLATE utf8_bin NOT NULL,
  PRIMARY KEY (`id`)
) ENGINE=InnoDB AUTO_INCREMENT=4 DEFAULT CHARSET=utf8 COLLATE=utf8_bin;

--
-- Dumping data for table `dr_token_states`
--

INSERT INTO `dr_token_states` (`id`, `name`) VALUES
(1, 'ON_BOARD'),
(2, 'TAKEN'),
(3, 'CLAIMED');

-- --------------------------------------------------------

--
-- Table structure for table `dr_turns`
--

DROP TABLE IF EXISTS `dr_turns`;
CREATE TABLE IF NOT EXISTS `dr_turns` (
  `id` int(11) NOT NULL AUTO_INCREMENT,
  `game_id` int(11) NOT NULL,
  `user_id` int(11) NOT NULL,
  `position` int(11) NOT NULL,
  `round` int(11) NOT NULL,
  `roll` varchar(4) COLLATE utf8_bin NOT NULL,
  `returning` tinyint(1) NOT NULL DEFAULT '0',
  `taking` tinyint(1) NOT NULL DEFAULT '0',
  `dropping` tinyint(1) NOT NULL DEFAULT '0',
  `oxygen` int(11) NOT NULL DEFAULT '25',
  `created` datetime NOT NULL DEFAULT CURRENT_TIMESTAMP,
  `modified` datetime NOT NULL DEFAULT CURRENT_TIMESTAMP,
  PRIMARY KEY (`id`),
  KEY `Game_ID` (`game_id`),
  KEY `Player_ID` (`user_id`)
) ENGINE=InnoDB AUTO_INCREMENT=610 DEFAULT CHARSET=utf8 COLLATE=utf8_bin;

--
-- Dumping data for table `dr_turns`
--

INSERT INTO `dr_turns` (`id`, `game_id`, `user_id`, `position`, `round`, `roll`, `returning`, `taking`, `dropping`, `oxygen`, `created`, `modified`) VALUES
(1, 1, 1, 3, 1, '2+1', 0, 1, 0, 25, '2021-02-28 09:01:19', '2021-02-28 11:17:38'),
(2, 1, 1, 4, 1, '1+1', 0, 0, 0, 24, '2021-03-04 18:23:28', '2021-03-04 18:23:28'),
(3, 1, 1, 5, 1, '1+1', 0, 0, 0, 23, '2021-03-04 18:30:03', '2021-03-04 18:30:03'),
(4, 1, 1, 6, 1, '1+1', 0, 0, 0, 22, '2021-03-04 18:30:06', '2021-03-04 18:30:06'),
(5, 1, 1, 11, 1, '3+3', 0, 0, 0, 21, '2021-03-04 18:30:07', '2021-03-04 18:30:07'),
(6, 1, 1, 13, 1, '2+1', 0, 0, 0, 20, '2021-03-04 18:31:24', '2021-03-04 18:31:24'),
(7, 1, 1, 17, 1, '2+3', 0, 0, 0, 19, '2021-03-08 14:50:59', '2021-03-08 14:50:59'),
(8, 1, 1, 20, 1, '3+3', 1, 0, 0, 18, '2021-03-08 14:51:04', '2021-03-08 14:51:04'),
(9, 1, 1, 17, 1, '1+3', 1, 1, 0, 17, '2021-03-08 14:51:05', '2021-03-08 14:51:08'),
(10, 1, 1, 16, 1, '2+1', 1, 1, 0, 15, '2021-03-08 14:57:42', '2021-03-08 14:58:19'),
(11, 1, 1, 14, 1, '3+2', 1, 0, 0, 12, '2021-03-08 14:58:22', '2021-03-08 14:58:22'),
(12, 1, 1, 13, 1, '2+2', 1, 1, 0, 9, '2021-03-08 14:58:24', '2021-03-08 14:59:01'),
(13, 1, 1, 13, 1, '1+1', 1, 0, 0, 5, '2021-03-08 14:59:04', '2021-03-08 14:59:04'),
(14, 1, 1, 13, 1, '3+1', 1, 0, 0, 1, '2021-03-08 15:27:34', '2021-03-08 15:27:34'),
(15, 1, 1, 13, 1, '1+1', 1, 0, 0, -3, '2021-03-08 15:28:02', '2021-03-08 15:28:02'),
(16, 1, 1, 2, 2, '1+1', 0, 0, 0, 25, '2021-03-08 15:28:02', '2021-03-08 15:28:02'),
(17, 1, 1, 7, 2, '2+3', 0, 0, 0, 25, '2021-03-08 15:28:12', '2021-03-08 15:28:12'),
(18, 1, 1, 11, 2, '3+1', 0, 0, 0, 25, '2021-03-08 15:28:41', '2021-03-08 15:28:41'),
(19, 1, 1, 13, 2, '1+1', 0, 1, 0, 25, '2021-03-08 15:28:49', '2021-03-08 15:29:03'),
(20, 1, 1, 15, 2, '2+1', 0, 1, 0, 24, '2021-03-08 15:29:10', '2021-03-08 15:29:18'),
(21, 1, 1, 16, 2, '1+2', 0, 1, 0, 22, '2021-03-08 15:29:25', '2021-03-08 15:29:44'),
(22, 1, 1, 17, 2, '3+1', 0, 1, 0, 19, '2021-03-08 15:29:50', '2021-03-08 15:29:59'),
(23, 1, 1, 19, 2, '3+3', 0, 0, 0, 15, '2021-03-08 15:30:05', '2021-03-08 15:30:05'),
(24, 1, 1, 20, 2, '3+3', 1, 0, 0, 11, '2021-03-08 17:46:55', '2021-03-08 17:46:55'),
(25, 1, 1, 20, 2, '2+2', 1, 0, 0, 7, '2021-03-08 17:50:37', '2021-03-08 17:50:37'),
(26, 1, 1, 18, 2, '3+2', 1, 0, 0, 4, '2021-03-08 17:53:26', '2021-03-08 17:53:26'),
(27, 1, 1, 17, 2, '3+1', 1, 0, 0, 1, '2021-03-08 17:53:31', '2021-03-08 17:53:31'),
(28, 1, 1, 16, 2, '2+2', 1, 0, 0, -2, '2021-03-08 17:59:37', '2021-03-08 17:59:37'),
(29, 1, 1, 5, 3, '3+2', 0, 0, 0, 25, '2021-03-08 17:59:38', '2021-03-08 17:59:38'),
(30, 1, 1, 9, 3, '1+3', 0, 0, 0, 25, '2021-03-08 17:59:46', '2021-03-08 17:59:46'),
(31, 1, 1, 12, 3, '1+2', 0, 0, 0, 25, '2021-03-08 17:59:56', '2021-03-08 17:59:56'),
(32, 1, 1, 13, 3, '3+2', 1, 1, 0, 25, '2021-03-08 18:00:00', '2021-03-08 18:13:32'),
(33, 1, 1, 10, 3, '2+2', 1, 1, 0, 24, '2021-03-08 18:13:37', '2021-03-08 18:13:43'),
(34, 1, 1, 8, 3, '1+3', 1, 0, 0, 22, '2021-03-08 18:13:54', '2021-03-08 18:13:54'),
(35, 1, 1, 6, 3, '2+2', 1, 1, 0, 20, '2021-03-08 18:13:57', '2021-03-08 18:14:01'),
(36, 1, 1, 6, 3, '2+1', 1, 0, 0, 17, '2021-03-08 18:14:07', '2021-03-08 18:14:07'),
(37, 1, 1, 4, 3, '2+2', 1, 1, 0, 15, '2021-03-09 07:48:54', '2021-03-09 07:49:26'),
(38, 1, 1, 2, 3, '2+3', 1, 1, 0, 12, '2021-03-09 07:51:48', '2021-03-09 07:58:50'),
(39, 1, 1, 1, 3, '2+3', 1, 0, 0, 8, '2021-03-09 07:59:36', '2021-03-09 07:59:36'),
(40, 1, 1, 0, 3, '3+3', 1, 0, 0, 4, '2021-03-09 08:04:25', '2021-03-09 08:04:25'),
(41, 1, 1, 4, 4, '3+1', 0, 0, 0, 25, '2021-03-09 08:04:25', '2021-03-09 08:04:25'),
(42, 2, 1, 2, 1, '1+1', 0, 0, 0, 25, '2021-03-09 08:07:52', '2021-03-09 08:07:52'),
(43, 2, 1, 4, 1, '1+1', 0, 0, 0, 25, '2021-03-09 08:08:41', '2021-03-09 08:08:41'),
(44, 2, 1, 8, 1, '3+1', 0, 0, 0, 25, '2021-03-09 08:34:04', '2021-03-09 08:34:04'),
(45, 2, 1, 12, 1, '2+2', 1, 1, 0, 25, '2021-03-09 08:34:07', '2021-03-09 08:34:14'),
(46, 2, 1, 9, 1, '2+2', 1, 1, 0, 24, '2021-03-09 08:34:14', '2021-03-09 08:34:17'),
(47, 2, 1, 7, 1, '3+1', 1, 1, 0, 22, '2021-03-11 19:05:53', '2021-03-11 19:11:38'),
(48, 2, 1, 6, 1, '1+3', 1, 1, 0, 19, '2021-03-11 19:11:44', '2021-03-11 19:11:49'),
(49, 2, 1, 6, 1, '3+1', 1, 0, 0, 15, '2021-03-12 08:47:31', '2021-03-12 08:47:31'),
(50, 2, 1, 6, 1, '1+1', 1, 0, 0, 11, '2021-03-12 08:47:42', '2021-03-12 08:47:42'),
(51, 2, 1, 6, 1, '1+3', 1, 1, 0, 7, '2021-03-12 08:47:51', '2021-03-12 08:51:24'),
(52, 2, 1, 6, 1, '2+2', 1, 1, 0, 3, '2021-03-12 08:51:33', '2021-03-12 08:52:30'),
(53, 2, 1, 6, 1, '2+1', 1, 0, 0, -1, '2021-03-12 08:52:41', '2021-03-12 08:52:41'),
(54, 2, 1, 5, 2, '3+2', 0, 0, 0, 25, '2021-03-12 08:52:41', '2021-03-12 08:52:41'),
(55, 2, 1, 10, 2, '2+3', 0, 0, 0, 25, '2021-03-12 08:52:53', '2021-03-12 08:52:53'),
(56, 2, 1, 13, 2, '1+2', 0, 0, 0, 25, '2021-03-12 08:52:57', '2021-03-12 08:52:57'),
(57, 2, 1, 18, 2, '2+3', 0, 1, 0, 25, '2021-03-12 08:53:13', '2021-03-12 08:53:18'),
(58, 2, 1, 20, 2, '1+2', 1, 0, 0, 24, '2021-03-12 08:53:27', '2021-03-12 08:53:27'),
(59, 2, 1, 15, 2, '3+3', 1, 1, 0, 23, '2021-03-12 08:53:34', '2021-03-12 08:53:37'),
(60, 2, 1, 13, 2, '1+3', 1, 1, 0, 21, '2021-03-12 08:53:43', '2021-03-12 08:53:48'),
(61, 2, 1, 13, 2, '1+2', 1, 0, 0, 18, '2021-03-12 08:53:53', '2021-03-12 08:53:53'),
(62, 2, 1, 11, 2, '3+1', 1, 1, 0, 16, '2021-03-12 08:55:56', '2021-03-12 08:56:04'),
(63, 2, 1, 10, 2, '2+2', 1, 1, 0, 13, '2021-03-12 08:56:08', '2021-03-12 08:56:13'),
(64, 2, 1, 10, 2, '2+2', 1, 0, 1, 9, '2021-03-12 08:56:17', '2021-03-12 08:56:23'),
(65, 2, 1, 10, 2, '2+1', 1, 0, 0, 6, '2021-03-12 08:56:39', '2021-03-12 08:56:39'),
(66, 2, 1, 10, 2, '1+2', 1, 0, 0, 3, '2021-03-12 08:57:03', '2021-03-12 08:57:03'),
(67, 2, 1, 10, 2, '2+1', 1, 0, 0, 0, '2021-03-12 08:57:29', '2021-03-12 08:57:29'),
(68, 2, 1, 6, 3, '3+3', 0, 0, 0, 25, '2021-03-12 08:57:29', '2021-03-12 08:57:29'),
(69, 2, 1, 10, 3, '2+2', 0, 1, 0, 25, '2021-03-12 08:57:34', '2021-03-12 09:00:02'),
(70, 2, 1, 12, 3, '2+1', 1, 1, 0, 24, '2021-03-12 09:00:08', '2021-03-12 09:00:35'),
(71, 2, 1, 8, 3, '3+3', 1, 0, 0, 22, '2021-03-12 09:00:35', '2021-03-12 09:00:35'),
(72, 2, 1, 6, 3, '2+2', 1, 0, 0, 20, '2021-03-12 09:00:38', '2021-03-12 09:00:38'),
(73, 2, 1, 3, 3, '2+3', 1, 0, 0, 18, '2021-03-12 09:00:42', '2021-03-12 09:00:42'),
(74, 2, 1, 2, 3, '2+1', 1, 0, 0, 16, '2021-03-12 09:00:46', '2021-03-12 09:00:46'),
(75, 2, 1, 0, 3, '2+2', 1, 0, 0, 14, '2021-03-12 09:00:52', '2021-03-12 09:00:52'),
(76, 2, 1, 5, 4, '2+3', 0, 0, 0, 25, '2021-03-12 09:00:52', '2021-03-12 09:00:52'),
(77, 3, 1, 5, 1, '3+2', 0, 1, 0, 25, '2021-03-12 14:10:41', '2021-03-12 14:10:59'),
(254, 3, 1, 10, 1, '2+3', 0, 0, 0, 25, '2021-03-12 14:15:23', '2021-03-12 14:15:23'),
(255, 3, 1, 14, 1, '2+2', 1, 1, 0, 25, '2021-03-12 14:16:22', '2021-03-12 14:16:48'),
(256, 3, 1, 11, 1, '1+3', 1, 1, 0, 24, '2021-03-12 14:17:50', '2021-03-12 14:17:53'),
(257, 3, 1, 8, 1, '2+3', 1, 1, 0, 22, '2021-03-12 14:19:26', '2021-03-12 14:19:36'),
(258, 3, 1, 7, 1, '2+2', 1, 1, 0, 19, '2021-03-12 14:20:57', '2021-03-12 14:21:02'),
(259, 3, 1, 6, 1, '3+2', 1, 1, 0, 15, '2021-03-12 14:21:46', '2021-03-12 14:22:29'),
(260, 3, 1, 6, 1, '1+1', 1, 0, 0, 10, '2021-03-12 14:25:58', '2021-03-12 14:25:58'),
(261, 3, 1, 6, 1, '3+2', 1, 0, 0, 5, '2021-03-12 14:25:58', '2021-03-12 14:25:58'),
(262, 3, 1, 6, 1, '3+2', 1, 0, 0, 0, '2021-03-12 14:25:58', '2021-03-12 14:25:58'),
(263, 3, 1, 4, 2, '2+2', 0, 0, 0, 25, '2021-03-12 14:25:58', '2021-03-12 14:25:58'),
(264, 3, 1, 7, 2, '1+2', 0, 0, 0, 25, '2021-03-12 14:26:13', '2021-03-12 14:26:13'),
(265, 3, 1, 11, 2, '3+1', 0, 0, 0, 25, '2021-03-12 14:26:13', '2021-03-12 14:26:13'),
(266, 3, 1, 14, 2, '2+1', 0, 0, 0, 25, '2021-03-12 14:26:13', '2021-03-12 14:26:13'),
(267, 3, 1, 18, 2, '2+2', 0, 0, 0, 25, '2021-03-12 14:26:13', '2021-03-12 14:26:13'),
(268, 3, 1, 20, 2, '1+2', 1, 0, 0, 25, '2021-03-12 14:26:13', '2021-03-12 14:26:13'),
(269, 3, 1, 17, 2, '1+2', 1, 0, 0, 25, '2021-03-12 14:26:13', '2021-03-12 14:26:13'),
(270, 3, 1, 13, 2, '3+1', 1, 0, 0, 25, '2021-03-12 14:26:13', '2021-03-12 14:26:13'),
(271, 3, 1, 9, 2, '1+3', 1, 0, 0, 25, '2021-03-12 14:26:13', '2021-03-12 14:26:13'),
(272, 3, 1, 3, 2, '2+3', 1, 0, 0, 25, '2021-03-12 14:26:13', '2021-03-12 14:26:13'),
(273, 3, 1, 0, 2, '2+2', 1, 0, 0, 25, '2021-03-12 14:26:13', '2021-03-12 14:26:13'),
(274, 3, 1, -1, 2, '2+3', 1, 0, 0, 25, '2021-03-12 14:26:13', '2021-03-12 14:26:13'),
(275, 3, 1, -2, 2, '1+2', 1, 0, 0, 25, '2021-03-12 14:26:13', '2021-03-12 14:26:13'),
(276, 3, 1, -3, 2, '2+1', 1, 0, 0, 25, '2021-03-12 14:26:13', '2021-03-12 14:26:13'),
(277, 3, 1, -4, 2, '1+2', 1, 0, 0, 25, '2021-03-12 14:26:13', '2021-03-12 14:26:13'),
(278, 3, 1, -5, 2, '2+1', 1, 0, 0, 25, '2021-03-12 14:26:13', '2021-03-12 14:26:13'),
(279, 3, 1, -6, 2, '3+2', 1, 0, 0, 25, '2021-03-12 14:26:13', '2021-03-12 14:26:13'),
(280, 3, 1, -7, 2, '3+1', 1, 0, 0, 25, '2021-03-12 14:26:13', '2021-03-12 14:26:13'),
(281, 3, 1, -8, 2, '1+2', 1, 0, 0, 25, '2021-03-12 14:26:13', '2021-03-12 14:26:13'),
(282, 3, 1, -9, 2, '3+2', 1, 0, 0, 25, '2021-03-12 14:26:13', '2021-03-12 14:26:13'),
(283, 3, 1, -10, 2, '1+1', 1, 0, 0, 25, '2021-03-12 14:26:13', '2021-03-12 14:26:13'),
(284, 3, 1, -11, 2, '3+1', 1, 0, 0, 25, '2021-03-12 14:26:13', '2021-03-12 14:26:13'),
(285, 3, 1, -12, 2, '3+1', 1, 0, 0, 25, '2021-03-12 14:26:13', '2021-03-12 14:26:13'),
(286, 3, 1, -13, 2, '1+1', 1, 0, 0, 25, '2021-03-12 14:26:13', '2021-03-12 14:26:13'),
(287, 3, 1, -14, 2, '2+2', 1, 0, 0, 25, '2021-03-12 14:26:13', '2021-03-12 14:26:13'),
(288, 3, 1, -15, 2, '2+1', 1, 0, 0, 25, '2021-03-12 14:26:13', '2021-03-12 14:26:13'),
(289, 3, 1, -16, 2, '3+1', 1, 0, 0, 25, '2021-03-12 14:26:13', '2021-03-12 14:26:13'),
(290, 3, 1, -17, 2, '1+3', 1, 0, 0, 25, '2021-03-12 14:26:13', '2021-03-12 14:26:13'),
(291, 3, 1, -18, 2, '3+2', 1, 0, 0, 25, '2021-03-12 14:26:13', '2021-03-12 14:26:13'),
(292, 3, 1, -19, 2, '1+2', 1, 0, 0, 25, '2021-03-12 14:26:13', '2021-03-12 14:26:13'),
(293, 3, 1, -20, 2, '3+2', 1, 0, 0, 25, '2021-03-12 14:26:13', '2021-03-12 14:26:13'),
(294, 3, 1, -21, 2, '2+2', 1, 0, 0, 25, '2021-03-12 14:26:13', '2021-03-12 14:26:13'),
(295, 3, 1, -22, 2, '3+3', 1, 0, 0, 25, '2021-03-12 14:26:13', '2021-03-12 14:26:13'),
(296, 3, 1, -23, 2, '3+2', 1, 0, 0, 25, '2021-03-12 14:26:13', '2021-03-12 14:26:13'),
(297, 3, 1, -24, 2, '1+3', 1, 0, 0, 25, '2021-03-12 14:26:13', '2021-03-12 14:26:13'),
(298, 3, 1, -25, 2, '3+2', 1, 0, 0, 25, '2021-03-12 14:26:13', '2021-03-12 14:26:13'),
(299, 3, 1, -26, 2, '1+1', 1, 0, 0, 25, '2021-03-12 14:26:13', '2021-03-12 14:26:13'),
(300, 3, 1, -27, 2, '2+1', 1, 0, 0, 25, '2021-03-12 14:26:14', '2021-03-12 14:26:14'),
(301, 3, 1, 3, 3, '2+1', 0, 0, 0, 25, '2021-03-12 14:26:14', '2021-03-12 14:26:14'),
(302, 3, 1, 8, 3, '2+3', 0, 0, 0, 25, '2021-03-12 14:26:17', '2021-03-12 14:26:17'),
(303, 3, 1, 12, 3, '1+3', 0, 0, 0, 25, '2021-03-12 14:26:17', '2021-03-12 14:26:17'),
(304, 3, 1, 15, 3, '1+2', 0, 0, 0, 25, '2021-03-12 14:26:17', '2021-03-12 14:26:17'),
(305, 3, 1, 19, 3, '1+3', 0, 0, 0, 25, '2021-03-12 14:26:17', '2021-03-12 14:26:17'),
(306, 3, 1, 20, 3, '3+2', 1, 0, 0, 25, '2021-03-12 14:26:17', '2021-03-12 14:26:17'),
(307, 3, 1, 16, 3, '1+3', 1, 0, 0, 25, '2021-03-12 14:26:17', '2021-03-12 14:26:17'),
(308, 3, 1, 11, 3, '2+3', 1, 0, 0, 25, '2021-03-12 14:26:17', '2021-03-12 14:26:17'),
(309, 3, 1, 7, 3, '1+2', 1, 0, 0, 25, '2021-03-12 14:26:17', '2021-03-12 14:26:17'),
(310, 3, 1, 3, 3, '3+1', 1, 0, 0, 25, '2021-03-12 14:26:17', '2021-03-12 14:26:17'),
(311, 3, 1, 0, 3, '2+3', 1, 0, 0, 25, '2021-03-12 14:26:17', '2021-03-12 14:26:17'),
(312, 3, 1, -1, 3, '3+2', 1, 0, 0, 25, '2021-03-12 14:26:17', '2021-03-12 14:26:17'),
(313, 3, 1, -2, 3, '2+1', 1, 0, 0, 25, '2021-03-12 14:26:17', '2021-03-12 14:26:17'),
(314, 3, 1, -3, 3, '3+3', 1, 0, 0, 25, '2021-03-12 14:26:17', '2021-03-12 14:26:17'),
(315, 3, 1, -4, 3, '1+2', 1, 0, 0, 25, '2021-03-12 14:26:17', '2021-03-12 14:26:17'),
(316, 3, 1, -5, 3, '2+1', 1, 0, 0, 25, '2021-03-12 14:26:17', '2021-03-12 14:26:17'),
(317, 3, 1, -6, 3, '1+3', 1, 0, 0, 25, '2021-03-12 14:26:17', '2021-03-12 14:26:17'),
(318, 3, 1, -7, 3, '2+2', 1, 0, 0, 25, '2021-03-12 14:26:17', '2021-03-12 14:26:17'),
(319, 3, 1, -8, 3, '2+2', 1, 0, 0, 25, '2021-03-12 14:26:17', '2021-03-12 14:26:17'),
(320, 3, 1, -9, 3, '3+1', 1, 0, 0, 25, '2021-03-12 14:26:17', '2021-03-12 14:26:17'),
(321, 3, 1, -10, 3, '1+1', 1, 0, 0, 25, '2021-03-12 14:26:17', '2021-03-12 14:26:17'),
(322, 3, 1, -11, 3, '3+2', 1, 0, 0, 25, '2021-03-12 14:26:17', '2021-03-12 14:26:17'),
(323, 3, 1, -12, 3, '2+2', 1, 0, 0, 25, '2021-03-12 14:26:17', '2021-03-12 14:26:17'),
(324, 3, 1, -13, 3, '3+1', 1, 0, 0, 25, '2021-03-12 14:26:17', '2021-03-12 14:26:17'),
(325, 3, 1, -14, 3, '2+2', 1, 0, 0, 25, '2021-03-12 14:26:18', '2021-03-12 14:26:18'),
(326, 3, 1, 3, 4, '1+2', 0, 0, 0, 25, '2021-03-12 14:26:18', '2021-03-12 14:26:18'),
(327, 4, 1, 6, 1, '3+3', 0, 0, 0, 25, '2021-03-12 14:27:32', '2021-03-12 14:27:32'),
(328, 4, 1, 8, 1, '1+1', 0, 0, 0, 25, '2021-03-12 14:27:39', '2021-03-12 14:27:39'),
(329, 4, 1, 14, 1, '3+3', 0, 0, 0, 25, '2021-03-12 14:27:39', '2021-03-12 14:27:39'),
(330, 4, 1, 17, 1, '1+2', 0, 0, 0, 25, '2021-03-12 14:27:39', '2021-03-12 14:27:39'),
(331, 4, 1, 20, 1, '3+1', 1, 0, 0, 25, '2021-03-12 14:27:39', '2021-03-12 14:27:39'),
(332, 4, 1, 15, 1, '2+3', 1, 0, 0, 25, '2021-03-12 14:27:39', '2021-03-12 14:27:39'),
(333, 4, 1, 10, 1, '2+3', 1, 0, 0, 25, '2021-03-12 14:27:39', '2021-03-12 14:27:39'),
(334, 4, 1, 6, 1, '2+1', 1, 0, 0, 25, '2021-03-12 14:27:39', '2021-03-12 14:27:39'),
(335, 4, 1, 2, 1, '2+2', 1, 0, 0, 25, '2021-03-12 14:27:39', '2021-03-12 14:27:39'),
(336, 4, 1, 0, 1, '3+1', 1, 0, 0, 25, '2021-03-12 14:27:39', '2021-03-12 14:27:39'),
(337, 4, 1, -1, 1, '2+1', 1, 0, 0, 25, '2021-03-12 14:27:39', '2021-03-12 14:27:39'),
(338, 4, 1, -2, 1, '2+1', 1, 0, 0, 25, '2021-03-12 14:27:39', '2021-03-12 14:27:39'),
(339, 4, 1, -3, 1, '1+3', 1, 0, 0, 25, '2021-03-12 14:27:39', '2021-03-12 14:27:39'),
(340, 4, 1, -4, 1, '3+1', 1, 0, 0, 25, '2021-03-12 14:27:39', '2021-03-12 14:27:39'),
(341, 4, 1, -5, 1, '2+1', 1, 0, 0, 25, '2021-03-12 14:27:39', '2021-03-12 14:27:39'),
(342, 4, 1, -6, 1, '1+3', 1, 0, 0, 25, '2021-03-12 14:27:39', '2021-03-12 14:27:39'),
(343, 4, 1, -7, 1, '2+3', 1, 0, 0, 25, '2021-03-12 14:27:39', '2021-03-12 14:27:39'),
(344, 4, 1, -8, 1, '3+3', 1, 0, 0, 25, '2021-03-12 14:27:39', '2021-03-12 14:27:39'),
(345, 4, 1, -9, 1, '2+1', 1, 0, 0, 25, '2021-03-12 14:27:39', '2021-03-12 14:27:39'),
(346, 4, 1, -10, 1, '3+1', 1, 0, 0, 25, '2021-03-12 14:27:39', '2021-03-12 14:27:39'),
(347, 4, 1, -11, 1, '1+3', 1, 0, 0, 25, '2021-03-12 14:27:39', '2021-03-12 14:27:39'),
(348, 4, 1, -12, 1, '1+3', 1, 0, 0, 25, '2021-03-12 14:27:39', '2021-03-12 14:27:39'),
(349, 4, 1, -13, 1, '1+1', 1, 0, 0, 25, '2021-03-12 14:27:39', '2021-03-12 14:27:39'),
(350, 4, 1, -14, 1, '3+1', 1, 0, 0, 25, '2021-03-12 14:27:39', '2021-03-12 14:27:39'),
(351, 4, 1, -15, 1, '1+2', 1, 0, 0, 25, '2021-03-12 14:27:39', '2021-03-12 14:27:39'),
(352, 4, 1, -16, 1, '3+1', 1, 0, 0, 25, '2021-03-12 14:27:39', '2021-03-12 14:27:39'),
(353, 4, 1, -17, 1, '2+2', 1, 0, 0, 25, '2021-03-12 14:27:39', '2021-03-12 14:27:39'),
(354, 4, 1, -18, 1, '2+1', 1, 0, 0, 25, '2021-03-12 14:27:39', '2021-03-12 14:27:39'),
(355, 4, 1, -19, 1, '3+2', 1, 0, 0, 25, '2021-03-12 14:27:39', '2021-03-12 14:27:39'),
(356, 4, 1, -20, 1, '3+2', 1, 0, 0, 25, '2021-03-12 14:27:39', '2021-03-12 14:27:39'),
(357, 4, 1, -21, 1, '2+3', 1, 0, 0, 25, '2021-03-12 14:27:39', '2021-03-12 14:27:39'),
(358, 4, 1, -22, 1, '2+2', 1, 0, 0, 25, '2021-03-12 14:27:39', '2021-03-12 14:27:39'),
(359, 4, 1, -23, 1, '2+1', 1, 0, 0, 25, '2021-03-12 14:27:39', '2021-03-12 14:27:39'),
(360, 4, 1, -24, 1, '3+2', 1, 0, 0, 25, '2021-03-12 14:27:39', '2021-03-12 14:27:39'),
(361, 4, 1, -25, 1, '2+3', 1, 0, 0, 25, '2021-03-12 14:27:40', '2021-03-12 14:27:40'),
(362, 4, 1, 4, 2, '3+1', 0, 0, 0, 25, '2021-03-12 14:27:40', '2021-03-12 14:27:40'),
(363, 5, 1, 3, 1, '2+1', 0, 0, 0, 25, '2021-03-12 14:28:34', '2021-03-12 14:28:34'),
(364, 5, 1, 7, 1, '3+1', 0, 0, 0, 25, '2021-03-12 14:28:40', '2021-03-12 14:28:40'),
(365, 5, 1, 10, 1, '2+1', 0, 0, 0, 25, '2021-03-12 14:28:40', '2021-03-12 14:28:40'),
(366, 5, 1, 12, 1, '1+1', 0, 0, 0, 25, '2021-03-12 14:28:40', '2021-03-12 14:28:40'),
(367, 5, 1, 17, 1, '2+3', 0, 0, 0, 25, '2021-03-12 14:28:40', '2021-03-12 14:28:40'),
(368, 5, 1, 20, 1, '3+3', 1, 0, 0, 25, '2021-03-12 14:28:40', '2021-03-12 14:28:40'),
(369, 5, 1, 16, 1, '1+3', 1, 0, 0, 25, '2021-03-12 14:28:40', '2021-03-12 14:28:40'),
(370, 5, 1, 10, 1, '3+3', 1, 0, 0, 25, '2021-03-12 14:28:40', '2021-03-12 14:28:40'),
(371, 5, 1, 5, 1, '2+2', 1, 0, 0, 25, '2021-03-12 14:28:40', '2021-03-12 14:28:40'),
(372, 5, 1, 1, 1, '1+3', 1, 0, 0, 25, '2021-03-12 14:28:40', '2021-03-12 14:28:40'),
(373, 5, 1, 0, 1, '3+2', 1, 0, 0, 25, '2021-03-12 14:28:40', '2021-03-12 14:28:40'),
(374, 5, 1, -1, 1, '2+3', 1, 0, 0, 25, '2021-03-12 14:28:40', '2021-03-12 14:28:40'),
(375, 5, 1, -2, 1, '1+1', 1, 0, 0, 25, '2021-03-12 14:28:40', '2021-03-12 14:28:40'),
(376, 5, 1, -3, 1, '2+2', 1, 0, 0, 25, '2021-03-12 14:28:40', '2021-03-12 14:28:40'),
(377, 5, 1, -4, 1, '3+2', 1, 0, 0, 25, '2021-03-12 14:28:40', '2021-03-12 14:28:40'),
(378, 5, 1, -5, 1, '2+2', 1, 0, 0, 25, '2021-03-12 14:28:40', '2021-03-12 14:28:40'),
(379, 5, 1, -6, 1, '3+1', 1, 0, 0, 25, '2021-03-12 14:28:40', '2021-03-12 14:28:40'),
(380, 5, 1, -7, 1, '3+2', 1, 0, 0, 25, '2021-03-12 14:28:40', '2021-03-12 14:28:40'),
(381, 5, 1, -8, 1, '2+1', 1, 0, 0, 25, '2021-03-12 14:28:40', '2021-03-12 14:28:40'),
(382, 5, 1, -9, 1, '3+3', 1, 0, 0, 25, '2021-03-12 14:28:40', '2021-03-12 14:28:40'),
(383, 5, 1, -10, 1, '3+2', 1, 0, 0, 25, '2021-03-12 14:28:40', '2021-03-12 14:28:40'),
(384, 5, 1, -11, 1, '2+1', 1, 0, 0, 25, '2021-03-12 14:28:40', '2021-03-12 14:28:40'),
(385, 5, 1, -12, 1, '1+2', 1, 0, 0, 25, '2021-03-12 14:28:40', '2021-03-12 14:28:40'),
(386, 5, 1, -13, 1, '2+3', 1, 0, 0, 25, '2021-03-12 14:28:40', '2021-03-12 14:28:40'),
(387, 5, 1, -14, 1, '3+2', 1, 0, 0, 25, '2021-03-12 14:28:40', '2021-03-12 14:28:40'),
(388, 5, 1, -15, 1, '2+1', 1, 0, 0, 25, '2021-03-12 14:28:40', '2021-03-12 14:28:40'),
(389, 5, 1, -16, 1, '2+2', 1, 0, 0, 25, '2021-03-12 14:28:40', '2021-03-12 14:28:40'),
(390, 5, 1, -17, 1, '3+3', 1, 0, 0, 25, '2021-03-12 14:28:40', '2021-03-12 14:28:40'),
(391, 5, 1, -18, 1, '3+3', 1, 0, 0, 25, '2021-03-12 14:28:40', '2021-03-12 14:28:40'),
(392, 5, 1, -19, 1, '2+1', 1, 0, 0, 25, '2021-03-12 14:28:40', '2021-03-12 14:28:40'),
(393, 5, 1, -20, 1, '3+1', 1, 0, 0, 25, '2021-03-12 14:28:40', '2021-03-12 14:28:40'),
(394, 5, 1, -21, 1, '2+3', 1, 0, 0, 25, '2021-03-12 14:28:40', '2021-03-12 14:28:40'),
(395, 5, 1, -22, 1, '1+3', 1, 0, 0, 25, '2021-03-12 14:28:40', '2021-03-12 14:28:40'),
(396, 5, 1, -23, 1, '3+1', 1, 0, 0, 25, '2021-03-12 14:28:40', '2021-03-12 14:28:40'),
(397, 5, 1, -24, 1, '2+3', 1, 0, 0, 25, '2021-03-12 14:28:40', '2021-03-12 14:28:40'),
(398, 5, 1, -25, 1, '1+1', 1, 0, 0, 25, '2021-03-12 14:28:40', '2021-03-12 14:28:40'),
(399, 5, 1, -26, 1, '1+3', 1, 0, 0, 25, '2021-03-12 14:28:40', '2021-03-12 14:28:40'),
(400, 5, 1, -27, 1, '3+3', 1, 0, 0, 25, '2021-03-12 14:28:40', '2021-03-12 14:28:40'),
(401, 5, 1, -28, 1, '2+2', 1, 0, 0, 25, '2021-03-12 14:28:40', '2021-03-12 14:28:40'),
(402, 5, 1, -29, 1, '2+3', 1, 0, 0, 25, '2021-03-12 14:28:40', '2021-03-12 14:28:40'),
(403, 5, 1, -30, 1, '3+2', 1, 0, 0, 25, '2021-03-12 14:28:41', '2021-03-12 14:28:41'),
(404, 5, 1, 3, 2, '2+1', 0, 0, 0, 25, '2021-03-12 14:28:41', '2021-03-12 14:28:41'),
(405, 6, 1, 4, 1, '1+3', 0, 0, 0, 25, '2021-03-12 14:29:32', '2021-03-12 14:29:32'),
(406, 6, 1, 9, 1, '3+2', 0, 0, 0, 25, '2021-03-12 14:29:37', '2021-03-12 14:29:37'),
(407, 6, 1, 13, 1, '3+1', 0, 0, 0, 25, '2021-03-12 14:29:37', '2021-03-12 14:29:37'),
(408, 6, 1, 17, 1, '3+1', 0, 0, 0, 25, '2021-03-12 14:29:37', '2021-03-12 14:29:37'),
(409, 6, 1, 19, 1, '1+1', 0, 0, 0, 25, '2021-03-12 14:29:37', '2021-03-12 14:29:37'),
(410, 6, 1, 20, 1, '1+1', 1, 0, 0, 25, '2021-03-12 14:29:38', '2021-03-12 14:29:38'),
(411, 6, 1, 16, 1, '2+2', 1, 0, 0, 25, '2021-03-12 14:29:38', '2021-03-12 14:29:38'),
(412, 6, 1, 17, 1, '1+2', 1, 0, 0, 25, '2021-03-12 14:29:38', '2021-03-12 14:29:38'),
(413, 6, 1, 18, 1, '1+1', 1, 0, 0, 25, '2021-03-12 14:29:38', '2021-03-12 14:29:38'),
(414, 6, 1, 15, 1, '2+3', 1, 0, 0, 25, '2021-03-12 14:29:38', '2021-03-12 14:29:38'),
(415, 6, 1, 17, 1, '1+2', 1, 0, 0, 25, '2021-03-12 14:29:38', '2021-03-12 14:29:38'),
(416, 6, 1, 17, 1, '2+1', 1, 0, 0, 25, '2021-03-12 14:29:38', '2021-03-12 14:29:38'),
(417, 6, 1, 17, 1, '1+2', 1, 0, 0, 25, '2021-03-12 14:29:40', '2021-03-12 14:29:40'),
(418, 6, 1, 14, 1, '1+2', 1, 0, 0, 25, '2021-03-12 14:29:40', '2021-03-12 14:29:40'),
(419, 6, 1, 10, 1, '3+1', 1, 0, 0, 25, '2021-03-12 14:29:40', '2021-03-12 14:29:40'),
(420, 6, 1, 7, 1, '1+2', 1, 0, 0, 25, '2021-03-12 14:29:40', '2021-03-12 14:29:40'),
(421, 6, 1, 5, 1, '1+1', 1, 0, 0, 25, '2021-03-12 14:29:40', '2021-03-12 14:29:40'),
(422, 6, 1, 2, 1, '2+1', 1, 0, 0, 25, '2021-03-12 14:29:40', '2021-03-12 14:29:40'),
(423, 6, 1, 0, 1, '1+2', 1, 0, 0, 25, '2021-03-12 14:29:42', '2021-03-12 14:29:42'),
(424, 6, 1, 4, 2, '2+2', 0, 0, 0, 25, '2021-03-12 14:29:42', '2021-03-12 14:29:42'),
(425, 7, 1, 4, 1, '1+3', 0, 0, 0, 25, '2021-03-12 14:35:11', '2021-03-12 14:35:11'),
(426, 7, 1, 7, 1, '2+1', 0, 0, 0, 25, '2021-03-12 14:35:15', '2021-03-12 14:35:15'),
(427, 7, 1, 11, 1, '3+1', 0, 0, 0, 25, '2021-03-12 14:35:35', '2021-03-12 14:35:35'),
(428, 7, 1, 15, 1, '1+3', 1, 1, 0, 25, '2021-03-12 14:36:01', '2021-03-12 14:36:20'),
(429, 7, 1, 13, 1, '2+1', 1, 1, 0, 24, '2021-03-12 14:36:20', '2021-03-12 14:36:29'),
(430, 7, 1, 11, 1, '3+1', 1, 1, 0, 22, '2021-03-12 14:36:29', '2021-03-12 14:36:36'),
(431, 7, 1, 10, 1, '1+3', 1, 0, 0, 19, '2021-03-12 14:36:36', '2021-03-12 14:36:36'),
(432, 7, 1, 10, 1, '1+2', 1, 0, 0, 16, '2021-03-12 14:36:41', '2021-03-12 14:36:41'),
(433, 7, 1, 9, 1, '2+2', 1, 0, 0, 13, '2021-03-12 14:36:45', '2021-03-12 14:36:45'),
(434, 7, 1, 6, 1, '3+3', 1, 0, 0, 10, '2021-03-12 14:36:52', '2021-03-12 14:36:52'),
(435, 7, 1, 6, 1, '1+1', 1, 0, 0, 7, '2021-03-12 14:37:02', '2021-03-12 14:37:02'),
(436, 7, 1, 6, 1, '1+2', 1, 0, 0, 4, '2021-03-12 14:37:05', '2021-03-12 14:37:05'),
(437, 7, 1, 5, 1, '3+1', 1, 0, 0, 1, '2021-03-12 14:37:11', '2021-03-12 14:37:11'),
(438, 7, 1, 2, 1, '3+3', 1, 0, 0, -2, '2021-03-12 14:37:19', '2021-03-12 14:37:19'),
(439, 7, 1, 4, 2, '1+3', 0, 0, 0, 25, '2021-03-12 14:37:19', '2021-03-12 14:37:19'),
(440, 7, 1, 9, 2, '2+3', 0, 0, 0, 25, '2021-03-12 15:22:14', '2021-03-12 15:22:14'),
(441, 7, 1, 12, 2, '1+2', 0, 0, 0, 25, '2021-03-12 15:22:40', '2021-03-12 15:22:40'),
(442, 7, 1, 16, 2, '2+2', 0, 1, 0, 25, '2021-03-12 15:22:46', '2021-03-12 15:22:48'),
(443, 7, 1, 19, 2, '2+2', 1, 0, 0, 24, '2021-03-12 15:22:52', '2021-03-12 15:23:07'),
(444, 7, 1, 14, 2, '3+3', 1, 0, 0, 23, '2021-03-12 15:23:09', '2021-03-12 15:23:09'),
(445, 7, 1, 12, 2, '2+1', 1, 0, 0, 22, '2021-03-12 15:23:14', '2021-03-12 15:23:14'),
(446, 7, 1, 9, 2, '2+2', 1, 1, 0, 21, '2021-03-12 15:23:16', '2021-03-12 15:23:23'),
(447, 7, 1, 8, 2, '2+1', 1, 0, 0, 19, '2021-03-12 15:23:23', '2021-03-12 15:23:23'),
(448, 7, 1, 6, 2, '1+3', 1, 0, 0, 17, '2021-03-12 15:23:26', '2021-03-12 15:23:26'),
(449, 7, 1, 3, 2, '3+2', 1, 0, 0, 15, '2021-03-12 15:23:28', '2021-03-12 15:23:28'),
(450, 7, 1, 0, 2, '2+3', 1, 0, 0, 13, '2021-03-12 15:23:30', '2021-03-12 15:23:30'),
(451, 7, 1, 5, 3, '2+3', 0, 0, 0, 25, '2021-03-12 15:23:30', '2021-03-12 15:23:30'),
(452, 7, 1, 10, 3, '2+3', 0, 0, 0, 25, '2021-03-12 15:23:59', '2021-03-12 15:23:59'),
(453, 7, 1, 12, 3, '1+1', 0, 0, 0, 25, '2021-03-12 15:24:02', '2021-03-12 15:24:02'),
(454, 7, 1, 15, 3, '2+1', 0, 1, 0, 25, '2021-03-12 15:24:04', '2021-03-12 15:24:13'),
(455, 7, 1, 16, 3, '1+1', 1, 1, 0, 24, '2021-03-12 15:24:15', '2021-03-12 15:24:21'),
(456, 7, 1, 13, 3, '2+3', 1, 0, 0, 22, '2021-03-12 15:24:21', '2021-03-12 15:24:21'),
(457, 7, 1, 11, 3, '1+3', 1, 0, 0, 20, '2021-03-12 15:24:23', '2021-03-12 15:24:23'),
(458, 7, 1, 7, 3, '3+3', 1, 0, 0, 18, '2021-03-12 15:24:27', '2021-03-12 15:24:27'),
(459, 7, 1, 5, 3, '2+2', 1, 1, 0, 16, '2021-03-12 15:24:30', '2021-03-12 15:24:36'),
(460, 7, 1, 4, 3, '3+1', 1, 0, 0, 13, '2021-03-12 15:24:36', '2021-03-12 15:24:36'),
(461, 7, 1, 3, 3, '1+3', 1, 1, 0, 10, '2021-03-12 15:24:38', '2021-03-12 15:24:45'),
(462, 7, 1, 2, 3, '2+3', 1, 0, 0, 6, '2021-03-12 15:24:45', '2021-03-12 15:24:45'),
(504, 7, 1, 0, 3, '3+2', 1, 0, 0, 6, '2021-03-12 16:05:04', '2021-03-12 16:05:04'),
(505, 7, 1, 5, 4, '2+3', 0, 0, 0, 25, '2021-03-12 16:05:04', '2021-03-12 17:16:23'),
(507, 8, 1, 5, 1, '2+3', 0, 0, 0, 25, '2021-03-14 15:17:10', '2021-03-14 15:17:10'),
(508, 8, 1, 7, 1, '1+1', 0, 0, 0, 25, '2021-03-14 15:17:15', '2021-03-14 15:17:15'),
(509, 8, 1, 9, 1, '1+1', 0, 0, 0, 25, '2021-03-14 15:20:55', '2021-03-14 15:20:55'),
(510, 8, 1, 14, 1, '2+3', 0, 0, 0, 25, '2021-03-14 15:27:40', '2021-03-14 15:27:40'),
(511, 8, 1, 18, 1, '2+2', 1, 1, 0, 25, '2021-03-14 15:43:31', '2021-03-14 15:45:46'),
(512, 8, 1, 14, 1, '2+3', 1, 1, 0, 24, '2021-03-14 15:45:46', '2021-03-14 15:45:48'),
(513, 8, 1, 13, 1, '2+1', 1, 1, 0, 22, '2021-03-14 15:45:48', '2021-03-14 15:45:55'),
(514, 8, 1, 13, 1, '2+1', 1, 0, 0, 19, '2021-03-14 15:45:55', '2021-03-14 15:45:55'),
(515, 8, 1, 12, 1, '2+2', 1, 1, 0, 16, '2021-03-14 15:46:03', '2021-03-14 15:46:06'),
(516, 8, 1, 12, 1, '1+1', 1, 0, 0, 12, '2021-03-14 15:46:06', '2021-03-14 15:46:06'),
(517, 8, 1, 11, 1, '3+2', 1, 0, 0, 8, '2021-03-14 15:46:10', '2021-03-14 15:46:10'),
(518, 8, 1, 10, 1, '3+2', 1, 0, 0, 4, '2021-03-14 15:46:20', '2021-03-14 15:46:20'),
(519, 8, 1, 10, 1, '2+2', 1, 0, 0, 0, '2021-03-14 15:46:33', '2021-03-14 15:46:33'),
(520, 8, 1, 3, 2, '2+1', 0, 0, 0, 25, '2021-03-14 15:46:33', '2021-03-14 15:46:33'),
(521, 8, 1, 7, 2, '3+1', 0, 0, 0, 25, '2021-03-16 16:16:53', '2021-03-16 16:16:53'),
(522, 8, 1, 11, 2, '1+3', 0, 1, 0, 25, '2021-03-16 16:16:54', '2021-03-16 16:16:57'),
(523, 8, 1, 15, 2, '2+3', 1, 1, 0, 24, '2021-03-16 16:16:58', '2021-03-16 16:17:17'),
(524, 8, 1, 11, 2, '3+3', 1, 0, 0, 22, '2021-03-16 16:17:17', '2021-03-16 16:17:17'),
(525, 8, 1, 10, 2, '1+2', 1, 0, 0, 20, '2021-03-16 16:17:23', '2021-03-16 16:17:23'),
(526, 8, 1, 8, 2, '1+3', 1, 0, 0, 18, '2021-03-16 16:17:27', '2021-03-16 16:17:27'),
(527, 8, 1, 6, 2, '3+1', 1, 1, 0, 16, '2021-03-16 16:17:40', '2021-03-16 16:17:43'),
(528, 8, 1, 5, 2, '2+2', 1, 0, 0, 13, '2021-03-16 16:17:43', '2021-03-16 16:17:43'),
(529, 8, 1, 3, 2, '2+3', 1, 0, 0, 10, '2021-03-16 16:17:44', '2021-03-16 16:17:44'),
(530, 8, 1, 2, 2, '3+1', 1, 0, 0, 7, '2021-03-16 16:17:46', '2021-03-16 16:17:46'),
(531, 8, 1, 2, 2, '2+1', 1, 0, 0, 4, '2021-03-16 16:17:48', '2021-03-16 16:17:48'),
(532, 8, 1, 2, 2, '2+1', 1, 0, 0, 1, '2021-03-16 16:17:50', '2021-03-16 16:17:50'),
(535, 8, 1, 0, 2, '3+3', 1, 0, 0, 1, '2021-03-16 16:48:13', '2021-03-16 16:48:13'),
(536, 8, 1, 3, 3, '2+1', 0, 0, 0, 25, '2021-03-16 16:48:13', '2021-03-16 16:48:13'),
(537, 8, 1, 5, 3, '1+1', 0, 0, 0, 25, '2021-03-16 16:48:31', '2021-03-16 16:48:31'),
(538, 8, 1, 10, 3, '3+2', 0, 0, 0, 25, '2021-03-16 16:48:40', '2021-03-16 16:48:40'),
(539, 8, 1, 13, 3, '2+1', 1, 1, 0, 25, '2021-03-16 16:48:43', '2021-03-16 16:48:48'),
(540, 8, 1, 9, 3, '2+3', 1, 0, 0, 24, '2021-03-16 16:48:48', '2021-03-16 16:48:48'),
(541, 8, 1, 6, 3, '2+2', 1, 1, 0, 23, '2021-03-16 16:48:52', '2021-03-16 16:48:54'),
(542, 8, 1, 6, 3, '1+1', 1, 0, 0, 21, '2021-03-16 16:48:54', '2021-03-16 16:48:54'),
(543, 8, 1, 5, 3, '2+1', 1, 1, 0, 19, '2021-03-16 16:48:57', '2021-03-16 16:48:59'),
(544, 8, 1, 4, 3, '2+2', 1, 0, 0, 16, '2021-03-16 16:48:59', '2021-03-16 16:48:59'),
(545, 8, 1, 3, 3, '2+2', 1, 0, 0, 13, '2021-03-16 16:49:02', '2021-03-16 16:49:02'),
(546, 8, 1, 3, 3, '2+1', 1, 0, 0, 10, '2021-03-16 16:49:04', '2021-03-16 16:49:04'),
(547, 8, 1, 1, 3, '3+2', 1, 1, 0, 7, '2021-03-16 16:49:06', '2021-03-16 16:49:09'),
(548, 8, 1, 0, 3, '3+2', 1, 0, 0, 3, '2021-03-16 16:49:09', '2021-03-16 16:49:09'),
(549, 8, 1, 2, 4, '1+1', 0, 0, 0, 25, '2021-03-16 16:49:09', '2021-03-16 16:49:09'),
(550, 9, 1, 4, 1, '2+2', 0, 0, 0, 25, '2021-03-18 15:47:32', '2021-03-18 15:47:32'),
(551, 9, 1, 7, 1, '2+1', 0, 1, 0, 25, '2021-03-18 18:19:09', '2021-03-18 18:19:11'),
(552, 9, 1, 12, 1, '3+3', 1, 1, 0, 24, '2021-03-18 19:44:00', '2021-03-18 19:46:28'),
(553, 9, 1, 11, 1, '1+2', 1, 0, 0, 22, '2021-03-18 19:46:28', '2021-03-18 19:46:28'),
(554, 9, 1, 8, 1, '3+2', 1, 0, 0, 20, '2021-03-18 19:51:13', '2021-03-18 19:51:13'),
(555, 9, 1, 6, 1, '3+1', 1, 0, 0, 18, '2021-03-20 10:59:09', '2021-03-20 10:59:09'),
(556, 9, 1, 4, 1, '2+2', 1, 0, 0, 16, '2021-03-20 10:59:13', '2021-03-20 10:59:13'),
(557, 9, 1, 0, 1, '3+3', 1, 0, 0, 14, '2021-03-20 10:59:17', '2021-03-20 10:59:17'),
(558, 9, 1, 5, 2, '2+3', 0, 0, 0, 25, '2021-03-20 10:59:17', '2021-03-20 10:59:17'),
(559, 9, 1, 7, 2, '1+1', 0, 0, 0, 25, '2021-03-20 11:15:44', '2021-03-20 11:15:44'),
(560, 9, 1, 13, 2, '3+3', 0, 1, 0, 25, '2021-03-20 11:15:47', '2021-03-20 11:15:50'),
(561, 9, 1, 16, 2, '1+3', 1, 1, 0, 24, '2021-03-20 16:56:02', '2021-03-20 16:56:13'),
(562, 9, 1, 14, 2, '2+2', 1, 0, 0, 22, '2021-03-20 16:56:13', '2021-03-20 16:56:13'),
(563, 9, 1, 13, 2, '1+2', 1, 0, 0, 20, '2021-03-20 16:56:18', '2021-03-20 16:56:18'),
(564, 9, 1, 13, 2, '1+1', 1, 0, 0, 18, '2021-03-20 16:56:22', '2021-03-20 16:56:22'),
(565, 9, 1, 10, 2, '3+2', 1, 0, 0, 16, '2021-03-20 16:56:28', '2021-03-20 16:56:28'),
(566, 9, 1, 7, 2, '2+3', 1, 0, 0, 14, '2021-03-20 16:56:32', '2021-03-20 16:56:32'),
(567, 9, 1, 4, 2, '3+2', 1, 1, 0, 12, '2021-03-20 16:56:35', '2021-03-20 16:56:40'),
(568, 9, 1, 2, 2, '3+2', 1, 1, 0, 9, '2021-03-20 16:56:40', '2021-03-20 16:56:43'),
(569, 9, 1, 1, 2, '3+2', 1, 1, 0, 5, '2021-03-20 16:56:43', '2021-03-20 16:56:47'),
(570, 9, 1, 1, 2, '2+3', 1, 0, 0, 0, '2021-03-20 16:56:47', '2021-03-20 16:56:47'),
(571, 9, 1, 3, 3, '1+2', 0, 0, 0, 25, '2021-03-20 16:56:47', '2021-03-20 16:56:47'),
(572, 9, 1, 7, 3, '3+1', 0, 0, 0, 25, '2021-03-20 17:01:02', '2021-03-20 17:01:02'),
(573, 9, 1, 12, 3, '2+3', 1, 1, 0, 25, '2021-03-20 17:01:05', '2021-03-20 17:01:10'),
(574, 9, 1, 10, 3, '2+1', 1, 0, 0, 24, '2021-03-20 17:01:10', '2021-03-20 17:01:10'),
(575, 10, 1, 3, 1, '2+1', 0, 0, 0, 25, '2021-03-20 17:46:49', '2021-03-20 17:46:49'),
(576, 10, 3, 6, 1, '2+3', 0, 0, 0, 25, '2021-03-20 17:50:50', '2021-03-20 17:50:50'),
(577, 10, 1, 7, 1, '1+2', 0, 1, 0, 25, '2021-03-20 17:51:04', '2021-03-20 18:00:03'),
(578, 10, 3, 11, 1, '1+3', 0, 1, 0, 24, '2021-03-20 18:02:10', '2021-03-20 18:03:11'),
(579, 10, 1, 9, 1, '2+1', 1, 1, 0, 23, '2021-03-20 18:03:27', '2021-03-20 18:05:07'),
(580, 10, 3, 15, 1, '3+2', 1, 1, 0, 21, '2021-03-20 18:05:07', '2021-03-20 18:07:03'),
(581, 10, 1, 8, 1, '2+1', 1, 0, 0, 19, '2021-03-20 18:07:03', '2021-03-20 18:07:03'),
(582, 10, 3, 12, 1, '3+2', 1, 0, 0, 17, '2021-03-20 18:07:19', '2021-03-20 18:07:19'),
(583, 10, 1, 5, 1, '3+2', 1, 0, 0, 15, '2021-03-20 18:07:27', '2021-03-20 18:07:27'),
(584, 10, 3, 9, 1, '3+2', 1, 0, 0, 13, '2021-03-20 18:07:48', '2021-03-20 18:07:48'),
(585, 10, 1, 2, 1, '3+2', 1, 1, 0, 11, '2021-03-20 18:07:58', '2021-03-20 18:08:06'),
(586, 10, 3, 5, 1, '3+3', 1, 0, 0, 8, '2021-03-20 18:08:06', '2021-03-20 18:08:06'),
(595, 10, 1, 0, 1, '3+2', 1, 0, 0, 6, '2021-03-21 10:33:37', '2021-03-21 10:33:37'),
(596, 10, 3, 2, 1, '3+2', 1, 0, 0, 3, '2021-03-21 10:33:37', '2021-03-21 10:33:37'),
(597, 10, 3, 0, 1, '2+3', 1, 0, 0, 1, '2021-03-21 10:50:54', '2021-03-21 10:50:54'),
(598, 10, 3, 4, 2, '2+2', 0, 0, 0, 25, '2021-03-21 10:50:54', '2021-03-21 10:50:54'),
(599, 9, 1, 9, 3, '1+1', 1, 1, 0, 23, '2021-03-21 11:25:02', '2021-03-21 11:25:04'),
(600, 9, 1, 7, 3, '1+3', 1, 0, 0, 21, '2021-03-21 11:25:05', '2021-03-21 11:25:05'),
(601, 10, 1, 5, 2, '2+2', 0, 0, 0, 25, '2021-03-21 12:02:50', '2021-03-21 12:02:50'),
(602, 10, 3, 8, 2, '1+2', 0, 0, 0, 25, '2021-03-21 12:02:54', '2021-03-21 12:02:54'),
(603, 10, 1, 11, 2, '2+3', 0, 0, 0, 25, '2021-03-21 12:02:59', '2021-03-21 12:02:59'),
(604, 10, 3, 13, 2, '1+3', 1, 1, 0, 25, '2021-03-21 12:03:02', '2021-03-21 12:03:12'),
(605, 10, 1, 16, 2, '2+2', 1, 0, 0, 24, '2021-03-21 12:03:12', '2021-03-21 12:07:12'),
(606, 10, 3, 9, 2, '2+3', 1, 1, 0, 24, '2021-03-21 12:07:16', '2021-03-21 12:07:25'),
(607, 10, 1, 11, 2, '2+3', 1, 0, 0, 22, '2021-03-21 12:07:25', '2021-03-21 12:07:25'),
(608, 11, 1, 5, 1, '3+2', 0, 0, 0, 25, '2021-03-24 15:50:04', '2021-03-24 15:50:04'),
(609, 12, 3, 3, 1, '1+2', 0, 0, 0, 25, '2021-03-24 15:51:46', '2021-03-24 15:51:46');

-- --------------------------------------------------------

--
-- Table structure for table `fo_cars`
--

DROP TABLE IF EXISTS `fo_cars`;
CREATE TABLE IF NOT EXISTS `fo_cars` (
  `id` int(11) NOT NULL AUTO_INCREMENT,
  `game_id` int(11) NOT NULL,
  `user_id` int(11) NOT NULL,
  `fo_position_id` int(11) NOT NULL,
  `gear` int(11) NOT NULL COMMENT '1-6 - actual gear\r\n-1 - start\r\n0 - is used if for any reason next turn needs to be in 1st gear',
  `created` datetime NOT NULL DEFAULT CURRENT_TIMESTAMP,
  `modified` datetime NOT NULL DEFAULT CURRENT_TIMESTAMP ON UPDATE CURRENT_TIMESTAMP,
  PRIMARY KEY (`id`),
  KEY `game_id` (`game_id`),
  KEY `user_id` (`user_id`),
  KEY `fo_position_id` (`fo_position_id`)
) ENGINE=InnoDB DEFAULT CHARSET=utf8 COLLATE=utf8_bin;

-- --------------------------------------------------------

--
-- Table structure for table `fo_curves`
--

DROP TABLE IF EXISTS `fo_curves`;
CREATE TABLE IF NOT EXISTS `fo_curves` (
  `id` int(11) NOT NULL AUTO_INCREMENT,
  `fo_track_id` int(11) NOT NULL,
  `fo_next_curve_id` int(11) DEFAULT NULL,
  `stops` int(11) NOT NULL,
  `name` varchar(20) COLLATE utf8_bin DEFAULT NULL,
  PRIMARY KEY (`id`),
  KEY `track_id` (`fo_track_id`),
  KEY `next_curve_id` (`fo_next_curve_id`)
) ENGINE=InnoDB AUTO_INCREMENT=11 DEFAULT CHARSET=utf8 COLLATE=utf8_bin;

--
-- Dumping data for table `fo_curves`
--

INSERT INTO `fo_curves` (`id`, `fo_track_id`, `fo_next_curve_id`, `stops`, `name`) VALUES
(1, 1, 2, 1, 'Sainte Devote'),
(2, 1, 3, 1, '#second'),
(3, 1, 4, 1, 'Casino'),
(4, 1, 5, 1, 'Mirabeau'),
(5, 1, 6, 3, 'Loews'),
(6, 1, 7, 1, 'Chicane'),
(7, 1, 8, 1, 'Bureau de Tabac'),
(8, 1, 9, 2, 'S de la Piscine'),
(9, 1, 10, 2, 'La Rascasse'),
(10, 1, 1, 1, 'Anthony Hoghes');

-- --------------------------------------------------------

--
-- Table structure for table `fo_damages`
--

DROP TABLE IF EXISTS `fo_damages`;
CREATE TABLE IF NOT EXISTS `fo_damages` (
  `id` int(11) NOT NULL AUTO_INCREMENT,
  `fo_car_id` int(11) NOT NULL,
  `fo_move_option_id` int(11) NOT NULL,
  `fo_log_id` int(11) NOT NULL,
  `wear_points` int(11) NOT NULL,
  `fo_e_damage_type_id` int(11) NOT NULL,
  `created` datetime NOT NULL DEFAULT CURRENT_TIMESTAMP,
  `modified` datetime NOT NULL DEFAULT CURRENT_TIMESTAMP ON UPDATE CURRENT_TIMESTAMP,
  PRIMARY KEY (`id`),
  KEY `fo_car_id` (`fo_car_id`),
  KEY `fo_move_option_id` (`fo_move_option_id`),
  KEY `fo_history_id` (`fo_log_id`),
  KEY `fo_e_damage_type_id` (`fo_e_damage_type_id`),
  KEY `created` (`created`),
  KEY `modified` (`modified`)
) ENGINE=InnoDB DEFAULT CHARSET=utf8 COLLATE=utf8_bin;

-- --------------------------------------------------------

--
-- Table structure for table `fo_debris`
--

DROP TABLE IF EXISTS `fo_debris`;
CREATE TABLE IF NOT EXISTS `fo_debris` (
  `id` int(11) NOT NULL AUTO_INCREMENT,
  `game_id` int(11) NOT NULL,
  `fo_position_id` int(11) NOT NULL,
  `created` datetime NOT NULL DEFAULT CURRENT_TIMESTAMP,
  `modified` datetime NOT NULL DEFAULT CURRENT_TIMESTAMP ON UPDATE CURRENT_TIMESTAMP,
  PRIMARY KEY (`id`),
  KEY `fo_position_id` (`fo_position_id`),
  KEY `game_id` (`game_id`),
  KEY `created` (`created`),
  KEY `modified` (`modified`)
) ENGINE=InnoDB DEFAULT CHARSET=utf8 COLLATE=utf8_bin;

-- --------------------------------------------------------

--
-- Table structure for table `fo_e_damage_types`
--

DROP TABLE IF EXISTS `fo_e_damage_types`;
CREATE TABLE IF NOT EXISTS `fo_e_damage_types` (
  `id` int(11) NOT NULL AUTO_INCREMENT,
  `name` varchar(10) COLLATE utf8_bin NOT NULL,
  PRIMARY KEY (`id`)
) ENGINE=InnoDB DEFAULT CHARSET=utf8 COLLATE=utf8_bin;

-- --------------------------------------------------------

--
-- Table structure for table `fo_games`
--

DROP TABLE IF EXISTS `fo_games`;
CREATE TABLE IF NOT EXISTS `fo_games` (
  `id` int(11) NOT NULL AUTO_INCREMENT,
  `game_id` int(11) NOT NULL,
  `fo_track_id` int(11) NOT NULL,
  `created` datetime NOT NULL DEFAULT CURRENT_TIMESTAMP,
  PRIMARY KEY (`id`),
  UNIQUE KEY `game_id` (`game_id`),
  KEY `track_id` (`fo_track_id`)
) ENGINE=InnoDB DEFAULT CHARSET=utf8 COLLATE=utf8_bin;

-- --------------------------------------------------------

--
-- Table structure for table `fo_logs`
--

DROP TABLE IF EXISTS `fo_logs`;
CREATE TABLE IF NOT EXISTS `fo_logs` (
  `id` int(11) NOT NULL AUTO_INCREMENT,
  `fo_car_id` int(11) NOT NULL,
  `fo_position_id` int(11) DEFAULT NULL,
  `gear` int(11) DEFAULT NULL,
  `roll` int(11) DEFAULT NULL,
  `ranking` int(11) DEFAULT NULL,
  `type` char(1) COLLATE utf8_bin NOT NULL COMMENT 'I - initial\r\nM - move\r\nD - damage\r\nR - repair\r\nF - finish',
  PRIMARY KEY (`id`),
  KEY `fo_car_id` (`fo_car_id`),
  KEY `fo_position_id` (`fo_position_id`)
) ENGINE=InnoDB DEFAULT CHARSET=utf8 COLLATE=utf8_bin;

-- --------------------------------------------------------

--
-- Table structure for table `fo_move_options`
--

DROP TABLE IF EXISTS `fo_move_options`;
CREATE TABLE IF NOT EXISTS `fo_move_options` (
  `id` int(11) NOT NULL AUTO_INCREMENT,
  `fo_car_id` int(11) NOT NULL,
  `fo_position_id` int(11) NOT NULL,
  PRIMARY KEY (`id`),
  KEY `fo_car_id` (`fo_car_id`),
  KEY `fo_position_id` (`fo_position_id`)
) ENGINE=InnoDB DEFAULT CHARSET=utf8 COLLATE=utf8_bin;

-- --------------------------------------------------------

--
-- Table structure for table `fo_position2positions`
--

DROP TABLE IF EXISTS `fo_position2positions`;
CREATE TABLE IF NOT EXISTS `fo_position2positions` (
  `id` int(11) NOT NULL AUTO_INCREMENT,
  `fo_position_from_id` int(11) NOT NULL,
  `fo_position_to_id` int(11) NOT NULL,
  `is_left` tinyint(1) NOT NULL DEFAULT '0',
  `is_straight` tinyint(1) NOT NULL DEFAULT '0',
  `is_right` tinyint(1) NOT NULL DEFAULT '0',
  `is_curve` tinyint(1) NOT NULL DEFAULT '0',
  `is_equal_distance` tinyint(1) NOT NULL DEFAULT '0',
  `is_pitlane_move` tinyint(1) NOT NULL DEFAULT '0',
  PRIMARY KEY (`id`),
  KEY `fo_position_from_id` (`fo_position_from_id`),
  KEY `fo_position_to_id` (`fo_position_to_id`)
) ENGINE=InnoDB AUTO_INCREMENT=1132 DEFAULT CHARSET=utf8 COLLATE=utf8_bin;

--
-- Dumping data for table `fo_position2positions`
--

INSERT INTO `fo_position2positions` (`id`, `fo_position_from_id`, `fo_position_to_id`, `is_left`, `is_straight`, `is_right`, `is_curve`, `is_equal_distance`, `is_pitlane_move`) VALUES
(1, 1, 4, 0, 1, 0, 0, 0, 0),
(2, 2, 5, 0, 1, 0, 0, 0, 0),
(3, 3, 6, 0, 1, 0, 0, 0, 0),
(4, 4, 7, 0, 1, 0, 0, 0, 0),
(5, 5, 8, 0, 1, 0, 0, 0, 0),
(6, 6, 9, 0, 1, 0, 0, 0, 0),
(7, 7, 10, 0, 1, 0, 0, 0, 0),
(8, 8, 11, 0, 1, 0, 0, 0, 0),
(9, 9, 12, 0, 1, 0, 0, 0, 0),
(10, 10, 14, 0, 1, 0, 0, 0, 0),
(11, 11, 13, 0, 1, 0, 0, 0, 0),
(12, 12, 15, 0, 1, 0, 0, 0, 0),
(13, 13, 17, 0, 1, 0, 0, 0, 0),
(14, 29, 31, 0, 1, 0, 0, 0, 0),
(15, 30, 33, 0, 1, 0, 0, 0, 0),
(16, 31, 34, 0, 1, 0, 0, 0, 0),
(17, 32, 35, 0, 1, 0, 0, 0, 0),
(18, 33, 36, 0, 1, 0, 0, 0, 0),
(19, 34, 37, 0, 1, 0, 0, 0, 0),
(20, 35, 38, 0, 1, 0, 0, 0, 0),
(21, 36, 39, 0, 1, 0, 0, 0, 0),
(22, 37, 40, 0, 1, 0, 0, 0, 0),
(23, 38, 41, 0, 1, 0, 0, 0, 0),
(24, 39, 42, 0, 1, 0, 0, 0, 0),
(25, 40, 43, 0, 1, 0, 0, 0, 0),
(26, 41, 44, 0, 1, 0, 0, 0, 0),
(27, 42, 45, 0, 1, 0, 0, 0, 0),
(28, 43, 46, 0, 1, 0, 0, 0, 0),
(29, 44, 47, 0, 1, 0, 0, 0, 0),
(30, 45, 48, 0, 1, 0, 0, 0, 0),
(31, 46, 49, 0, 1, 0, 0, 0, 0),
(32, 47, 50, 0, 1, 0, 0, 0, 0),
(33, 48, 51, 0, 1, 0, 0, 0, 0),
(34, 49, 52, 0, 1, 0, 0, 0, 0),
(35, 50, 53, 0, 1, 0, 0, 0, 0),
(36, 51, 54, 0, 1, 0, 0, 0, 0),
(37, 52, 55, 0, 1, 0, 0, 0, 0),
(38, 53, 56, 0, 1, 0, 0, 0, 0),
(39, 54, 57, 0, 1, 0, 0, 0, 0),
(40, 55, 58, 0, 1, 0, 0, 0, 0),
(41, 56, 59, 0, 1, 0, 0, 0, 0),
(42, 57, 60, 0, 1, 0, 0, 0, 0),
(43, 58, 61, 0, 1, 0, 0, 0, 0),
(44, 59, 62, 0, 1, 0, 0, 0, 0),
(45, 60, 63, 0, 1, 0, 0, 0, 0),
(46, 61, 64, 0, 1, 0, 0, 0, 0),
(47, 62, 65, 0, 1, 0, 0, 0, 0),
(48, 63, 66, 0, 1, 0, 0, 0, 0),
(49, 64, 67, 0, 1, 0, 0, 0, 0),
(50, 65, 68, 0, 1, 0, 0, 0, 0),
(51, 66, 69, 0, 1, 0, 0, 0, 0),
(52, 67, 70, 0, 1, 0, 0, 0, 0),
(53, 68, 71, 0, 1, 0, 0, 0, 0),
(54, 69, 72, 0, 1, 0, 0, 0, 0),
(55, 70, 73, 0, 1, 0, 0, 0, 0),
(56, 71, 74, 0, 1, 0, 0, 0, 0),
(57, 72, 75, 0, 1, 0, 0, 0, 0),
(58, 73, 76, 0, 1, 0, 0, 0, 0),
(59, 74, 77, 0, 1, 0, 0, 0, 0),
(60, 75, 78, 0, 1, 0, 0, 0, 0),
(61, 76, 79, 0, 1, 0, 0, 0, 0),
(62, 77, 80, 0, 1, 0, 0, 0, 0),
(63, 78, 81, 0, 1, 0, 0, 0, 0),
(64, 79, 83, 0, 1, 0, 0, 0, 0),
(65, 80, 82, 0, 1, 0, 0, 0, 0),
(66, 81, 84, 0, 1, 0, 0, 0, 0),
(67, 82, 88, 0, 1, 0, 0, 0, 0),
(68, 106, 108, 0, 1, 0, 0, 0, 0),
(69, 107, 110, 0, 1, 0, 0, 0, 0),
(70, 108, 112, 0, 1, 0, 0, 0, 0),
(71, 109, 111, 0, 1, 0, 0, 0, 0),
(72, 110, 113, 0, 1, 0, 0, 0, 0),
(73, 111, 115, 0, 1, 0, 0, 0, 0),
(74, 124, 127, 0, 1, 0, 0, 0, 0),
(75, 125, 128, 0, 1, 0, 0, 0, 0),
(76, 126, 129, 0, 1, 0, 0, 0, 0),
(77, 127, 130, 0, 1, 0, 0, 0, 0),
(78, 128, 131, 0, 1, 0, 0, 0, 0),
(79, 129, 132, 0, 1, 0, 0, 0, 0),
(80, 130, 133, 0, 1, 0, 0, 0, 0),
(81, 131, 134, 0, 1, 0, 0, 0, 0),
(82, 132, 135, 0, 1, 0, 0, 0, 0),
(83, 133, 136, 0, 1, 0, 0, 0, 0),
(84, 134, 137, 0, 1, 0, 0, 0, 0),
(85, 135, 138, 0, 1, 0, 0, 0, 0),
(86, 136, 139, 0, 1, 0, 0, 0, 0),
(87, 137, 140, 0, 1, 0, 0, 0, 0),
(88, 138, 141, 0, 1, 0, 0, 0, 0),
(89, 139, 142, 0, 1, 0, 0, 0, 0),
(90, 140, 143, 0, 1, 0, 0, 0, 0),
(91, 141, 144, 0, 1, 0, 0, 0, 0),
(92, 142, 145, 0, 1, 0, 0, 0, 0),
(93, 143, 146, 0, 1, 0, 0, 0, 0),
(94, 144, 148, 0, 1, 0, 0, 0, 0),
(95, 145, 147, 0, 1, 0, 0, 0, 0),
(96, 146, 149, 0, 1, 0, 0, 0, 0),
(97, 147, 153, 0, 1, 0, 0, 0, 0),
(98, 160, 162, 0, 1, 0, 0, 0, 0),
(99, 161, 164, 0, 1, 0, 0, 0, 0),
(100, 162, 165, 0, 1, 0, 0, 0, 0),
(101, 163, 166, 0, 1, 0, 0, 0, 0),
(102, 164, 167, 0, 1, 0, 0, 0, 0),
(103, 165, 169, 0, 1, 0, 0, 0, 0),
(104, 166, 168, 0, 1, 0, 0, 0, 0),
(105, 167, 170, 0, 1, 0, 0, 0, 0),
(106, 168, 178, 0, 1, 0, 0, 0, 0),
(107, 205, 207, 0, 1, 0, 0, 0, 0),
(108, 206, 209, 0, 1, 0, 0, 0, 0),
(109, 207, 210, 0, 1, 0, 0, 0, 0),
(110, 208, 211, 0, 1, 0, 0, 0, 0),
(111, 209, 212, 0, 1, 0, 0, 0, 0),
(112, 210, 213, 0, 1, 0, 0, 0, 0),
(113, 211, 214, 0, 1, 0, 0, 0, 0),
(114, 212, 215, 0, 1, 0, 0, 0, 0),
(115, 213, 216, 0, 1, 0, 0, 0, 0),
(116, 214, 217, 0, 1, 0, 0, 0, 0),
(117, 215, 218, 0, 1, 0, 0, 0, 0),
(118, 216, 219, 0, 1, 0, 0, 0, 0),
(119, 217, 220, 0, 1, 0, 0, 0, 0),
(120, 218, 221, 0, 1, 0, 0, 0, 0),
(121, 219, 222, 0, 1, 0, 0, 0, 0),
(122, 220, 223, 0, 1, 0, 0, 0, 0),
(123, 221, 224, 0, 1, 0, 0, 0, 0),
(124, 222, 225, 0, 1, 0, 0, 0, 0),
(125, 223, 226, 0, 1, 0, 0, 0, 0),
(126, 224, 227, 0, 1, 0, 0, 0, 0),
(127, 225, 228, 0, 1, 0, 0, 0, 0),
(128, 226, 229, 0, 1, 0, 0, 0, 0),
(129, 227, 230, 0, 1, 0, 0, 0, 0),
(130, 228, 231, 0, 1, 0, 0, 0, 0),
(131, 229, 232, 0, 1, 0, 0, 0, 0),
(132, 230, 233, 0, 1, 0, 0, 0, 0),
(133, 231, 234, 0, 1, 0, 0, 0, 0),
(134, 232, 235, 0, 1, 0, 0, 0, 0),
(135, 233, 236, 0, 1, 0, 0, 0, 0),
(136, 234, 237, 0, 1, 0, 0, 0, 0),
(137, 235, 238, 0, 1, 0, 0, 0, 0),
(138, 236, 239, 0, 1, 0, 0, 0, 0),
(139, 237, 240, 0, 1, 0, 0, 0, 0),
(140, 238, 241, 0, 1, 0, 0, 0, 0),
(141, 239, 242, 0, 1, 0, 0, 0, 0),
(142, 240, 243, 0, 1, 0, 0, 0, 0),
(143, 241, 244, 0, 1, 0, 0, 0, 0),
(144, 242, 245, 0, 1, 0, 0, 0, 0),
(145, 243, 246, 0, 1, 0, 0, 0, 0),
(146, 244, 247, 0, 1, 0, 0, 0, 0),
(147, 245, 248, 0, 1, 0, 0, 0, 0),
(148, 246, 249, 0, 1, 0, 0, 0, 0),
(149, 247, 250, 0, 1, 0, 0, 0, 0),
(150, 248, 251, 0, 1, 0, 0, 0, 0),
(151, 249, 252, 0, 1, 0, 0, 0, 0),
(152, 250, 253, 0, 1, 0, 0, 0, 0),
(153, 251, 254, 0, 1, 0, 0, 0, 0),
(154, 252, 255, 0, 1, 0, 0, 0, 0),
(155, 253, 256, 0, 1, 0, 0, 0, 0),
(156, 254, 257, 0, 1, 0, 0, 0, 0),
(157, 255, 258, 0, 1, 0, 0, 0, 0),
(158, 256, 259, 0, 1, 0, 0, 0, 0),
(159, 257, 260, 0, 1, 0, 0, 0, 0),
(160, 258, 261, 0, 1, 0, 0, 0, 0),
(161, 259, 262, 0, 1, 0, 0, 0, 0),
(162, 260, 263, 0, 1, 0, 0, 0, 0),
(163, 261, 264, 0, 1, 0, 0, 0, 0),
(164, 262, 265, 0, 1, 0, 0, 0, 0),
(165, 263, 266, 0, 1, 0, 0, 0, 0),
(166, 264, 267, 0, 1, 0, 0, 0, 0),
(167, 265, 268, 0, 1, 0, 0, 0, 0),
(168, 266, 269, 0, 1, 0, 0, 0, 0),
(169, 267, 270, 0, 1, 0, 0, 0, 0),
(170, 268, 271, 0, 1, 0, 0, 0, 0),
(171, 269, 272, 0, 1, 0, 0, 0, 0),
(172, 270, 273, 0, 1, 0, 0, 0, 0),
(173, 271, 274, 0, 1, 0, 0, 0, 0),
(174, 272, 275, 0, 1, 0, 0, 0, 0),
(175, 273, 276, 0, 1, 0, 0, 0, 0),
(176, 274, 277, 0, 1, 0, 0, 0, 0),
(177, 275, 278, 0, 1, 0, 0, 0, 0),
(178, 276, 279, 0, 1, 0, 0, 0, 0),
(179, 277, 280, 0, 1, 0, 0, 0, 0),
(180, 278, 281, 0, 1, 0, 0, 0, 0),
(181, 279, 282, 0, 1, 0, 0, 0, 0),
(182, 280, 283, 0, 1, 0, 0, 0, 0),
(183, 281, 284, 0, 1, 0, 0, 0, 0),
(184, 282, 285, 0, 1, 0, 0, 0, 0),
(185, 283, 286, 0, 1, 0, 0, 0, 0),
(186, 284, 287, 0, 1, 0, 0, 0, 0),
(187, 285, 289, 0, 1, 0, 0, 0, 0),
(188, 286, 288, 0, 1, 0, 0, 0, 0),
(189, 287, 290, 0, 1, 0, 0, 0, 0),
(190, 288, 294, 0, 1, 0, 0, 0, 0),
(191, 304, 306, 0, 1, 0, 0, 0, 0),
(192, 305, 308, 0, 1, 0, 0, 0, 0),
(193, 306, 309, 0, 1, 0, 0, 0, 0),
(194, 307, 310, 0, 1, 0, 0, 0, 0),
(195, 308, 311, 0, 1, 0, 0, 0, 0),
(196, 309, 312, 0, 1, 0, 0, 0, 0),
(197, 310, 313, 0, 1, 0, 0, 0, 0),
(198, 311, 314, 0, 1, 0, 0, 0, 0),
(199, 312, 315, 0, 1, 0, 0, 0, 0),
(200, 313, 316, 0, 1, 0, 0, 0, 0),
(201, 314, 317, 0, 1, 0, 0, 0, 0),
(202, 315, 318, 0, 1, 0, 0, 0, 0),
(203, 316, 319, 0, 1, 0, 0, 0, 0),
(204, 317, 320, 0, 1, 0, 0, 0, 0),
(205, 318, 321, 0, 1, 0, 0, 0, 0),
(206, 319, 322, 0, 1, 0, 0, 0, 0),
(207, 320, 323, 0, 1, 0, 0, 0, 0),
(208, 321, 324, 0, 1, 0, 0, 0, 0),
(209, 322, 325, 0, 1, 0, 0, 0, 0),
(210, 323, 326, 0, 1, 0, 0, 0, 0),
(211, 324, 327, 0, 1, 0, 0, 0, 0),
(212, 325, 328, 0, 1, 0, 0, 0, 0),
(213, 326, 329, 0, 1, 0, 0, 0, 0),
(214, 327, 331, 0, 1, 0, 0, 0, 0),
(215, 328, 330, 0, 1, 0, 0, 0, 0),
(216, 329, 332, 0, 1, 0, 0, 0, 0),
(217, 330, 334, 0, 1, 0, 0, 0, 0),
(218, 346, 349, 0, 1, 0, 0, 0, 0),
(219, 347, 350, 0, 1, 0, 0, 0, 0),
(220, 348, 352, 0, 1, 0, 0, 0, 0),
(221, 349, 351, 0, 1, 0, 0, 0, 0),
(222, 350, 353, 0, 1, 0, 0, 0, 0),
(223, 351, 357, 0, 1, 0, 0, 0, 0),
(224, 382, 385, 0, 1, 0, 0, 0, 0),
(225, 383, 386, 0, 1, 0, 0, 0, 0),
(226, 384, 387, 0, 1, 0, 0, 0, 0),
(227, 385, 388, 0, 1, 0, 0, 0, 0),
(228, 386, 389, 0, 1, 0, 0, 0, 0),
(229, 387, 391, 0, 1, 0, 0, 0, 0),
(230, 388, 390, 0, 1, 0, 0, 0, 0),
(231, 389, 392, 0, 1, 0, 0, 0, 0),
(232, 390, 396, 0, 1, 0, 0, 0, 0),
(233, 415, 418, 0, 1, 0, 0, 0, 0),
(234, 416, 419, 0, 1, 0, 0, 0, 0),
(235, 417, 420, 0, 1, 0, 0, 0, 0),
(236, 418, 421, 0, 1, 0, 0, 0, 0),
(237, 419, 422, 0, 1, 0, 0, 0, 0),
(238, 420, 423, 0, 1, 0, 0, 0, 0),
(239, 421, 424, 0, 1, 0, 0, 0, 0),
(240, 422, 425, 0, 1, 0, 0, 0, 0),
(241, 423, 426, 0, 1, 0, 0, 0, 0),
(242, 424, 427, 0, 1, 0, 0, 0, 0),
(243, 425, 428, 0, 1, 0, 0, 0, 0),
(244, 426, 429, 0, 1, 0, 0, 0, 0),
(245, 427, 430, 0, 1, 0, 0, 0, 0),
(246, 428, 431, 0, 1, 0, 0, 0, 0),
(247, 429, 433, 0, 1, 0, 0, 0, 0),
(248, 430, 432, 0, 1, 0, 0, 0, 0),
(249, 431, 434, 0, 1, 0, 0, 0, 0),
(250, 432, 439, 0, 1, 0, 0, 0, 0),
(251, 445, 446, 0, 0, 0, 0, 0, 1),
(252, 446, 447, 0, 0, 0, 0, 0, 1),
(253, 447, 448, 0, 0, 0, 0, 0, 1),
(254, 448, 449, 0, 0, 0, 0, 0, 1),
(255, 449, 450, 0, 0, 0, 0, 0, 1),
(256, 450, 451, 0, 0, 0, 0, 0, 1),
(257, 451, 452, 0, 0, 0, 0, 0, 1),
(258, 452, 453, 0, 0, 0, 0, 0, 1),
(259, 453, 454, 0, 0, 0, 0, 0, 1),
(260, 454, 455, 0, 0, 0, 0, 0, 1),
(261, 455, 456, 0, 0, 0, 0, 0, 1),
(262, 456, 457, 0, 0, 0, 0, 0, 1),
(263, 457, 458, 0, 0, 0, 0, 0, 1),
(264, 458, 459, 0, 0, 0, 0, 0, 1),
(265, 459, 460, 0, 0, 0, 0, 0, 1),
(266, 460, 461, 0, 0, 0, 0, 0, 1),
(267, 461, 462, 0, 0, 0, 0, 0, 1),
(268, 462, 2, 1, 0, 0, 0, 0, 0),
(269, 462, 5, 0, 1, 0, 0, 0, 0),
(270, 463, 466, 0, 1, 0, 0, 0, 0),
(271, 464, 467, 0, 1, 0, 0, 0, 0),
(272, 465, 468, 0, 1, 0, 0, 0, 0),
(273, 466, 469, 0, 1, 0, 0, 0, 0),
(274, 467, 470, 0, 1, 0, 0, 0, 0),
(275, 468, 471, 0, 1, 0, 0, 0, 0),
(276, 469, 472, 0, 1, 0, 0, 0, 0),
(277, 470, 473, 0, 1, 0, 0, 0, 0),
(278, 471, 474, 0, 1, 0, 0, 0, 0),
(279, 472, 475, 0, 1, 0, 0, 0, 0),
(280, 473, 476, 0, 1, 0, 0, 0, 0),
(281, 474, 477, 0, 1, 0, 0, 0, 0),
(282, 475, 478, 0, 1, 0, 0, 0, 0),
(283, 476, 479, 0, 1, 0, 0, 0, 0),
(284, 477, 480, 0, 1, 0, 0, 0, 0),
(285, 478, 481, 0, 1, 0, 0, 0, 0),
(286, 479, 482, 0, 1, 0, 0, 0, 0),
(287, 480, 483, 0, 1, 0, 0, 0, 0),
(288, 481, 484, 0, 1, 0, 0, 0, 0),
(289, 482, 485, 0, 1, 0, 0, 0, 0),
(290, 483, 486, 0, 1, 0, 0, 0, 0),
(291, 484, 487, 0, 1, 0, 0, 0, 0),
(292, 485, 488, 0, 1, 0, 0, 0, 0),
(293, 486, 489, 0, 1, 0, 0, 0, 0),
(294, 487, 490, 0, 1, 0, 0, 0, 0),
(295, 488, 491, 0, 1, 0, 0, 0, 0),
(296, 489, 492, 0, 1, 0, 0, 0, 0),
(297, 490, 493, 0, 1, 0, 0, 0, 0),
(298, 491, 494, 0, 1, 0, 0, 0, 0),
(299, 492, 495, 0, 1, 0, 0, 0, 0),
(300, 493, 496, 0, 1, 0, 0, 0, 0),
(301, 494, 497, 0, 1, 0, 0, 0, 0),
(302, 495, 498, 0, 1, 0, 0, 0, 0),
(303, 496, 499, 0, 1, 0, 0, 0, 0),
(304, 497, 500, 0, 1, 0, 0, 0, 0),
(305, 498, 501, 0, 1, 0, 0, 0, 0),
(306, 499, 502, 0, 1, 0, 0, 0, 0),
(307, 500, 503, 0, 1, 0, 0, 0, 0),
(308, 501, 504, 0, 1, 0, 0, 0, 0),
(309, 502, 505, 0, 1, 0, 0, 0, 0),
(310, 503, 506, 0, 1, 0, 0, 0, 0),
(311, 504, 507, 0, 1, 0, 0, 0, 0),
(312, 505, 508, 0, 1, 0, 0, 0, 0),
(313, 506, 509, 0, 1, 0, 0, 0, 0),
(314, 507, 510, 0, 1, 0, 0, 0, 0),
(315, 508, 511, 0, 1, 0, 0, 0, 0),
(316, 509, 512, 0, 1, 0, 0, 0, 0),
(317, 510, 513, 0, 1, 0, 0, 0, 0),
(318, 511, 514, 0, 1, 0, 0, 0, 0),
(319, 512, 515, 0, 1, 0, 0, 0, 0),
(320, 513, 1, 0, 1, 0, 0, 0, 0),
(321, 514, 2, 0, 1, 0, 0, 0, 0),
(322, 515, 3, 0, 1, 0, 0, 0, 0),
(323, 2, 3, 1, 0, 0, 0, 0, 0),
(324, 3, 4, 1, 0, 0, 0, 0, 0),
(325, 5, 6, 1, 0, 0, 0, 0, 0),
(326, 6, 7, 1, 0, 0, 0, 0, 0),
(327, 8, 9, 1, 0, 0, 0, 0, 0),
(328, 9, 10, 1, 0, 0, 0, 0, 0),
(329, 11, 12, 1, 0, 0, 0, 0, 0),
(330, 29, 30, 1, 0, 0, 0, 0, 0),
(331, 30, 32, 1, 0, 0, 0, 0, 0),
(332, 31, 33, 1, 0, 0, 0, 0, 0),
(333, 33, 35, 1, 0, 0, 0, 0, 0),
(334, 34, 36, 1, 0, 0, 0, 0, 0),
(335, 36, 38, 1, 0, 0, 0, 0, 0),
(336, 37, 39, 1, 0, 0, 0, 0, 0),
(337, 39, 41, 1, 0, 0, 0, 0, 0),
(338, 40, 42, 1, 0, 0, 0, 0, 0),
(339, 42, 44, 1, 0, 0, 0, 0, 0),
(340, 43, 45, 1, 0, 0, 0, 0, 0),
(341, 45, 47, 1, 0, 0, 0, 0, 0),
(342, 46, 48, 1, 0, 0, 0, 0, 0),
(343, 48, 50, 1, 0, 0, 0, 0, 0),
(344, 49, 51, 1, 0, 0, 0, 0, 0),
(345, 51, 53, 1, 0, 0, 0, 0, 0),
(346, 52, 54, 1, 0, 0, 0, 0, 0),
(347, 54, 56, 1, 0, 0, 0, 0, 0),
(348, 55, 57, 1, 0, 0, 0, 0, 0),
(349, 57, 59, 1, 0, 0, 0, 0, 0),
(350, 58, 60, 1, 0, 0, 0, 0, 0),
(351, 60, 62, 1, 0, 0, 0, 0, 0),
(352, 61, 63, 1, 0, 0, 0, 0, 0),
(353, 63, 65, 1, 0, 0, 0, 0, 0),
(354, 64, 66, 1, 0, 0, 0, 0, 0),
(355, 66, 68, 1, 0, 0, 0, 0, 0),
(356, 67, 69, 1, 0, 0, 0, 0, 0),
(357, 69, 71, 1, 0, 0, 0, 0, 0),
(358, 70, 72, 1, 0, 0, 0, 0, 0),
(359, 72, 74, 1, 0, 0, 0, 0, 0),
(360, 73, 75, 1, 0, 0, 0, 0, 0),
(361, 75, 77, 1, 0, 0, 0, 0, 0),
(362, 76, 78, 1, 0, 0, 0, 0, 0),
(363, 78, 80, 1, 0, 0, 0, 0, 0),
(364, 79, 81, 1, 0, 0, 0, 0, 0),
(365, 81, 82, 1, 0, 0, 0, 0, 0),
(366, 107, 108, 1, 0, 0, 0, 0, 0),
(367, 109, 110, 1, 0, 0, 0, 0, 0),
(368, 124, 125, 1, 0, 0, 0, 0, 0),
(369, 125, 126, 1, 0, 0, 0, 0, 0),
(370, 127, 128, 1, 0, 0, 0, 0, 0),
(371, 128, 129, 1, 0, 0, 0, 0, 0),
(372, 130, 131, 1, 0, 0, 0, 0, 0),
(373, 131, 132, 1, 0, 0, 0, 0, 0),
(374, 133, 134, 1, 0, 0, 0, 0, 0),
(375, 134, 135, 1, 0, 0, 0, 0, 0),
(376, 136, 137, 1, 0, 0, 0, 0, 0),
(377, 137, 138, 1, 0, 0, 0, 0, 0),
(378, 139, 140, 1, 0, 0, 0, 0, 0),
(379, 140, 141, 1, 0, 0, 0, 0, 0),
(380, 142, 143, 1, 0, 0, 0, 0, 0),
(381, 143, 144, 1, 0, 0, 0, 0, 0),
(382, 145, 146, 1, 0, 0, 0, 0, 0),
(383, 160, 161, 1, 0, 0, 0, 0, 0),
(384, 161, 163, 1, 0, 0, 0, 0, 0),
(385, 162, 164, 1, 0, 0, 0, 0, 0),
(386, 164, 166, 1, 0, 0, 0, 0, 0),
(387, 165, 167, 1, 0, 0, 0, 0, 0),
(388, 205, 206, 1, 0, 0, 0, 0, 0),
(389, 206, 208, 1, 0, 0, 0, 0, 0),
(390, 207, 209, 1, 0, 0, 0, 0, 0),
(391, 209, 211, 1, 0, 0, 0, 0, 0),
(392, 210, 212, 1, 0, 0, 0, 0, 0),
(393, 212, 214, 1, 0, 0, 0, 0, 0),
(394, 213, 215, 1, 0, 0, 0, 0, 0),
(395, 215, 217, 1, 0, 0, 0, 0, 0),
(396, 216, 218, 1, 0, 0, 0, 0, 0),
(397, 218, 220, 1, 0, 0, 0, 0, 0),
(398, 219, 221, 1, 0, 0, 0, 0, 0),
(399, 221, 223, 1, 0, 0, 0, 0, 0),
(400, 222, 224, 1, 0, 0, 0, 0, 0),
(401, 224, 226, 1, 0, 0, 0, 0, 0),
(402, 225, 227, 1, 0, 0, 0, 0, 0),
(403, 227, 229, 1, 0, 0, 0, 0, 0),
(404, 228, 230, 1, 0, 0, 0, 0, 0),
(405, 230, 232, 1, 0, 0, 0, 0, 0),
(406, 231, 233, 1, 0, 0, 0, 0, 0),
(407, 233, 235, 1, 0, 0, 0, 0, 0),
(408, 234, 236, 1, 0, 0, 0, 0, 0),
(409, 236, 238, 1, 0, 0, 0, 0, 0),
(410, 237, 239, 1, 0, 0, 0, 0, 0),
(411, 239, 241, 1, 0, 0, 0, 0, 0),
(412, 240, 242, 1, 0, 0, 0, 0, 0),
(413, 242, 244, 1, 0, 0, 0, 0, 0),
(414, 243, 245, 1, 0, 0, 0, 0, 0),
(415, 245, 247, 1, 0, 0, 0, 0, 0),
(416, 246, 248, 1, 0, 0, 0, 0, 0),
(417, 248, 250, 1, 0, 0, 0, 0, 0),
(418, 249, 251, 1, 0, 0, 0, 0, 0),
(419, 251, 253, 1, 0, 0, 0, 0, 0),
(420, 252, 254, 1, 0, 0, 0, 0, 0),
(421, 254, 256, 1, 0, 0, 0, 0, 0),
(422, 255, 257, 1, 0, 0, 0, 0, 0),
(423, 257, 259, 1, 0, 0, 0, 0, 0),
(424, 258, 260, 1, 0, 0, 0, 0, 0),
(425, 260, 262, 1, 0, 0, 0, 0, 0),
(426, 261, 263, 1, 0, 0, 0, 0, 0),
(427, 263, 265, 1, 0, 0, 0, 0, 0),
(428, 264, 266, 1, 0, 0, 0, 0, 0),
(429, 266, 268, 1, 0, 0, 0, 0, 0),
(430, 267, 269, 1, 0, 0, 0, 0, 0),
(431, 269, 271, 1, 0, 0, 0, 0, 0),
(432, 270, 272, 1, 0, 0, 0, 0, 0),
(433, 272, 274, 1, 0, 0, 0, 0, 0),
(434, 273, 275, 1, 0, 0, 0, 0, 0),
(435, 275, 277, 1, 0, 0, 0, 0, 0),
(436, 276, 278, 1, 0, 0, 0, 0, 0),
(437, 278, 280, 1, 0, 0, 0, 0, 0),
(438, 279, 281, 1, 0, 0, 0, 0, 0),
(439, 281, 283, 1, 0, 0, 0, 0, 0),
(440, 282, 284, 1, 0, 0, 0, 0, 0),
(441, 284, 286, 1, 0, 0, 0, 0, 0),
(442, 285, 287, 1, 0, 0, 0, 0, 0),
(443, 304, 305, 1, 0, 0, 0, 0, 0),
(444, 305, 307, 1, 0, 0, 0, 0, 0),
(445, 306, 308, 1, 0, 0, 0, 0, 0),
(446, 308, 310, 1, 0, 0, 0, 0, 0),
(447, 309, 311, 1, 0, 0, 0, 0, 0),
(448, 311, 313, 1, 0, 0, 0, 0, 0),
(449, 312, 314, 1, 0, 0, 0, 0, 0),
(450, 314, 316, 1, 0, 0, 0, 0, 0),
(451, 315, 317, 1, 0, 0, 0, 0, 0),
(452, 317, 319, 1, 0, 0, 0, 0, 0),
(453, 318, 320, 1, 0, 0, 0, 0, 0),
(454, 320, 322, 1, 0, 0, 0, 0, 0),
(455, 321, 323, 1, 0, 0, 0, 0, 0),
(456, 323, 325, 1, 0, 0, 0, 0, 0),
(457, 324, 326, 1, 0, 0, 0, 0, 0),
(458, 326, 328, 1, 0, 0, 0, 0, 0),
(459, 327, 329, 1, 0, 0, 0, 0, 0),
(460, 347, 349, 1, 0, 0, 0, 0, 0),
(461, 348, 350, 1, 0, 0, 0, 0, 0),
(462, 383, 385, 1, 0, 0, 0, 0, 0),
(463, 384, 386, 1, 0, 0, 0, 0, 0),
(464, 386, 388, 1, 0, 0, 0, 0, 0),
(465, 387, 389, 1, 0, 0, 0, 0, 0),
(466, 415, 416, 1, 0, 0, 0, 0, 0),
(467, 416, 417, 1, 0, 0, 0, 0, 0),
(468, 418, 419, 1, 0, 0, 0, 0, 0),
(469, 419, 420, 1, 0, 0, 0, 0, 0),
(470, 421, 422, 1, 0, 0, 0, 0, 0),
(471, 422, 423, 1, 0, 0, 0, 0, 0),
(472, 424, 425, 1, 0, 0, 0, 0, 0),
(473, 425, 426, 1, 0, 0, 0, 0, 0),
(474, 427, 428, 1, 0, 0, 0, 0, 0),
(475, 428, 429, 1, 0, 0, 0, 0, 0),
(476, 430, 431, 1, 0, 0, 0, 0, 0),
(477, 463, 464, 1, 0, 0, 0, 0, 0),
(478, 464, 465, 1, 0, 0, 0, 0, 0),
(479, 466, 467, 1, 0, 0, 0, 0, 0),
(480, 467, 468, 1, 0, 0, 0, 0, 0),
(481, 469, 470, 1, 0, 0, 0, 0, 0),
(482, 470, 471, 1, 0, 0, 0, 0, 0),
(483, 472, 473, 1, 0, 0, 0, 0, 0),
(484, 473, 474, 1, 0, 0, 0, 0, 0),
(485, 475, 476, 1, 0, 0, 0, 0, 0),
(486, 476, 477, 1, 0, 0, 0, 0, 0),
(487, 478, 479, 1, 0, 0, 0, 0, 0),
(488, 479, 480, 1, 0, 0, 0, 0, 0),
(489, 481, 482, 1, 0, 0, 0, 0, 0),
(490, 482, 483, 1, 0, 0, 0, 0, 0),
(491, 484, 485, 1, 0, 0, 0, 0, 0),
(492, 485, 486, 1, 0, 0, 0, 0, 0),
(493, 487, 488, 1, 0, 0, 0, 0, 0),
(494, 488, 489, 1, 0, 0, 0, 0, 0),
(495, 490, 491, 1, 0, 0, 0, 0, 0),
(496, 491, 492, 1, 0, 0, 0, 0, 0),
(497, 493, 494, 1, 0, 0, 0, 0, 0),
(498, 494, 495, 1, 0, 0, 0, 0, 0),
(499, 496, 497, 1, 0, 0, 0, 0, 0),
(500, 497, 498, 1, 0, 0, 0, 0, 0),
(501, 499, 500, 1, 0, 0, 0, 0, 0),
(502, 500, 501, 1, 0, 0, 0, 0, 0),
(503, 502, 503, 1, 0, 0, 0, 0, 0),
(504, 503, 504, 1, 0, 0, 0, 0, 0),
(505, 505, 506, 1, 0, 0, 0, 0, 0),
(506, 506, 507, 1, 0, 0, 0, 0, 0),
(507, 508, 509, 1, 0, 0, 0, 0, 0),
(508, 509, 510, 1, 0, 0, 0, 0, 0),
(509, 511, 512, 1, 0, 0, 0, 0, 0),
(510, 512, 513, 1, 0, 0, 0, 0, 0),
(511, 514, 515, 1, 0, 0, 0, 0, 0),
(512, 515, 1, 1, 0, 0, 0, 0, 0),
(513, 1, 3, 0, 0, 1, 0, 0, 0),
(514, 3, 5, 0, 0, 1, 0, 0, 0),
(515, 4, 6, 0, 0, 1, 0, 0, 0),
(516, 6, 8, 0, 0, 1, 0, 0, 0),
(517, 7, 9, 0, 0, 1, 0, 0, 0),
(518, 9, 11, 0, 0, 1, 0, 0, 0),
(519, 10, 12, 0, 0, 1, 0, 0, 0),
(520, 30, 31, 0, 0, 1, 0, 0, 0),
(521, 32, 33, 0, 0, 1, 0, 0, 0),
(522, 33, 34, 0, 0, 1, 0, 0, 0),
(523, 35, 36, 0, 0, 1, 0, 0, 0),
(524, 36, 37, 0, 0, 1, 0, 0, 0),
(525, 38, 39, 0, 0, 1, 0, 0, 0),
(526, 39, 40, 0, 0, 1, 0, 0, 0),
(527, 41, 42, 0, 0, 1, 0, 0, 0),
(528, 42, 43, 0, 0, 1, 0, 0, 0),
(529, 44, 45, 0, 0, 1, 0, 0, 0),
(530, 45, 46, 0, 0, 1, 0, 0, 0),
(531, 47, 48, 0, 0, 1, 0, 0, 0),
(532, 48, 49, 0, 0, 1, 0, 0, 0),
(533, 50, 51, 0, 0, 1, 0, 0, 0),
(534, 51, 52, 0, 0, 1, 0, 0, 0),
(535, 53, 54, 0, 0, 1, 0, 0, 0),
(536, 54, 55, 0, 0, 1, 0, 0, 0),
(537, 56, 57, 0, 0, 1, 0, 0, 0),
(538, 57, 58, 0, 0, 1, 0, 0, 0),
(539, 59, 60, 0, 0, 1, 0, 0, 0),
(540, 60, 61, 0, 0, 1, 0, 0, 0),
(541, 62, 63, 0, 0, 1, 0, 0, 0),
(542, 63, 64, 0, 0, 1, 0, 0, 0),
(543, 65, 66, 0, 0, 1, 0, 0, 0),
(544, 66, 67, 0, 0, 1, 0, 0, 0),
(545, 68, 69, 0, 0, 1, 0, 0, 0),
(546, 69, 70, 0, 0, 1, 0, 0, 0),
(547, 71, 72, 0, 0, 1, 0, 0, 0),
(548, 72, 73, 0, 0, 1, 0, 0, 0),
(549, 74, 75, 0, 0, 1, 0, 0, 0),
(550, 75, 76, 0, 0, 1, 0, 0, 0),
(551, 77, 78, 0, 0, 1, 0, 0, 0),
(552, 78, 79, 0, 0, 1, 0, 0, 0),
(553, 80, 81, 0, 0, 1, 0, 0, 0),
(554, 106, 107, 0, 0, 1, 0, 0, 0),
(555, 107, 109, 0, 0, 1, 0, 0, 0),
(556, 108, 110, 0, 0, 1, 0, 0, 0),
(557, 125, 127, 0, 0, 1, 0, 0, 0),
(558, 126, 128, 0, 0, 1, 0, 0, 0),
(559, 128, 130, 0, 0, 1, 0, 0, 0),
(560, 129, 131, 0, 0, 1, 0, 0, 0),
(561, 131, 133, 0, 0, 1, 0, 0, 0),
(562, 132, 134, 0, 0, 1, 0, 0, 0),
(563, 134, 136, 0, 0, 1, 0, 0, 0),
(564, 135, 137, 0, 0, 1, 0, 0, 0),
(565, 137, 139, 0, 0, 1, 0, 0, 0),
(566, 138, 140, 0, 0, 1, 0, 0, 0),
(567, 140, 142, 0, 0, 1, 0, 0, 0),
(568, 141, 143, 0, 0, 1, 0, 0, 0),
(569, 143, 145, 0, 0, 1, 0, 0, 0),
(570, 144, 146, 0, 0, 1, 0, 0, 0),
(571, 161, 162, 0, 0, 1, 0, 0, 0),
(572, 163, 164, 0, 0, 1, 0, 0, 0),
(573, 164, 165, 0, 0, 1, 0, 0, 0),
(574, 166, 167, 0, 0, 1, 0, 0, 0),
(575, 206, 207, 0, 0, 1, 0, 0, 0),
(576, 208, 209, 0, 0, 1, 0, 0, 0),
(577, 209, 210, 0, 0, 1, 0, 0, 0),
(578, 211, 212, 0, 0, 1, 0, 0, 0),
(579, 212, 213, 0, 0, 1, 0, 0, 0),
(580, 214, 215, 0, 0, 1, 0, 0, 0),
(581, 215, 216, 0, 0, 1, 0, 0, 0),
(582, 217, 218, 0, 0, 1, 0, 0, 0),
(583, 218, 219, 0, 0, 1, 0, 0, 0),
(584, 220, 221, 0, 0, 1, 0, 0, 0),
(585, 221, 222, 0, 0, 1, 0, 0, 0),
(586, 223, 224, 0, 0, 1, 0, 0, 0),
(587, 224, 225, 0, 0, 1, 0, 0, 0),
(588, 226, 227, 0, 0, 1, 0, 0, 0),
(589, 227, 228, 0, 0, 1, 0, 0, 0),
(590, 229, 230, 0, 0, 1, 0, 0, 0),
(591, 230, 231, 0, 0, 1, 0, 0, 0),
(592, 232, 233, 0, 0, 1, 0, 0, 0),
(593, 233, 234, 0, 0, 1, 0, 0, 0),
(594, 235, 236, 0, 0, 1, 0, 0, 0),
(595, 236, 237, 0, 0, 1, 0, 0, 0),
(596, 238, 239, 0, 0, 1, 0, 0, 0),
(597, 239, 240, 0, 0, 1, 0, 0, 0),
(598, 241, 242, 0, 0, 1, 0, 0, 0),
(599, 242, 243, 0, 0, 1, 0, 0, 0),
(600, 244, 245, 0, 0, 1, 0, 0, 0),
(601, 245, 246, 0, 0, 1, 0, 0, 0),
(602, 247, 248, 0, 0, 1, 0, 0, 0),
(603, 248, 249, 0, 0, 1, 0, 0, 0),
(604, 250, 251, 0, 0, 1, 0, 0, 0),
(605, 251, 252, 0, 0, 1, 0, 0, 0),
(606, 253, 254, 0, 0, 1, 0, 0, 0),
(607, 254, 255, 0, 0, 1, 0, 0, 0),
(608, 256, 257, 0, 0, 1, 0, 0, 0),
(609, 257, 258, 0, 0, 1, 0, 0, 0),
(610, 259, 260, 0, 0, 1, 0, 0, 0),
(611, 260, 261, 0, 0, 1, 0, 0, 0),
(612, 262, 263, 0, 0, 1, 0, 0, 0),
(613, 263, 264, 0, 0, 1, 0, 0, 0),
(614, 265, 266, 0, 0, 1, 0, 0, 0),
(615, 266, 267, 0, 0, 1, 0, 0, 0),
(616, 268, 269, 0, 0, 1, 0, 0, 0),
(617, 269, 270, 0, 0, 1, 0, 0, 0),
(618, 271, 272, 0, 0, 1, 0, 0, 0),
(619, 272, 273, 0, 0, 1, 0, 0, 0),
(620, 274, 275, 0, 0, 1, 0, 0, 0),
(621, 275, 276, 0, 0, 1, 0, 0, 0),
(622, 277, 278, 0, 0, 1, 0, 0, 0),
(623, 278, 279, 0, 0, 1, 0, 0, 0),
(624, 280, 281, 0, 0, 1, 0, 0, 0),
(625, 281, 282, 0, 0, 1, 0, 0, 0),
(626, 283, 284, 0, 0, 1, 0, 0, 0),
(627, 284, 285, 0, 0, 1, 0, 0, 0),
(628, 286, 287, 0, 0, 1, 0, 0, 0),
(629, 305, 306, 0, 0, 1, 0, 0, 0),
(630, 307, 308, 0, 0, 1, 0, 0, 0),
(631, 308, 309, 0, 0, 1, 0, 0, 0),
(632, 310, 311, 0, 0, 1, 0, 0, 0),
(633, 311, 312, 0, 0, 1, 0, 0, 0),
(634, 313, 314, 0, 0, 1, 0, 0, 0),
(635, 314, 315, 0, 0, 1, 0, 0, 0),
(636, 316, 317, 0, 0, 1, 0, 0, 0),
(637, 317, 318, 0, 0, 1, 0, 0, 0),
(638, 319, 320, 0, 0, 1, 0, 0, 0),
(639, 320, 321, 0, 0, 1, 0, 0, 0),
(640, 322, 323, 0, 0, 1, 0, 0, 0),
(641, 323, 324, 0, 0, 1, 0, 0, 0),
(642, 325, 326, 0, 0, 1, 0, 0, 0),
(643, 326, 327, 0, 0, 1, 0, 0, 0),
(644, 328, 329, 0, 0, 1, 0, 0, 0),
(645, 346, 347, 0, 0, 1, 0, 0, 0),
(646, 347, 348, 0, 0, 1, 0, 0, 0),
(647, 349, 350, 0, 0, 1, 0, 0, 0),
(648, 382, 383, 0, 0, 1, 0, 0, 0),
(649, 383, 384, 0, 0, 1, 0, 0, 0),
(650, 385, 386, 0, 0, 1, 0, 0, 0),
(651, 386, 387, 0, 0, 1, 0, 0, 0),
(652, 388, 389, 0, 0, 1, 0, 0, 0),
(653, 416, 418, 0, 0, 1, 0, 0, 0),
(654, 417, 419, 0, 0, 1, 0, 0, 0),
(655, 419, 421, 0, 0, 1, 0, 0, 0),
(656, 420, 422, 0, 0, 1, 0, 0, 0),
(657, 422, 424, 0, 0, 1, 0, 0, 0),
(658, 423, 425, 0, 0, 1, 0, 0, 0),
(659, 425, 427, 0, 0, 1, 0, 0, 0),
(660, 426, 428, 0, 0, 1, 0, 0, 0),
(661, 428, 430, 0, 0, 1, 0, 0, 0),
(662, 429, 431, 0, 0, 1, 0, 0, 0),
(663, 463, 445, 0, 0, 0, 0, 0, 1),
(664, 464, 466, 0, 0, 1, 0, 0, 0),
(665, 465, 467, 0, 0, 1, 0, 0, 0),
(666, 466, 445, 0, 0, 0, 0, 0, 1),
(667, 467, 469, 0, 0, 1, 0, 0, 0),
(668, 468, 470, 0, 0, 1, 0, 0, 0),
(669, 470, 472, 0, 0, 1, 0, 0, 0),
(670, 471, 473, 0, 0, 1, 0, 0, 0),
(671, 473, 475, 0, 0, 1, 0, 0, 0),
(672, 474, 476, 0, 0, 1, 0, 0, 0),
(673, 476, 478, 0, 0, 1, 0, 0, 0),
(674, 477, 479, 0, 0, 1, 0, 0, 0),
(675, 479, 481, 0, 0, 1, 0, 0, 0),
(676, 480, 482, 0, 0, 1, 0, 0, 0),
(677, 482, 484, 0, 0, 1, 0, 0, 0),
(678, 483, 485, 0, 0, 1, 0, 0, 0),
(679, 485, 487, 0, 0, 1, 0, 0, 0),
(680, 486, 488, 0, 0, 1, 0, 0, 0),
(681, 488, 490, 0, 0, 1, 0, 0, 0),
(682, 489, 491, 0, 0, 1, 0, 0, 0),
(683, 491, 493, 0, 0, 1, 0, 0, 0),
(684, 492, 494, 0, 0, 1, 0, 0, 0),
(685, 494, 496, 0, 0, 1, 0, 0, 0),
(686, 495, 497, 0, 0, 1, 0, 0, 0),
(687, 497, 499, 0, 0, 1, 0, 0, 0),
(688, 498, 500, 0, 0, 1, 0, 0, 0),
(689, 500, 502, 0, 0, 1, 0, 0, 0),
(690, 501, 503, 0, 0, 1, 0, 0, 0),
(691, 503, 505, 0, 0, 1, 0, 0, 0),
(692, 504, 506, 0, 0, 1, 0, 0, 0),
(693, 506, 508, 0, 0, 1, 0, 0, 0),
(694, 507, 509, 0, 0, 1, 0, 0, 0),
(695, 509, 511, 0, 0, 1, 0, 0, 0),
(696, 510, 512, 0, 0, 1, 0, 0, 0),
(697, 512, 514, 0, 0, 1, 0, 0, 0),
(698, 513, 515, 0, 0, 1, 0, 0, 0),
(699, 515, 2, 0, 0, 1, 0, 0, 0),
(700, 14, 15, 0, 0, 0, 1, 0, 0),
(701, 14, 16, 0, 0, 0, 1, 0, 0),
(702, 15, 17, 0, 0, 0, 1, 0, 0),
(703, 15, 18, 0, 0, 0, 1, 0, 0),
(704, 16, 18, 0, 0, 0, 1, 0, 0),
(705, 16, 19, 0, 0, 0, 1, 0, 0),
(706, 17, 22, 0, 0, 0, 1, 0, 0),
(707, 18, 21, 0, 0, 0, 1, 0, 0),
(708, 18, 22, 0, 0, 0, 1, 0, 0),
(709, 19, 20, 0, 0, 0, 1, 0, 0),
(710, 19, 21, 0, 0, 0, 1, 0, 0),
(711, 20, 23, 0, 0, 0, 1, 0, 0),
(712, 21, 24, 0, 0, 0, 1, 0, 0),
(713, 22, 26, 0, 0, 0, 1, 0, 0),
(714, 23, 24, 0, 0, 0, 1, 0, 0),
(715, 23, 25, 0, 0, 0, 1, 0, 0),
(716, 24, 26, 0, 0, 0, 1, 0, 0),
(717, 24, 27, 0, 0, 0, 1, 0, 0),
(718, 25, 27, 0, 0, 0, 1, 0, 0),
(719, 25, 28, 0, 0, 0, 1, 0, 0),
(720, 26, 29, 0, 0, 0, 1, 0, 0),
(721, 27, 29, 0, 0, 0, 1, 0, 0),
(722, 27, 30, 0, 0, 0, 1, 0, 0),
(723, 28, 30, 0, 0, 0, 1, 0, 0),
(724, 28, 32, 0, 0, 0, 1, 0, 0),
(725, 83, 84, 0, 0, 0, 1, 0, 0),
(726, 83, 85, 0, 0, 0, 1, 0, 0),
(727, 84, 86, 0, 0, 0, 1, 0, 0),
(728, 84, 88, 0, 0, 0, 1, 0, 0),
(729, 85, 86, 0, 0, 0, 1, 0, 0),
(730, 85, 87, 0, 0, 0, 1, 0, 0),
(731, 86, 89, 0, 0, 0, 1, 0, 0),
(732, 87, 89, 0, 0, 0, 1, 0, 0),
(733, 87, 90, 0, 0, 0, 1, 0, 0),
(734, 88, 91, 0, 0, 0, 1, 0, 0),
(735, 89, 91, 0, 0, 0, 1, 0, 0),
(736, 89, 93, 0, 0, 0, 1, 0, 0),
(737, 90, 92, 0, 0, 0, 1, 0, 0),
(738, 90, 93, 0, 0, 0, 1, 0, 0),
(739, 91, 95, 0, 0, 0, 1, 0, 0),
(740, 92, 94, 0, 0, 0, 1, 0, 0),
(741, 93, 95, 0, 0, 0, 1, 0, 0),
(742, 93, 96, 0, 0, 0, 1, 0, 0),
(743, 94, 96, 0, 0, 0, 1, 0, 0),
(744, 94, 97, 0, 0, 0, 1, 0, 0),
(745, 95, 99, 0, 0, 0, 1, 0, 0),
(746, 96, 98, 0, 0, 0, 1, 0, 0),
(747, 96, 99, 0, 0, 0, 1, 0, 0),
(748, 97, 98, 0, 0, 0, 1, 0, 0),
(749, 97, 100, 0, 0, 0, 1, 0, 0),
(750, 98, 101, 0, 0, 0, 1, 0, 0),
(751, 99, 103, 0, 0, 0, 1, 0, 0),
(752, 100, 101, 0, 0, 0, 1, 0, 0),
(753, 100, 102, 0, 0, 0, 1, 0, 0),
(754, 101, 103, 0, 0, 0, 1, 0, 0),
(755, 101, 104, 0, 0, 0, 1, 0, 0),
(756, 102, 104, 0, 0, 0, 1, 0, 0),
(757, 102, 105, 0, 0, 0, 1, 0, 0),
(758, 103, 106, 0, 0, 0, 1, 0, 0),
(759, 104, 106, 0, 0, 0, 1, 0, 0),
(760, 104, 107, 0, 0, 0, 1, 0, 0),
(761, 105, 107, 0, 0, 0, 1, 0, 0),
(762, 105, 109, 0, 0, 0, 1, 0, 0),
(763, 112, 113, 0, 0, 0, 1, 0, 0),
(764, 112, 114, 0, 0, 0, 1, 0, 0),
(765, 113, 115, 0, 0, 0, 1, 0, 0),
(766, 113, 116, 0, 0, 0, 1, 0, 0),
(767, 114, 116, 0, 0, 0, 1, 0, 0),
(768, 114, 117, 0, 0, 0, 1, 0, 0),
(769, 115, 121, 0, 0, 0, 1, 0, 0),
(770, 116, 119, 0, 0, 0, 1, 0, 0),
(771, 116, 121, 0, 0, 0, 1, 0, 0),
(772, 117, 118, 0, 0, 0, 1, 0, 0),
(773, 117, 119, 0, 0, 0, 1, 0, 0),
(774, 118, 120, 0, 0, 0, 1, 0, 0),
(775, 119, 122, 0, 0, 0, 1, 0, 0),
(776, 120, 122, 0, 0, 0, 1, 0, 0),
(777, 120, 123, 0, 0, 0, 1, 0, 0),
(778, 121, 124, 0, 0, 0, 1, 0, 0),
(779, 122, 124, 0, 0, 0, 1, 0, 0),
(780, 122, 125, 0, 0, 0, 1, 0, 0),
(781, 123, 125, 0, 0, 0, 1, 0, 0),
(782, 123, 126, 0, 0, 0, 1, 0, 0),
(783, 148, 149, 0, 0, 0, 1, 0, 0),
(784, 148, 150, 0, 0, 0, 1, 0, 0),
(785, 149, 151, 0, 0, 0, 1, 0, 0),
(786, 149, 153, 0, 0, 0, 1, 0, 0),
(787, 150, 151, 0, 0, 0, 1, 0, 0),
(788, 150, 152, 0, 0, 0, 1, 0, 0),
(789, 151, 155, 0, 0, 0, 1, 0, 0),
(790, 152, 154, 0, 0, 0, 1, 0, 0),
(791, 152, 155, 0, 0, 0, 1, 0, 0),
(792, 153, 157, 0, 0, 0, 1, 0, 0),
(793, 154, 156, 0, 0, 0, 1, 0, 0),
(794, 155, 157, 0, 0, 0, 1, 0, 0),
(795, 155, 158, 0, 0, 0, 1, 0, 0),
(796, 156, 158, 0, 0, 0, 1, 0, 0),
(797, 156, 159, 0, 0, 0, 1, 0, 0),
(798, 157, 160, 0, 0, 0, 1, 0, 0),
(799, 158, 160, 0, 0, 0, 1, 0, 0),
(800, 158, 161, 0, 0, 0, 1, 0, 0),
(801, 159, 161, 0, 0, 0, 1, 0, 0),
(802, 159, 163, 0, 0, 0, 1, 0, 0),
(803, 169, 170, 0, 0, 0, 1, 0, 0),
(804, 169, 171, 0, 0, 0, 1, 0, 0),
(805, 170, 173, 0, 0, 0, 1, 0, 0),
(806, 170, 178, 0, 0, 0, 1, 0, 0),
(807, 171, 172, 0, 0, 0, 1, 0, 0),
(808, 171, 173, 0, 0, 0, 1, 0, 0),
(809, 172, 174, 0, 0, 0, 1, 0, 0),
(810, 173, 176, 0, 0, 0, 1, 0, 0),
(811, 174, 175, 0, 0, 0, 1, 0, 0),
(812, 174, 176, 0, 0, 0, 1, 0, 0),
(813, 175, 177, 0, 0, 0, 1, 0, 0),
(814, 176, 179, 0, 0, 0, 1, 0, 0),
(815, 177, 179, 0, 0, 0, 1, 0, 0),
(816, 177, 181, 0, 0, 0, 1, 0, 0),
(817, 178, 180, 0, 0, 0, 1, 0, 0),
(818, 179, 180, 0, 0, 0, 1, 0, 0),
(819, 179, 182, 0, 0, 0, 1, 0, 0),
(820, 180, 182, 0, 0, 0, 1, 0, 0),
(821, 180, 183, 0, 0, 0, 1, 0, 0),
(822, 181, 182, 0, 0, 0, 1, 0, 0),
(823, 181, 184, 0, 0, 0, 1, 0, 0),
(824, 182, 184, 0, 0, 0, 1, 0, 0),
(825, 182, 185, 0, 0, 0, 1, 0, 0),
(826, 183, 185, 0, 0, 0, 1, 0, 0),
(827, 183, 186, 0, 0, 0, 1, 0, 0),
(828, 184, 190, 0, 0, 0, 1, 0, 0),
(829, 185, 188, 0, 0, 0, 1, 0, 0),
(830, 185, 190, 0, 0, 0, 1, 0, 0),
(831, 186, 187, 0, 0, 0, 1, 0, 0),
(832, 186, 188, 0, 0, 0, 1, 0, 0),
(833, 187, 189, 0, 0, 0, 1, 0, 0),
(834, 188, 191, 0, 0, 0, 1, 0, 0),
(835, 189, 191, 0, 0, 0, 1, 0, 0),
(836, 189, 192, 0, 0, 0, 1, 0, 0),
(837, 190, 193, 0, 0, 0, 1, 0, 0),
(838, 191, 193, 0, 0, 0, 1, 0, 0),
(839, 191, 194, 0, 0, 0, 1, 0, 0),
(840, 192, 194, 0, 0, 0, 1, 0, 0),
(841, 192, 195, 0, 0, 0, 1, 0, 0),
(842, 193, 196, 0, 0, 0, 1, 0, 0),
(843, 194, 196, 0, 0, 0, 1, 0, 0),
(844, 194, 197, 0, 0, 0, 1, 0, 0),
(845, 195, 197, 0, 0, 0, 1, 0, 0),
(846, 195, 198, 0, 0, 0, 1, 0, 0),
(847, 196, 202, 0, 0, 0, 1, 0, 0),
(848, 197, 200, 0, 0, 0, 1, 0, 0),
(849, 197, 202, 0, 0, 0, 1, 0, 0),
(850, 198, 199, 0, 0, 0, 1, 0, 0),
(851, 198, 200, 0, 0, 0, 1, 0, 0),
(852, 199, 201, 0, 0, 0, 1, 0, 0),
(853, 200, 203, 0, 0, 0, 1, 0, 0),
(854, 201, 203, 0, 0, 0, 1, 0, 0),
(855, 201, 204, 0, 0, 0, 1, 0, 0),
(856, 202, 205, 0, 0, 0, 1, 0, 0),
(857, 203, 205, 0, 0, 0, 1, 0, 0),
(858, 203, 206, 0, 0, 0, 1, 0, 0),
(859, 204, 206, 0, 0, 0, 1, 0, 0),
(860, 204, 208, 0, 0, 0, 1, 0, 0),
(861, 289, 290, 0, 0, 0, 1, 0, 0),
(862, 289, 291, 0, 0, 0, 1, 0, 0),
(863, 290, 293, 0, 0, 0, 1, 0, 0),
(864, 290, 294, 0, 0, 0, 1, 0, 0),
(865, 291, 292, 0, 0, 0, 1, 0, 0),
(866, 291, 293, 0, 0, 0, 1, 0, 0),
(867, 292, 296, 0, 0, 0, 1, 0, 0),
(868, 293, 296, 0, 0, 0, 1, 0, 0),
(869, 293, 297, 0, 0, 0, 1, 0, 0),
(870, 294, 295, 0, 0, 0, 1, 0, 0),
(871, 294, 297, 0, 0, 0, 1, 0, 0),
(872, 295, 298, 0, 0, 0, 1, 0, 0),
(873, 296, 301, 0, 0, 0, 1, 0, 0),
(874, 297, 299, 0, 0, 0, 1, 0, 0),
(875, 297, 301, 0, 0, 0, 1, 0, 0),
(876, 298, 299, 0, 0, 0, 1, 0, 0),
(877, 298, 300, 0, 0, 0, 1, 0, 0),
(878, 299, 302, 0, 0, 0, 1, 0, 0),
(879, 300, 302, 0, 0, 0, 1, 0, 0),
(880, 300, 303, 0, 0, 0, 1, 0, 0),
(881, 301, 304, 0, 0, 0, 1, 0, 0),
(882, 302, 304, 0, 0, 0, 1, 0, 0),
(883, 302, 305, 0, 0, 0, 1, 0, 0),
(884, 303, 305, 0, 0, 0, 1, 0, 0),
(885, 303, 307, 0, 0, 0, 1, 0, 0),
(886, 331, 332, 0, 0, 0, 1, 0, 0),
(887, 331, 333, 0, 0, 0, 1, 0, 0),
(888, 332, 334, 0, 0, 0, 1, 0, 0),
(889, 332, 335, 0, 0, 0, 1, 0, 0),
(890, 333, 335, 0, 0, 0, 1, 0, 0),
(891, 333, 336, 0, 0, 0, 1, 0, 0),
(892, 334, 339, 0, 0, 0, 1, 0, 0),
(893, 335, 338, 0, 0, 0, 1, 0, 0),
(894, 335, 339, 0, 0, 0, 1, 0, 0),
(895, 336, 337, 0, 0, 0, 1, 0, 0),
(896, 336, 338, 0, 0, 0, 1, 0, 0),
(897, 337, 340, 0, 0, 0, 1, 0, 0),
(898, 338, 341, 0, 0, 0, 1, 0, 0),
(899, 339, 343, 0, 0, 0, 1, 0, 0),
(900, 340, 341, 0, 0, 0, 1, 0, 0),
(901, 340, 342, 0, 0, 0, 1, 0, 0),
(902, 341, 343, 0, 0, 0, 1, 0, 0),
(903, 341, 344, 0, 0, 0, 1, 0, 0),
(904, 342, 344, 0, 0, 0, 1, 0, 0),
(905, 342, 345, 0, 0, 0, 1, 0, 0),
(906, 343, 346, 0, 0, 0, 1, 0, 0),
(907, 344, 346, 0, 0, 0, 1, 0, 0),
(908, 344, 347, 0, 0, 0, 1, 0, 0),
(909, 345, 347, 0, 0, 0, 1, 0, 0),
(910, 345, 348, 0, 0, 0, 1, 0, 0),
(911, 352, 353, 0, 0, 0, 1, 0, 0),
(912, 352, 354, 0, 0, 0, 1, 0, 0),
(913, 353, 356, 0, 0, 0, 1, 0, 0),
(914, 353, 357, 0, 0, 0, 1, 0, 0),
(915, 354, 355, 0, 0, 0, 1, 0, 0),
(916, 354, 356, 0, 0, 0, 1, 0, 0),
(917, 355, 361, 0, 0, 0, 1, 0, 0),
(918, 356, 359, 0, 0, 0, 1, 0, 0),
(919, 356, 361, 0, 0, 0, 1, 0, 0),
(920, 357, 358, 0, 0, 0, 1, 0, 0),
(921, 357, 359, 0, 0, 0, 1, 0, 0),
(922, 358, 360, 0, 0, 0, 1, 0, 0),
(923, 359, 362, 0, 0, 0, 1, 0, 0),
(924, 360, 362, 0, 0, 0, 1, 0, 0),
(925, 360, 363, 0, 0, 0, 1, 0, 0),
(926, 361, 364, 0, 0, 0, 1, 0, 0),
(927, 362, 364, 0, 0, 0, 1, 0, 0),
(928, 362, 365, 0, 0, 0, 1, 0, 0),
(929, 363, 365, 0, 0, 0, 1, 0, 0),
(930, 363, 366, 0, 0, 0, 1, 0, 0),
(931, 364, 367, 0, 0, 0, 1, 0, 0),
(932, 365, 367, 0, 0, 0, 1, 0, 0),
(933, 365, 368, 0, 0, 0, 1, 0, 0),
(934, 366, 368, 0, 0, 0, 1, 0, 0),
(935, 366, 369, 0, 0, 0, 1, 0, 0),
(936, 367, 372, 0, 0, 0, 1, 0, 0),
(937, 368, 371, 0, 0, 0, 1, 0, 0),
(938, 368, 372, 0, 0, 0, 1, 0, 0),
(939, 369, 370, 0, 0, 0, 1, 0, 0),
(940, 369, 371, 0, 0, 0, 1, 0, 0),
(941, 370, 376, 0, 0, 0, 1, 0, 0),
(942, 371, 374, 0, 0, 0, 1, 0, 0),
(943, 371, 376, 0, 0, 0, 1, 0, 0),
(944, 372, 373, 0, 0, 0, 1, 0, 0),
(945, 372, 374, 0, 0, 0, 1, 0, 0),
(946, 373, 375, 0, 0, 0, 1, 0, 0),
(947, 374, 377, 0, 0, 0, 1, 0, 0),
(948, 375, 377, 0, 0, 0, 1, 0, 0),
(949, 375, 378, 0, 0, 0, 1, 0, 0),
(950, 376, 379, 0, 0, 0, 1, 0, 0),
(951, 377, 379, 0, 0, 0, 1, 0, 0),
(952, 377, 380, 0, 0, 0, 1, 0, 0),
(953, 378, 380, 0, 0, 0, 1, 0, 0),
(954, 378, 381, 0, 0, 0, 1, 0, 0),
(955, 379, 382, 0, 0, 0, 1, 0, 0),
(956, 380, 382, 0, 0, 0, 1, 0, 0),
(957, 380, 383, 0, 0, 0, 1, 0, 0),
(958, 381, 383, 0, 0, 0, 1, 0, 0),
(959, 381, 384, 0, 0, 0, 1, 0, 0),
(960, 391, 392, 0, 0, 0, 1, 0, 0),
(961, 391, 393, 0, 0, 0, 1, 0, 0),
(962, 392, 395, 0, 0, 0, 1, 0, 0),
(963, 393, 394, 0, 0, 0, 1, 0, 0),
(964, 393, 395, 0, 0, 0, 1, 0, 0),
(965, 394, 399, 0, 0, 0, 1, 0, 0),
(966, 395, 397, 0, 0, 0, 1, 0, 0),
(967, 395, 399, 0, 0, 0, 1, 0, 0),
(968, 396, 397, 0, 0, 0, 1, 0, 0),
(969, 396, 398, 0, 0, 0, 1, 0, 0),
(970, 397, 401, 0, 0, 0, 1, 0, 0),
(971, 398, 400, 0, 0, 0, 1, 0, 0),
(972, 398, 401, 0, 0, 0, 1, 0, 0),
(973, 399, 403, 0, 0, 0, 1, 0, 0),
(974, 400, 402, 0, 0, 0, 1, 0, 0),
(975, 401, 403, 0, 0, 0, 1, 0, 0),
(976, 401, 404, 0, 0, 0, 1, 0, 0),
(977, 402, 404, 0, 0, 0, 1, 0, 0),
(978, 402, 405, 0, 0, 0, 1, 0, 0),
(979, 403, 408, 0, 0, 0, 1, 0, 0),
(980, 404, 407, 0, 0, 0, 1, 0, 0),
(981, 404, 408, 0, 0, 0, 1, 0, 0),
(982, 405, 406, 0, 0, 0, 1, 0, 0),
(983, 405, 407, 0, 0, 0, 1, 0, 0),
(984, 406, 409, 0, 0, 0, 1, 0, 0),
(985, 407, 410, 0, 0, 0, 1, 0, 0),
(986, 408, 412, 0, 0, 0, 1, 0, 0),
(987, 409, 410, 0, 0, 0, 1, 0, 0),
(988, 409, 411, 0, 0, 0, 1, 0, 0),
(989, 410, 412, 0, 0, 0, 1, 0, 0),
(990, 410, 413, 0, 0, 0, 1, 0, 0),
(991, 411, 413, 0, 0, 0, 1, 0, 0),
(992, 411, 414, 0, 0, 0, 1, 0, 0),
(993, 412, 415, 0, 0, 0, 1, 0, 0),
(994, 413, 415, 0, 0, 0, 1, 0, 0),
(995, 413, 416, 0, 0, 0, 1, 0, 0),
(996, 414, 416, 0, 0, 0, 1, 0, 0),
(997, 414, 417, 0, 0, 0, 1, 0, 0),
(998, 433, 434, 0, 0, 0, 1, 0, 0),
(999, 433, 435, 0, 0, 0, 1, 0, 0),
(1000, 434, 437, 0, 0, 0, 1, 0, 0),
(1001, 434, 439, 0, 0, 0, 1, 0, 0),
(1002, 435, 436, 0, 0, 0, 1, 0, 0),
(1003, 435, 437, 0, 0, 0, 1, 0, 0),
(1004, 436, 438, 0, 0, 0, 1, 0, 0),
(1005, 437, 440, 0, 0, 0, 1, 0, 0),
(1006, 438, 440, 0, 0, 0, 1, 0, 0),
(1007, 438, 441, 0, 0, 0, 1, 0, 0),
(1008, 439, 442, 0, 0, 0, 1, 0, 0),
(1009, 440, 442, 0, 0, 0, 1, 0, 0),
(1010, 440, 443, 0, 0, 0, 1, 0, 0),
(1011, 441, 443, 0, 0, 0, 1, 0, 0),
(1012, 441, 444, 0, 0, 0, 1, 0, 0),
(1013, 442, 463, 0, 0, 0, 1, 0, 0),
(1014, 443, 463, 0, 0, 0, 1, 0, 0),
(1015, 443, 464, 0, 0, 0, 1, 0, 0),
(1016, 444, 464, 0, 0, 0, 1, 0, 0),
(1017, 444, 465, 0, 0, 0, 1, 0, 0),
(1018, 1, 2, 0, 0, 0, 0, 1, 0),
(1019, 4, 5, 0, 0, 0, 0, 1, 0),
(1020, 7, 8, 0, 0, 0, 0, 1, 0),
(1021, 10, 11, 0, 0, 0, 0, 1, 0),
(1022, 25, 26, 0, 0, 0, 0, 1, 0),
(1023, 31, 32, 0, 0, 0, 0, 1, 0),
(1024, 34, 35, 0, 0, 0, 0, 1, 0),
(1025, 37, 38, 0, 0, 0, 0, 1, 0),
(1026, 40, 41, 0, 0, 0, 0, 1, 0),
(1027, 43, 44, 0, 0, 0, 0, 1, 0),
(1028, 46, 47, 0, 0, 0, 0, 1, 0),
(1029, 49, 50, 0, 0, 0, 0, 1, 0),
(1030, 52, 53, 0, 0, 0, 0, 1, 0),
(1031, 55, 56, 0, 0, 0, 0, 1, 0),
(1032, 58, 59, 0, 0, 0, 0, 1, 0),
(1033, 61, 62, 0, 0, 0, 0, 1, 0),
(1034, 64, 65, 0, 0, 0, 0, 1, 0),
(1035, 67, 68, 0, 0, 0, 0, 1, 0),
(1036, 70, 71, 0, 0, 0, 0, 1, 0),
(1037, 73, 74, 0, 0, 0, 0, 1, 0),
(1038, 76, 77, 0, 0, 0, 0, 1, 0),
(1039, 79, 80, 0, 0, 0, 0, 1, 0),
(1040, 87, 88, 0, 0, 0, 0, 1, 0),
(1041, 94, 95, 0, 0, 0, 0, 1, 0),
(1042, 102, 103, 0, 0, 0, 0, 1, 0),
(1043, 108, 109, 0, 0, 0, 0, 1, 0),
(1044, 120, 121, 0, 0, 0, 0, 1, 0),
(1045, 126, 127, 0, 0, 0, 0, 1, 0),
(1046, 129, 130, 0, 0, 0, 0, 1, 0),
(1047, 132, 133, 0, 0, 0, 0, 1, 0),
(1048, 135, 136, 0, 0, 0, 0, 1, 0),
(1049, 138, 139, 0, 0, 0, 0, 1, 0),
(1050, 141, 142, 0, 0, 0, 0, 1, 0),
(1051, 144, 145, 0, 0, 0, 0, 1, 0),
(1052, 152, 153, 0, 0, 0, 0, 1, 0),
(1053, 162, 163, 0, 0, 0, 0, 1, 0),
(1054, 165, 166, 0, 0, 0, 0, 1, 0),
(1055, 177, 178, 0, 0, 0, 0, 1, 0),
(1056, 180, 181, 0, 0, 0, 0, 1, 0),
(1057, 189, 190, 0, 0, 0, 0, 1, 0),
(1058, 192, 193, 0, 0, 0, 0, 1, 0),
(1059, 195, 196, 0, 0, 0, 0, 1, 0),
(1060, 201, 202, 0, 0, 0, 0, 1, 0),
(1061, 207, 208, 0, 0, 0, 0, 1, 0),
(1062, 210, 211, 0, 0, 0, 0, 1, 0),
(1063, 213, 214, 0, 0, 0, 0, 1, 0),
(1064, 216, 217, 0, 0, 0, 0, 1, 0),
(1065, 219, 220, 0, 0, 0, 0, 1, 0),
(1066, 222, 223, 0, 0, 0, 0, 1, 0),
(1067, 225, 226, 0, 0, 0, 0, 1, 0),
(1068, 228, 229, 0, 0, 0, 0, 1, 0),
(1069, 231, 232, 0, 0, 0, 0, 1, 0),
(1070, 234, 235, 0, 0, 0, 0, 1, 0),
(1071, 237, 238, 0, 0, 0, 0, 1, 0),
(1072, 240, 241, 0, 0, 0, 0, 1, 0),
(1073, 243, 244, 0, 0, 0, 0, 1, 0),
(1074, 246, 247, 0, 0, 0, 0, 1, 0),
(1075, 249, 250, 0, 0, 0, 0, 1, 0),
(1076, 252, 253, 0, 0, 0, 0, 1, 0),
(1077, 255, 256, 0, 0, 0, 0, 1, 0),
(1078, 258, 259, 0, 0, 0, 0, 1, 0),
(1079, 261, 262, 0, 0, 0, 0, 1, 0),
(1080, 264, 265, 0, 0, 0, 0, 1, 0),
(1081, 267, 268, 0, 0, 0, 0, 1, 0),
(1082, 270, 271, 0, 0, 0, 0, 1, 0),
(1083, 273, 274, 0, 0, 0, 0, 1, 0),
(1084, 276, 277, 0, 0, 0, 0, 1, 0),
(1085, 279, 280, 0, 0, 0, 0, 1, 0),
(1086, 282, 283, 0, 0, 0, 0, 1, 0),
(1087, 285, 286, 0, 0, 0, 0, 1, 0),
(1088, 300, 301, 0, 0, 0, 0, 1, 0),
(1089, 306, 307, 0, 0, 0, 0, 1, 0),
(1090, 309, 310, 0, 0, 0, 0, 1, 0),
(1091, 312, 313, 0, 0, 0, 0, 1, 0),
(1092, 315, 316, 0, 0, 0, 0, 1, 0),
(1093, 318, 319, 0, 0, 0, 0, 1, 0),
(1094, 321, 322, 0, 0, 0, 0, 1, 0),
(1095, 324, 325, 0, 0, 0, 0, 1, 0),
(1096, 327, 328, 0, 0, 0, 0, 1, 0),
(1097, 342, 343, 0, 0, 0, 0, 1, 0),
(1098, 348, 349, 0, 0, 0, 0, 1, 0),
(1099, 360, 361, 0, 0, 0, 0, 1, 0),
(1100, 363, 364, 0, 0, 0, 0, 1, 0),
(1101, 366, 367, 0, 0, 0, 0, 1, 0),
(1102, 375, 376, 0, 0, 0, 0, 1, 0),
(1103, 378, 379, 0, 0, 0, 0, 1, 0),
(1104, 384, 385, 0, 0, 0, 0, 1, 0),
(1105, 387, 388, 0, 0, 0, 0, 1, 0),
(1106, 398, 399, 0, 0, 0, 0, 1, 0),
(1107, 411, 412, 0, 0, 0, 0, 1, 0),
(1108, 417, 418, 0, 0, 0, 0, 1, 0),
(1109, 420, 421, 0, 0, 0, 0, 1, 0),
(1110, 423, 424, 0, 0, 0, 0, 1, 0),
(1111, 426, 427, 0, 0, 0, 0, 1, 0),
(1112, 429, 430, 0, 0, 0, 0, 1, 0),
(1113, 438, 439, 0, 0, 0, 0, 1, 0),
(1114, 441, 442, 0, 0, 0, 0, 1, 0),
(1115, 465, 466, 0, 0, 0, 0, 1, 0),
(1116, 468, 469, 0, 0, 0, 0, 1, 0),
(1117, 471, 472, 0, 0, 0, 0, 1, 0),
(1118, 474, 475, 0, 0, 0, 0, 1, 0),
(1119, 477, 478, 0, 0, 0, 0, 1, 0),
(1120, 480, 481, 0, 0, 0, 0, 1, 0),
(1121, 483, 484, 0, 0, 0, 0, 1, 0),
(1122, 486, 487, 0, 0, 0, 0, 1, 0),
(1123, 489, 490, 0, 0, 0, 0, 1, 0),
(1124, 492, 493, 0, 0, 0, 0, 1, 0),
(1125, 495, 496, 0, 0, 0, 0, 1, 0),
(1126, 498, 499, 0, 0, 0, 0, 1, 0),
(1127, 501, 502, 0, 0, 0, 0, 1, 0),
(1128, 504, 505, 0, 0, 0, 0, 1, 0),
(1129, 507, 508, 0, 0, 0, 0, 1, 0),
(1130, 510, 511, 0, 0, 0, 0, 1, 0),
(1131, 513, 514, 0, 0, 0, 0, 1, 0);

-- --------------------------------------------------------

--
-- Table structure for table `fo_positions`
--

DROP TABLE IF EXISTS `fo_positions`;
CREATE TABLE IF NOT EXISTS `fo_positions` (
  `id` int(11) NOT NULL AUTO_INCREMENT,
  `fo_track_id` int(11) NOT NULL,
  `order` int(11) NOT NULL,
  `fo_curve_id` int(11) DEFAULT NULL,
  `is_finish` tinyint(1) NOT NULL DEFAULT '0',
  `starting_position` int(11) DEFAULT NULL COMMENT 'NULL - not a starting position\r\nnumber - particular starting position',
  `pos_x` int(11) NOT NULL COMMENT 'per 100000 width',
  `pos_y` int(11) NOT NULL COMMENT 'per 100000 height',
  PRIMARY KEY (`id`),
  UNIQUE KEY `starting_position` (`fo_track_id`,`starting_position`) USING BTREE,
  KEY `fo_track_id` (`fo_track_id`) USING BTREE,
  KEY `fo_curve_id` (`fo_curve_id`) USING BTREE,
  KEY `order` (`order`)
) ENGINE=InnoDB AUTO_INCREMENT=516 DEFAULT CHARSET=utf8 COLLATE=utf8_bin;

--
-- Dumping data for table `fo_positions`
--

INSERT INTO `fo_positions` (`id`, `fo_track_id`, `order`, `fo_curve_id`, `is_finish`, `starting_position`, `pos_x`, `pos_y`) VALUES
(1, 1, 1, NULL, 0, NULL, 11633, 30450),
(2, 1, 2, NULL, 0, NULL, 13367, 32350),
(3, 1, 3, NULL, 0, NULL, 13133, 30250),
(4, 1, 4, NULL, 0, NULL, 12933, 28050),
(5, 1, 5, NULL, 0, NULL, 14633, 30200),
(6, 1, 6, NULL, 0, NULL, 14433, 28000),
(7, 1, 7, NULL, 0, NULL, 14267, 25800),
(8, 1, 8, NULL, 0, NULL, 15933, 27950),
(9, 1, 9, NULL, 0, NULL, 15733, 25800),
(10, 1, 10, NULL, 0, NULL, 15567, 23650),
(11, 1, 11, NULL, 0, NULL, 17200, 25950),
(12, 1, 12, NULL, 0, NULL, 17033, 23700),
(13, 1, 13, NULL, 0, NULL, 18467, 23800),
(14, 1, 14, 1, 0, NULL, 16900, 21550),
(15, 1, 15, 1, 0, NULL, 18400, 21550),
(16, 1, 16, 1, 0, NULL, 18100, 19450),
(17, 1, 17, 1, 0, NULL, 19767, 21550),
(18, 1, 18, 1, 0, NULL, 19633, 19500),
(19, 1, 19, 1, 0, NULL, 19500, 17650),
(20, 1, 20, 1, 0, NULL, 21067, 16600),
(21, 1, 21, 1, 0, NULL, 21267, 18250),
(22, 1, 22, 1, 0, NULL, 21500, 19800),
(23, 1, 23, 1, 0, NULL, 22900, 16500),
(24, 1, 24, 1, 0, NULL, 23300, 18250),
(25, 1, 25, 1, 0, NULL, 24567, 17050),
(26, 1, 26, 1, 0, NULL, 23533, 19950),
(27, 1, 27, 1, 0, NULL, 25000, 19100),
(28, 1, 28, 1, 0, NULL, 26300, 18250),
(29, 1, 29, NULL, 0, NULL, 25333, 21200),
(30, 1, 30, NULL, 0, NULL, 26600, 20300),
(31, 1, 31, NULL, 0, NULL, 26933, 22350),
(32, 1, 32, NULL, 0, NULL, 27900, 19500),
(33, 1, 33, NULL, 0, NULL, 28233, 21600),
(34, 1, 34, NULL, 0, NULL, 28633, 23850),
(35, 1, 35, NULL, 0, NULL, 29567, 20800),
(36, 1, 36, NULL, 0, NULL, 29900, 22900),
(37, 1, 37, NULL, 0, NULL, 30167, 24950),
(38, 1, 38, NULL, 0, NULL, 31233, 22050),
(39, 1, 39, NULL, 0, NULL, 31500, 23950),
(40, 1, 40, NULL, 0, NULL, 31800, 26200),
(41, 1, 41, NULL, 0, NULL, 32800, 23350),
(42, 1, 42, NULL, 0, NULL, 33033, 25300),
(43, 1, 43, NULL, 0, NULL, 33533, 27200),
(44, 1, 44, NULL, 0, NULL, 34267, 24100),
(45, 1, 45, NULL, 0, NULL, 34733, 26100),
(46, 1, 46, NULL, 0, NULL, 35367, 28100),
(47, 1, 47, NULL, 0, NULL, 35767, 24850),
(48, 1, 48, NULL, 0, NULL, 36367, 26700),
(49, 1, 49, NULL, 0, NULL, 37100, 28500),
(50, 1, 50, NULL, 0, NULL, 37433, 25300),
(51, 1, 51, NULL, 0, NULL, 38133, 27000),
(52, 1, 52, NULL, 0, NULL, 38900, 28850),
(53, 1, 53, NULL, 0, NULL, 39067, 25500),
(54, 1, 54, NULL, 0, NULL, 39833, 27150),
(55, 1, 55, NULL, 0, NULL, 40733, 28900),
(56, 1, 56, NULL, 0, NULL, 40800, 25650),
(57, 1, 57, NULL, 0, NULL, 41700, 27250),
(58, 1, 58, NULL, 0, NULL, 42533, 29050),
(59, 1, 59, NULL, 0, NULL, 42733, 25850),
(60, 1, 60, NULL, 0, NULL, 43567, 27500),
(61, 1, 61, NULL, 0, NULL, 44333, 29350),
(62, 1, 62, NULL, 0, NULL, 44667, 26000),
(63, 1, 63, NULL, 0, NULL, 45400, 27900),
(64, 1, 64, NULL, 0, NULL, 45933, 29850),
(65, 1, 65, NULL, 0, NULL, 46467, 26700),
(66, 1, 66, NULL, 0, NULL, 47167, 28700),
(67, 1, 67, NULL, 0, NULL, 47567, 30800),
(68, 1, 68, NULL, 0, NULL, 48400, 27700),
(69, 1, 69, NULL, 0, NULL, 48833, 29700),
(70, 1, 70, NULL, 0, NULL, 49300, 31900),
(71, 1, 71, NULL, 0, NULL, 50167, 29050),
(72, 1, 72, NULL, 0, NULL, 50600, 31050),
(73, 1, 73, NULL, 0, NULL, 50967, 33150),
(74, 1, 74, NULL, 0, NULL, 51833, 30250),
(75, 1, 75, NULL, 0, NULL, 52267, 32250),
(76, 1, 76, NULL, 0, NULL, 52700, 34400),
(77, 1, 77, NULL, 0, NULL, 53567, 31450),
(78, 1, 78, NULL, 0, NULL, 54033, 33450),
(79, 1, 79, NULL, 0, NULL, 54467, 35600),
(80, 1, 80, NULL, 0, NULL, 55333, 32700),
(81, 1, 81, NULL, 0, NULL, 55633, 34650),
(82, 1, 82, NULL, 0, NULL, 56967, 33850),
(83, 1, 83, 2, 0, NULL, 56067, 36850),
(84, 1, 84, 2, 0, NULL, 57333, 35850),
(85, 1, 85, 2, 0, NULL, 57900, 37750),
(86, 1, 86, 2, 0, NULL, 59067, 36500),
(87, 1, 87, 2, 0, NULL, 59600, 38100),
(88, 1, 88, 2, 0, NULL, 59067, 34850),
(89, 1, 89, 2, 0, NULL, 60800, 36150),
(90, 1, 90, 2, 0, NULL, 61367, 37650),
(91, 1, 91, 2, 0, NULL, 61000, 34450),
(92, 1, 92, 2, 0, NULL, 62933, 36700),
(93, 1, 93, 2, 0, NULL, 62433, 35200),
(94, 1, 94, 2, 0, NULL, 64433, 35050),
(95, 1, 95, 2, 0, NULL, 62767, 33050),
(96, 1, 96, 2, 0, NULL, 63933, 33650),
(97, 1, 97, 2, 0, NULL, 65633, 33000),
(98, 1, 98, 2, 0, NULL, 64933, 31400),
(99, 1, 99, 2, 0, NULL, 64067, 30600),
(100, 1, 100, 2, 0, NULL, 66300, 30550),
(101, 1, 101, 2, 0, NULL, 65433, 29100),
(102, 1, 102, 2, 0, NULL, 66567, 27700),
(103, 1, 103, 2, 0, NULL, 64400, 27900),
(104, 1, 104, 2, 0, NULL, 65467, 26600),
(105, 1, 105, 2, 0, NULL, 66533, 24950),
(106, 1, 106, NULL, 0, NULL, 64367, 25250),
(107, 1, 107, NULL, 0, NULL, 65400, 23750),
(108, 1, 108, NULL, 0, NULL, 64133, 22600),
(109, 1, 109, NULL, 0, NULL, 66367, 22200),
(110, 1, 110, NULL, 0, NULL, 65133, 21050),
(111, 1, 111, NULL, 0, NULL, 66133, 19400),
(112, 1, 112, 3, 0, NULL, 63900, 19800),
(113, 1, 113, 3, 0, NULL, 65033, 18150),
(114, 1, 114, 3, 0, NULL, 63800, 16700),
(115, 1, 115, 3, 0, NULL, 65967, 16250),
(116, 1, 116, 3, 0, NULL, 64967, 15250),
(117, 1, 117, 3, 0, NULL, 64000, 14000),
(118, 1, 118, 3, 0, NULL, 64800, 11750),
(119, 1, 119, 3, 0, NULL, 65833, 12450),
(120, 1, 120, 3, 0, NULL, 66333, 10050),
(121, 1, 121, 3, 0, NULL, 66800, 13400),
(122, 1, 122, 3, 0, NULL, 67500, 11100),
(123, 1, 123, 3, 0, NULL, 68067, 9250),
(124, 1, 124, NULL, 0, NULL, 68667, 12450),
(125, 1, 125, NULL, 0, NULL, 69233, 10600),
(126, 1, 126, NULL, 0, NULL, 69867, 8750),
(127, 1, 127, NULL, 0, NULL, 70333, 11950),
(128, 1, 128, NULL, 0, NULL, 70933, 10050),
(129, 1, 129, NULL, 0, NULL, 71567, 8250),
(130, 1, 130, NULL, 0, NULL, 72000, 11500),
(131, 1, 131, NULL, 0, NULL, 72733, 9650),
(132, 1, 132, NULL, 0, NULL, 73367, 7700),
(133, 1, 133, NULL, 0, NULL, 73800, 10900),
(134, 1, 134, NULL, 0, NULL, 74467, 9000),
(135, 1, 135, NULL, 0, NULL, 75100, 7150),
(136, 1, 136, NULL, 0, NULL, 75600, 10450),
(137, 1, 137, NULL, 0, NULL, 76333, 8600),
(138, 1, 138, NULL, 0, NULL, 76900, 6650),
(139, 1, 139, NULL, 0, NULL, 77300, 9950),
(140, 1, 140, NULL, 0, NULL, 78000, 8150),
(141, 1, 141, NULL, 0, NULL, 78667, 6250),
(142, 1, 142, NULL, 0, NULL, 79067, 9500),
(143, 1, 143, NULL, 0, NULL, 79800, 7600),
(144, 1, 144, NULL, 0, NULL, 80400, 5750),
(145, 1, 145, NULL, 0, NULL, 80867, 9050),
(146, 1, 146, NULL, 0, NULL, 81500, 7100),
(147, 1, 147, NULL, 0, NULL, 82600, 8500),
(148, 1, 148, 4, 0, NULL, 82267, 5300),
(149, 1, 149, 4, 0, NULL, 83333, 6750),
(150, 1, 150, 4, 0, NULL, 84133, 4900),
(151, 1, 151, 4, 0, NULL, 85233, 6850),
(152, 1, 152, 4, 0, NULL, 86100, 5800),
(153, 1, 153, 4, 0, NULL, 84567, 8200),
(154, 1, 154, 4, 0, NULL, 87467, 8150),
(155, 1, 155, 4, 0, NULL, 86467, 8900),
(156, 1, 156, 4, 0, NULL, 87667, 10950),
(157, 1, 157, 4, 0, NULL, 85500, 10250),
(158, 1, 158, 4, 0, NULL, 86367, 11700),
(159, 1, 159, 4, 0, NULL, 87000, 13550),
(160, 1, 160, NULL, 0, NULL, 84767, 12900),
(161, 1, 161, NULL, 0, NULL, 85467, 14550),
(162, 1, 162, NULL, 0, NULL, 84133, 15600),
(163, 1, 163, NULL, 0, NULL, 86367, 16200),
(164, 1, 164, NULL, 0, NULL, 85133, 17600),
(165, 1, 165, NULL, 0, NULL, 83967, 18550),
(166, 1, 166, NULL, 0, NULL, 86133, 18950),
(167, 1, 167, NULL, 0, NULL, 84833, 20200),
(168, 1, 168, NULL, 0, NULL, 85767, 21650),
(169, 1, 169, 5, 0, NULL, 83633, 21200),
(170, 1, 170, 5, 0, NULL, 84567, 23150),
(171, 1, 171, 5, 0, NULL, 83600, 24350),
(172, 1, 172, 5, 0, NULL, 84533, 26500),
(173, 1, 173, 5, 0, NULL, 85400, 25450),
(174, 1, 174, 5, 0, NULL, 86133, 27650),
(175, 1, 175, 5, 0, NULL, 87833, 27300),
(176, 1, 176, 5, 0, NULL, 87400, 25700),
(177, 1, 177, 5, 0, NULL, 89267, 24950),
(178, 1, 178, 5, 0, NULL, 86700, 24400),
(179, 1, 179, 5, 0, NULL, 88500, 23200),
(180, 1, 180, 5, 0, NULL, 87600, 21450),
(181, 1, 181, 5, 0, NULL, 89700, 21950),
(182, 1, 182, 5, 0, NULL, 88767, 20300),
(183, 1, 183, 5, 0, NULL, 87767, 18700),
(184, 1, 184, 5, 0, NULL, 89867, 19250),
(185, 1, 185, 5, 0, NULL, 88967, 17300),
(186, 1, 186, 5, 0, NULL, 88367, 15700),
(187, 1, 187, 5, 0, NULL, 89867, 13750),
(188, 1, 188, 5, 0, NULL, 90167, 15250),
(189, 1, 189, 5, 0, NULL, 91900, 13650),
(190, 1, 190, 5, 0, NULL, 90733, 16750),
(191, 1, 191, 5, 0, NULL, 92167, 15550),
(192, 1, 192, 5, 0, NULL, 93633, 14900),
(193, 1, 193, 5, 0, NULL, 92500, 17750),
(194, 1, 194, 5, 0, NULL, 93833, 17050),
(195, 1, 195, 5, 0, NULL, 95100, 16400),
(196, 1, 196, 5, 0, NULL, 94067, 19250),
(197, 1, 197, 5, 0, NULL, 95367, 18550),
(198, 1, 198, 5, 0, NULL, 96700, 18150),
(199, 1, 199, 5, 0, NULL, 97400, 20550),
(200, 1, 200, 5, 0, NULL, 96467, 21050),
(201, 1, 201, 5, 0, NULL, 97233, 23300),
(202, 1, 202, 5, 0, NULL, 95333, 21250),
(203, 1, 203, 5, 0, NULL, 95833, 23750),
(204, 1, 204, 5, 0, NULL, 96333, 25650),
(205, 1, 205, NULL, 0, NULL, 94467, 24100),
(206, 1, 206, NULL, 0, NULL, 94933, 26100),
(207, 1, 207, NULL, 0, NULL, 93533, 26500),
(208, 1, 208, NULL, 0, NULL, 95400, 28200),
(209, 1, 209, NULL, 0, NULL, 94033, 28600),
(210, 1, 210, NULL, 0, NULL, 92567, 29000),
(211, 1, 211, NULL, 0, NULL, 94400, 30650),
(212, 1, 212, NULL, 0, NULL, 93067, 31100),
(213, 1, 213, NULL, 0, NULL, 91600, 31500),
(214, 1, 214, NULL, 0, NULL, 93433, 33200),
(215, 1, 215, NULL, 0, NULL, 92000, 33550),
(216, 1, 216, NULL, 0, NULL, 90567, 33650),
(217, 1, 217, NULL, 0, NULL, 92333, 35600),
(218, 1, 218, NULL, 0, NULL, 90867, 35800),
(219, 1, 219, NULL, 0, NULL, 89400, 35850),
(220, 1, 220, NULL, 0, NULL, 91133, 38000),
(221, 1, 221, NULL, 0, NULL, 89667, 38000),
(222, 1, 222, NULL, 0, NULL, 88300, 37850),
(223, 1, 223, NULL, 0, NULL, 89767, 40050),
(224, 1, 224, NULL, 0, NULL, 88333, 40050),
(225, 1, 225, NULL, 0, NULL, 86933, 39700),
(226, 1, 226, NULL, 0, NULL, 88400, 42200),
(227, 1, 227, NULL, 0, NULL, 86833, 42000),
(228, 1, 228, NULL, 0, NULL, 85400, 41700),
(229, 1, 229, NULL, 0, NULL, 86867, 44050),
(230, 1, 230, NULL, 0, NULL, 85367, 43800),
(231, 1, 231, NULL, 0, NULL, 83933, 43350),
(232, 1, 232, NULL, 0, NULL, 85400, 45900),
(233, 1, 233, NULL, 0, NULL, 83733, 45450),
(234, 1, 234, NULL, 0, NULL, 82433, 44800),
(235, 1, 235, NULL, 0, NULL, 83633, 47650),
(236, 1, 236, NULL, 0, NULL, 82133, 46950),
(237, 1, 237, NULL, 0, NULL, 80800, 46250),
(238, 1, 238, NULL, 0, NULL, 81900, 49000),
(239, 1, 239, NULL, 0, NULL, 80567, 48300),
(240, 1, 240, NULL, 0, NULL, 79267, 47500),
(241, 1, 241, NULL, 0, NULL, 80100, 50350),
(242, 1, 242, NULL, 0, NULL, 78800, 49450),
(243, 1, 243, NULL, 0, NULL, 77633, 48350),
(244, 1, 244, NULL, 0, NULL, 78233, 51400),
(245, 1, 245, NULL, 0, NULL, 77000, 50300),
(246, 1, 246, NULL, 0, NULL, 75733, 49200),
(247, 1, 247, NULL, 0, NULL, 76300, 52250),
(248, 1, 248, NULL, 0, NULL, 75133, 51100),
(249, 1, 249, NULL, 0, NULL, 74000, 49850),
(250, 1, 250, NULL, 0, NULL, 74400, 52950),
(251, 1, 251, NULL, 0, NULL, 73200, 51650),
(252, 1, 252, NULL, 0, NULL, 72200, 50250),
(253, 1, 253, NULL, 0, NULL, 72367, 53400),
(254, 1, 254, NULL, 0, NULL, 71333, 51900),
(255, 1, 255, NULL, 0, NULL, 70367, 50500),
(256, 1, 256, NULL, 0, NULL, 70500, 53700),
(257, 1, 257, NULL, 0, NULL, 69500, 52100),
(258, 1, 258, NULL, 0, NULL, 68500, 50550),
(259, 1, 259, NULL, 0, NULL, 68433, 53700),
(260, 1, 260, NULL, 0, NULL, 67633, 52050),
(261, 1, 261, NULL, 0, NULL, 66667, 50300),
(262, 1, 262, NULL, 0, NULL, 66500, 53650),
(263, 1, 263, NULL, 0, NULL, 65633, 51750),
(264, 1, 264, NULL, 0, NULL, 64767, 49950),
(265, 1, 265, NULL, 0, NULL, 64533, 53200),
(266, 1, 266, NULL, 0, NULL, 63667, 51300),
(267, 1, 267, NULL, 0, NULL, 63200, 49500),
(268, 1, 268, NULL, 0, NULL, 62733, 52700),
(269, 1, 269, NULL, 0, NULL, 62033, 50650),
(270, 1, 270, NULL, 0, NULL, 61467, 48600),
(271, 1, 271, NULL, 0, NULL, 60933, 51800),
(272, 1, 272, NULL, 0, NULL, 60333, 49850),
(273, 1, 273, NULL, 0, NULL, 59900, 47750),
(274, 1, 274, NULL, 0, NULL, 59133, 50950),
(275, 1, 275, NULL, 0, NULL, 58600, 48850),
(276, 1, 276, NULL, 0, NULL, 58267, 46900),
(277, 1, 277, NULL, 0, NULL, 57500, 49950),
(278, 1, 278, NULL, 0, NULL, 57033, 47900),
(279, 1, 279, NULL, 0, NULL, 56533, 45850),
(280, 1, 280, NULL, 0, NULL, 55933, 49000),
(281, 1, 281, NULL, 0, NULL, 55500, 47050),
(282, 1, 282, NULL, 0, NULL, 55133, 44950),
(283, 1, 283, NULL, 0, NULL, 54267, 47950),
(284, 1, 284, NULL, 0, NULL, 53833, 45950),
(285, 1, 285, NULL, 0, NULL, 53367, 43900),
(286, 1, 286, NULL, 0, NULL, 52667, 47100),
(287, 1, 287, NULL, 0, NULL, 52300, 45100),
(288, 1, 288, NULL, 0, NULL, 51100, 46100),
(289, 1, 289, 6, 0, NULL, 51700, 42950),
(290, 1, 290, 6, 0, NULL, 50567, 44100),
(291, 1, 291, 6, 0, NULL, 49933, 42400),
(292, 1, 292, 6, 0, NULL, 48433, 42650),
(293, 1, 293, 6, 0, NULL, 48933, 44100),
(294, 1, 294, 6, 0, NULL, 49433, 45600),
(295, 1, 295, 6, 0, NULL, 48233, 47550),
(296, 1, 296, 6, 0, NULL, 47100, 44450),
(297, 1, 297, 6, 0, NULL, 47700, 46050),
(298, 1, 298, 6, 0, NULL, 46400, 48600),
(299, 1, 299, 6, 0, NULL, 45833, 46950),
(300, 1, 300, 6, 0, NULL, 44567, 48050),
(301, 1, 301, 6, 0, NULL, 45533, 45200),
(302, 1, 302, 6, 0, NULL, 44033, 45950),
(303, 1, 303, 6, 0, NULL, 42733, 46800),
(304, 1, 304, NULL, 0, NULL, 43633, 43850),
(305, 1, 305, NULL, 0, NULL, 42333, 44750),
(306, 1, 306, NULL, 0, NULL, 41933, 42650),
(307, 1, 307, NULL, 0, NULL, 41100, 45800),
(308, 1, 308, NULL, 0, NULL, 40700, 43750),
(309, 1, 309, NULL, 0, NULL, 40367, 41650),
(310, 1, 310, NULL, 0, NULL, 39533, 44800),
(311, 1, 311, NULL, 0, NULL, 39000, 42550),
(312, 1, 312, NULL, 0, NULL, 38733, 40600),
(313, 1, 313, NULL, 0, NULL, 37900, 43650),
(314, 1, 314, NULL, 0, NULL, 37400, 41500),
(315, 1, 315, NULL, 0, NULL, 37033, 39500),
(316, 1, 316, NULL, 0, NULL, 36233, 42500),
(317, 1, 317, NULL, 0, NULL, 35867, 40400),
(318, 1, 318, NULL, 0, NULL, 35500, 38350),
(319, 1, 319, NULL, 0, NULL, 34600, 41300),
(320, 1, 320, NULL, 0, NULL, 34233, 39250),
(321, 1, 321, NULL, 0, NULL, 33833, 37300),
(322, 1, 322, NULL, 0, NULL, 33033, 40250),
(323, 1, 323, NULL, 0, NULL, 32533, 38250),
(324, 1, 324, NULL, 0, NULL, 32200, 36200),
(325, 1, 325, NULL, 0, NULL, 31433, 39200),
(326, 1, 326, NULL, 0, NULL, 30967, 37200),
(327, 1, 327, NULL, 0, NULL, 30500, 35150),
(328, 1, 328, NULL, 0, NULL, 29733, 38150),
(329, 1, 329, NULL, 0, NULL, 29233, 36100),
(330, 1, 330, NULL, 0, NULL, 28067, 37150),
(331, 1, 331, 7, 0, NULL, 28700, 33900),
(332, 1, 332, 7, 0, NULL, 27433, 35100),
(333, 1, 333, 7, 0, NULL, 26867, 33300),
(334, 1, 334, 7, 0, NULL, 26333, 36550),
(335, 1, 335, 7, 0, NULL, 25767, 35000),
(336, 1, 336, 7, 0, NULL, 25167, 33500),
(337, 1, 337, 7, 0, NULL, 23567, 34450),
(338, 1, 338, 7, 0, NULL, 24033, 35900),
(339, 1, 339, 7, 0, NULL, 24567, 37350),
(340, 1, 340, 7, 0, NULL, 22333, 35850),
(341, 1, 341, 7, 0, NULL, 22667, 37600),
(342, 1, 342, 7, 0, NULL, 21233, 37500),
(343, 1, 343, 7, 0, NULL, 23033, 39250),
(344, 1, 344, 7, 0, NULL, 21500, 39400),
(345, 1, 345, 7, 0, NULL, 20167, 39300),
(346, 1, 346, NULL, 0, NULL, 21867, 41300),
(347, 1, 347, NULL, 0, NULL, 20433, 41500),
(348, 1, 348, NULL, 0, NULL, 19067, 41550),
(349, 1, 349, NULL, 0, NULL, 20933, 43200),
(350, 1, 350, NULL, 0, NULL, 19633, 43350),
(351, 1, 351, NULL, 0, NULL, 20167, 45100),
(352, 1, 352, 8, 0, NULL, 18233, 43850),
(353, 1, 353, 8, 0, NULL, 18867, 45700),
(354, 1, 354, 8, 0, NULL, 17633, 46600),
(355, 1, 355, 8, 0, NULL, 18000, 49050),
(356, 1, 356, 8, 0, NULL, 18967, 48450),
(357, 1, 357, 8, 0, NULL, 19933, 47750),
(358, 1, 358, 8, 0, NULL, 20967, 49950),
(359, 1, 359, 8, 0, NULL, 20067, 50650),
(360, 1, 360, 8, 0, NULL, 21367, 52400),
(361, 1, 361, 8, 0, NULL, 19167, 51550),
(362, 1, 362, 8, 0, NULL, 20133, 53700),
(363, 1, 363, 8, 0, NULL, 20967, 55400),
(364, 1, 364, 8, 0, NULL, 18900, 54700),
(365, 1, 365, 8, 0, NULL, 19633, 56450),
(366, 1, 366, 8, 0, NULL, 20433, 58100),
(367, 1, 367, 8, 0, NULL, 18367, 57350),
(368, 1, 368, 8, 0, NULL, 19167, 59050),
(369, 1, 369, 8, 0, NULL, 19867, 60850),
(370, 1, 370, 8, 0, NULL, 19067, 63250),
(371, 1, 371, 8, 0, NULL, 18433, 61950),
(372, 1, 372, 8, 0, NULL, 17733, 60500),
(373, 1, 373, 8, 0, NULL, 16033, 62250),
(374, 1, 374, 8, 0, NULL, 16700, 63550),
(375, 1, 375, 8, 0, NULL, 14733, 64350),
(376, 1, 376, 8, 0, NULL, 17333, 64900),
(377, 1, 377, 8, 0, NULL, 15433, 65950),
(378, 1, 378, 8, 0, NULL, 14200, 67250),
(379, 1, 379, 8, 0, NULL, 16367, 67300),
(380, 1, 380, 8, 0, NULL, 15133, 68750),
(381, 1, 381, 8, 0, NULL, 14000, 70000),
(382, 1, 382, NULL, 0, NULL, 16167, 70300),
(383, 1, 383, NULL, 0, NULL, 15100, 71550),
(384, 1, 384, NULL, 0, NULL, 14033, 73100),
(385, 1, 385, NULL, 0, NULL, 16200, 72900),
(386, 1, 386, NULL, 0, NULL, 15233, 74400),
(387, 1, 387, NULL, 0, NULL, 14300, 75950),
(388, 1, 388, NULL, 0, NULL, 16400, 75600),
(389, 1, 389, NULL, 0, NULL, 15533, 77200),
(390, 1, 390, NULL, 0, NULL, 16767, 78150),
(391, 1, 391, 9, 0, NULL, 14700, 78950),
(392, 1, 392, 9, 0, NULL, 16000, 80000),
(393, 1, 393, 9, 0, NULL, 15367, 81950),
(394, 1, 394, 9, 0, NULL, 16433, 83800),
(395, 1, 395, 9, 0, NULL, 16933, 82500),
(396, 1, 396, 9, 0, NULL, 17567, 81050),
(397, 1, 397, 9, 0, NULL, 18800, 83100),
(398, 1, 398, 9, 0, NULL, 19533, 81700),
(399, 1, 399, 9, 0, NULL, 18300, 84600),
(400, 1, 400, 9, 0, NULL, 21267, 83150),
(401, 1, 401, 9, 0, NULL, 20500, 84450),
(402, 1, 402, 9, 0, NULL, 22067, 85750),
(403, 1, 403, 9, 0, NULL, 19900, 86200),
(404, 1, 404, 9, 0, NULL, 20967, 87350),
(405, 1, 405, 9, 0, NULL, 21967, 88600),
(406, 1, 406, 9, 0, NULL, 21500, 91400),
(407, 1, 407, 9, 0, NULL, 20667, 90200),
(408, 1, 408, 9, 0, NULL, 19700, 89200),
(409, 1, 409, 9, 0, NULL, 20133, 93350),
(410, 1, 410, 9, 0, NULL, 19233, 92100),
(411, 1, 411, 9, 0, NULL, 17900, 93800),
(412, 1, 412, 9, 0, NULL, 18067, 90500),
(413, 1, 413, 9, 0, NULL, 17033, 91900),
(414, 1, 414, 9, 0, NULL, 15900, 93300),
(415, 1, 415, NULL, 0, NULL, 16167, 90000),
(416, 1, 416, NULL, 0, NULL, 15133, 91450),
(417, 1, 417, NULL, 0, NULL, 14167, 92950),
(418, 1, 418, NULL, 0, NULL, 14367, 89650),
(419, 1, 419, NULL, 0, NULL, 13400, 91100),
(420, 1, 420, NULL, 0, NULL, 12400, 92650),
(421, 1, 421, NULL, 0, NULL, 12633, 89300),
(422, 1, 422, NULL, 0, NULL, 11667, 90750),
(423, 1, 423, NULL, 0, NULL, 10667, 92150),
(424, 1, 424, NULL, 0, NULL, 10900, 88950),
(425, 1, 425, NULL, 0, NULL, 9833, 90400),
(426, 1, 426, NULL, 0, NULL, 8867, 91900),
(427, 1, 427, NULL, 0, NULL, 9100, 88600),
(428, 1, 428, NULL, 0, NULL, 8067, 90100),
(429, 1, 429, NULL, 0, NULL, 7100, 91550),
(430, 1, 430, NULL, 0, NULL, 7333, 88300),
(431, 1, 431, NULL, 0, NULL, 6433, 89800),
(432, 1, 432, NULL, 0, NULL, 5700, 88050),
(433, 1, 433, 10, 0, NULL, 5300, 91250),
(434, 1, 434, 10, 0, 14, 4567, 89450),
(435, 1, 435, 10, 0, NULL, 3500, 90600),
(436, 1, 436, 10, 0, NULL, 2167, 88700),
(437, 1, 437, 10, 0, NULL, 3100, 87800),
(438, 1, 438, 10, 0, 13, 1867, 85700),
(439, 1, 439, 10, 0, NULL, 4033, 86900),
(440, 1, 440, 10, 0, NULL, 3067, 84950),
(441, 1, 441, 10, 0, NULL, 2533, 83100),
(442, 1, 442, 10, 0, NULL, 4567, 84050),
(443, 1, 443, 10, 0, NULL, 3800, 82200),
(444, 1, 444, 10, 0, NULL, 2967, 80600),
(445, 1, 445, NULL, 0, NULL, 6800, 78800),
(446, 1, 446, NULL, 0, NULL, 7933, 75850),
(447, 1, 447, NULL, 0, NULL, 8400, 72900),
(448, 1, 448, NULL, 0, NULL, 8467, 70150),
(449, 1, 449, NULL, 0, NULL, 8500, 67550),
(450, 1, 450, NULL, 0, NULL, 8600, 65000),
(451, 1, 451, NULL, 0, NULL, 8800, 62300),
(452, 1, 452, NULL, 0, NULL, 9033, 59650),
(453, 1, 453, NULL, 0, NULL, 9267, 57000),
(454, 1, 454, NULL, 0, NULL, 9700, 54450),
(455, 1, 455, NULL, 0, NULL, 10233, 51800),
(456, 1, 456, NULL, 0, NULL, 10800, 49250),
(457, 1, 457, NULL, 0, NULL, 11433, 46650),
(458, 1, 458, NULL, 0, NULL, 12200, 44250),
(459, 1, 459, NULL, 0, NULL, 12967, 41950),
(460, 1, 460, NULL, 0, NULL, 13767, 39700),
(461, 1, 461, NULL, 0, NULL, 14467, 37050),
(462, 1, 462, NULL, 1, NULL, 14867, 33250),
(463, 1, 463, NULL, 0, 12, 5067, 81300),
(464, 1, 464, NULL, 0, NULL, 4233, 79700),
(465, 1, 465, NULL, 0, 11, 3267, 78100),
(466, 1, 466, NULL, 0, NULL, 5400, 78500),
(467, 1, 467, NULL, 0, NULL, 4400, 77150),
(468, 1, 468, NULL, 0, NULL, 3300, 75750),
(469, 1, 469, NULL, 0, NULL, 5467, 75700),
(470, 1, 470, NULL, 0, NULL, 4367, 74500),
(471, 1, 471, NULL, 0, NULL, 3267, 73200),
(472, 1, 472, NULL, 0, 10, 5400, 73100),
(473, 1, 473, NULL, 0, NULL, 4267, 71650),
(474, 1, 474, NULL, 0, 9, 3167, 70350),
(475, 1, 475, NULL, 0, NULL, 5367, 70350),
(476, 1, 476, NULL, 0, NULL, 4200, 68850),
(477, 1, 477, NULL, 0, NULL, 3067, 67600),
(478, 1, 478, NULL, 0, NULL, 5300, 67400),
(479, 1, 479, NULL, 0, NULL, 4267, 66050),
(480, 1, 480, NULL, 0, NULL, 3167, 64650),
(481, 1, 481, NULL, 0, 8, 5400, 64600),
(482, 1, 482, NULL, 0, NULL, 4367, 63150),
(483, 1, 483, NULL, 0, 7, 3333, 61500),
(484, 1, 484, NULL, 0, NULL, 5533, 61800),
(485, 1, 485, NULL, 0, NULL, 4600, 60050),
(486, 1, 486, NULL, 0, NULL, 3667, 58350),
(487, 1, 487, NULL, 0, NULL, 5800, 58750),
(488, 1, 488, NULL, 0, NULL, 4900, 57050),
(489, 1, 489, NULL, 0, NULL, 4033, 55200),
(490, 1, 490, NULL, 0, 6, 6200, 55950),
(491, 1, 491, NULL, 0, NULL, 5367, 54000),
(492, 1, 492, NULL, 0, 5, 4533, 52300),
(493, 1, 493, NULL, 0, NULL, 6733, 53000),
(494, 1, 494, NULL, 0, NULL, 5867, 51250),
(495, 1, 495, NULL, 0, NULL, 5100, 49450),
(496, 1, 496, NULL, 0, NULL, 7233, 50200),
(497, 1, 497, NULL, 0, NULL, 6467, 48400),
(498, 1, 498, NULL, 0, NULL, 5867, 46450),
(499, 1, 499, NULL, 0, 4, 7833, 47550),
(500, 1, 500, NULL, 0, NULL, 7167, 45550),
(501, 1, 501, NULL, 0, 3, 6600, 43650),
(502, 1, 502, NULL, 0, NULL, 8600, 44900),
(503, 1, 503, NULL, 0, NULL, 7933, 42750),
(504, 1, 504, NULL, 0, NULL, 7333, 40800),
(505, 1, 505, NULL, 0, NULL, 9367, 42050),
(506, 1, 506, NULL, 0, NULL, 8833, 40100),
(507, 1, 507, NULL, 0, NULL, 8267, 38150),
(508, 1, 508, NULL, 0, 2, 10200, 39650),
(509, 1, 509, NULL, 0, NULL, 9700, 37550),
(510, 1, 510, NULL, 0, 1, 9267, 35400),
(511, 1, 511, NULL, 0, NULL, 11167, 37050),
(512, 1, 512, NULL, 1, NULL, 10800, 34850),
(513, 1, 513, NULL, 1, NULL, 10300, 32750),
(514, 1, 514, NULL, 1, NULL, 12267, 34750),
(515, 1, 515, NULL, 0, NULL, 11900, 32450);

-- --------------------------------------------------------

--
-- Table structure for table `fo_tracks`
--

DROP TABLE IF EXISTS `fo_tracks`;
CREATE TABLE IF NOT EXISTS `fo_tracks` (
  `id` int(11) NOT NULL AUTO_INCREMENT,
  `name` varchar(20) COLLATE utf8_bin NOT NULL,
  `game_plan` varchar(50) COLLATE utf8_bin NOT NULL,
  PRIMARY KEY (`id`)
) ENGINE=InnoDB AUTO_INCREMENT=2 DEFAULT CHARSET=utf8 COLLATE=utf8_bin;

--
-- Dumping data for table `fo_tracks`
--

INSERT INTO `fo_tracks` (`id`, `name`, `game_plan`) VALUES
(1, 'Monaco', 'monaco.jpg');

-- --------------------------------------------------------

--
-- Table structure for table `games`
--

DROP TABLE IF EXISTS `games`;
CREATE TABLE IF NOT EXISTS `games` (
  `id` int(11) NOT NULL AUTO_INCREMENT,
  `name` varchar(30) COLLATE utf8_bin NOT NULL,
  `creator_id` int(11) NOT NULL,
  `game_state_id` int(11) NOT NULL DEFAULT '1',
  `game_type_id` int(11) NOT NULL,
  `created` datetime NOT NULL DEFAULT CURRENT_TIMESTAMP,
  `modified` datetime NOT NULL DEFAULT CURRENT_TIMESTAMP,
  PRIMARY KEY (`id`),
  KEY `game_state_id` (`game_state_id`),
  KEY `creator_id` (`creator_id`),
  KEY `game_type_id` (`game_type_id`)
) ENGINE=InnoDB AUTO_INCREMENT=18 DEFAULT CHARSET=utf8 COLLATE=utf8_bin;

--
-- Dumping data for table `games`
--

INSERT INTO `games` (`id`, `name`, `creator_id`, `game_state_id`, `game_type_id`, `created`, `modified`) VALUES
(1, 'X', 1, 2, 1, '2021-02-28 09:01:07', '2021-02-28 09:01:19'),
(2, 'Refresher', 1, 2, 1, '2021-03-09 08:07:41', '2021-03-09 08:07:52'),
(3, 'Whole game?', 1, 2, 1, '2021-03-12 14:10:33', '2021-03-12 14:10:41'),
(4, 'Again', 1, 2, 1, '2021-03-12 14:27:22', '2021-03-12 14:27:32'),
(5, 'X', 1, 2, 1, '2021-03-12 14:28:25', '2021-03-12 14:28:34'),
(6, 'A', 1, 2, 1, '2021-03-12 14:29:22', '2021-03-12 14:29:32'),
(7, 'Another', 1, 3, 1, '2021-03-12 14:35:04', '2021-03-12 16:05:04'),
(8, 'Another', 1, 3, 1, '2021-03-14 15:17:01', '2021-03-16 16:49:09'),
(9, 'Refactoring', 1, 2, 1, '2021-03-18 15:47:21', '2021-03-18 15:47:32'),
(10, 'demo', 1, 2, 1, '2021-03-20 17:46:33', '2021-03-20 17:46:49'),
(11, 'Refa', 1, 2, 1, '2021-03-24 15:48:39', '2021-03-24 15:50:04'),
(12, 'Refa2', 1, 2, 1, '2021-03-24 15:51:30', '2021-03-24 15:51:46'),
(13, 'New', 1, 1, 1, '2021-03-26 17:07:22', '2021-03-26 17:07:22'),
(14, 'First Formula', 1, 1, 2, '2021-03-26 17:07:39', '2021-03-26 17:07:39'),
(15, 'First Formula Redirect', 1, 1, 2, '2021-03-26 17:08:50', '2021-03-26 17:08:50'),
(16, 'First Formula Redirect', 1, 1, 2, '2021-03-26 17:16:19', '2021-03-26 17:16:19'),
(17, 'First Formula Redirect', 1, 1, 2, '2021-03-26 17:17:46', '2021-03-26 17:17:46');

-- --------------------------------------------------------

--
-- Table structure for table `games_users`
--

DROP TABLE IF EXISTS `games_users`;
CREATE TABLE IF NOT EXISTS `games_users` (
  `id` int(11) NOT NULL AUTO_INCREMENT,
  `game_id` int(11) NOT NULL,
  `user_id` int(11) NOT NULL,
  `order_number` int(11) DEFAULT NULL,
  `next_user_id` int(11) DEFAULT NULL,
  PRIMARY KEY (`id`),
  KEY `Game_ID` (`game_id`),
  KEY `Player_ID` (`user_id`),
  KEY `next_user_id` (`next_user_id`)
) ENGINE=InnoDB AUTO_INCREMENT=21 DEFAULT CHARSET=utf8 COLLATE=utf8_bin;

--
-- Dumping data for table `games_users`
--

INSERT INTO `games_users` (`id`, `game_id`, `user_id`, `order_number`, `next_user_id`) VALUES
(1, 1, 1, 0, 1),
(2, 2, 1, 0, 1),
(3, 3, 1, 0, 1),
(4, 4, 1, 0, 1),
(5, 5, 1, 0, 1),
(6, 6, 1, 0, 1),
(7, 7, 1, 0, 1),
(8, 8, 1, 0, 1),
(9, 9, 1, 0, 1),
(10, 10, 1, 0, 3),
(11, 10, 3, 1, 1),
(12, 11, 1, 0, 3),
(13, 11, 3, 1, 1),
(14, 12, 1, 1, 3),
(15, 12, 3, 0, 1),
(16, 13, 1, NULL, NULL),
(17, 14, 1, NULL, NULL),
(18, 15, 1, NULL, NULL),
(19, 16, 1, NULL, NULL),
(20, 17, 1, NULL, NULL);

-- --------------------------------------------------------

--
-- Table structure for table `game_states`
--

DROP TABLE IF EXISTS `game_states`;
CREATE TABLE IF NOT EXISTS `game_states` (
  `id` int(11) NOT NULL AUTO_INCREMENT,
  `name` varchar(20) COLLATE utf8_bin NOT NULL,
  PRIMARY KEY (`id`)
) ENGINE=InnoDB AUTO_INCREMENT=4 DEFAULT CHARSET=utf8 COLLATE=utf8_bin;

--
-- Dumping data for table `game_states`
--

INSERT INTO `game_states` (`id`, `name`) VALUES
(1, 'NEW'),
(2, 'STARTED'),
(3, 'FINISHED');

-- --------------------------------------------------------

--
-- Table structure for table `game_types`
--

DROP TABLE IF EXISTS `game_types`;
CREATE TABLE IF NOT EXISTS `game_types` (
  `id` int(11) NOT NULL AUTO_INCREMENT,
  `name` varchar(20) COLLATE utf8_bin NOT NULL,
  `table_prefix` char(2) COLLATE utf8_bin NOT NULL,
  PRIMARY KEY (`id`),
  UNIQUE KEY `name` (`name`),
  UNIQUE KEY `table_prefix` (`table_prefix`)
) ENGINE=InnoDB AUTO_INCREMENT=3 DEFAULT CHARSET=utf8 COLLATE=utf8_bin;

--
-- Dumping data for table `game_types`
--

INSERT INTO `game_types` (`id`, `name`, `table_prefix`) VALUES
(1, 'Drowning Game', 'dr'),
(2, 'Formula', 'fo');

-- --------------------------------------------------------

--
-- Table structure for table `users`
--

DROP TABLE IF EXISTS `users`;
CREATE TABLE IF NOT EXISTS `users` (
  `id` int(11) NOT NULL AUTO_INCREMENT,
  `name` text COLLATE utf8_bin NOT NULL,
  `password` varchar(255) COLLATE utf8_bin NOT NULL,
  `is_admin` tinyint(1) NOT NULL DEFAULT '0',
  PRIMARY KEY (`id`)
) ENGINE=InnoDB AUTO_INCREMENT=8 DEFAULT CHARSET=utf8 COLLATE=utf8_bin;

--
-- Dumping data for table `users`
--

INSERT INTO `users` (`id`, `name`, `password`, `is_admin`) VALUES
(1, 'Livecan', '$2y$10$uNezhrCWf7ChyHqXMzYOgOavqJIMlc5YXLhMwv3KhlH5S7dcpdqgC', 1),
(3, 'Rebekah', '$2y$10$yhMzuGA0/vQOr/NxcFQVf.6FeEnhRB6kOtVL8eBssmlu0Z1DLe61u', 0),
(7, 'Mr X', '', 0);

--
-- Constraints for dumped tables
--

--
-- Constraints for table `dr_results`
--
ALTER TABLE `dr_results`
  ADD CONSTRAINT `dr_results_ibfk_1` FOREIGN KEY (`user_id`) REFERENCES `users` (`id`),
  ADD CONSTRAINT `dr_results_ibfk_2` FOREIGN KEY (`game_id`) REFERENCES `games` (`id`);

--
-- Constraints for table `dr_tokens_games`
--
ALTER TABLE `dr_tokens_games`
  ADD CONSTRAINT `dr_tokens_games_ibfk_1` FOREIGN KEY (`game_id`) REFERENCES `games` (`id`),
  ADD CONSTRAINT `dr_tokens_games_ibfk_2` FOREIGN KEY (`dr_token_id`) REFERENCES `dr_tokens` (`id`),
  ADD CONSTRAINT `dr_tokens_games_ibfk_3` FOREIGN KEY (`user_id`) REFERENCES `users` (`id`),
  ADD CONSTRAINT `dr_tokens_games_ibfk_4` FOREIGN KEY (`dr_token_state_id`) REFERENCES `dr_token_states` (`id`);

--
-- Constraints for table `dr_turns`
--
ALTER TABLE `dr_turns`
  ADD CONSTRAINT `dr_turns_ibfk_1` FOREIGN KEY (`game_id`) REFERENCES `games` (`id`),
  ADD CONSTRAINT `dr_turns_ibfk_2` FOREIGN KEY (`user_id`) REFERENCES `users` (`id`);

--
-- Constraints for table `fo_cars`
--
ALTER TABLE `fo_cars`
  ADD CONSTRAINT `fo_cars_ibfk_1` FOREIGN KEY (`game_id`) REFERENCES `games` (`id`),
  ADD CONSTRAINT `fo_cars_ibfk_2` FOREIGN KEY (`user_id`) REFERENCES `users` (`id`),
  ADD CONSTRAINT `fo_cars_ibfk_3` FOREIGN KEY (`fo_position_id`) REFERENCES `fo_positions` (`id`);

--
-- Constraints for table `fo_curves`
--
ALTER TABLE `fo_curves`
  ADD CONSTRAINT `fo_curves_ibfk_1` FOREIGN KEY (`fo_track_id`) REFERENCES `fo_tracks` (`id`),
  ADD CONSTRAINT `fo_curves_ibfk_2` FOREIGN KEY (`fo_next_curve_id`) REFERENCES `fo_curves` (`id`);

--
-- Constraints for table `fo_damages`
--
ALTER TABLE `fo_damages`
  ADD CONSTRAINT `fo_damages_ibfk_1` FOREIGN KEY (`fo_car_id`) REFERENCES `fo_cars` (`id`),
  ADD CONSTRAINT `fo_damages_ibfk_2` FOREIGN KEY (`fo_e_damage_type_id`) REFERENCES `fo_e_damage_types` (`id`),
  ADD CONSTRAINT `fo_damages_ibfk_3` FOREIGN KEY (`fo_log_id`) REFERENCES `fo_logs` (`id`),
  ADD CONSTRAINT `fo_damages_ibfk_4` FOREIGN KEY (`fo_move_option_id`) REFERENCES `fo_move_options` (`id`);

--
-- Constraints for table `fo_debris`
--
ALTER TABLE `fo_debris`
  ADD CONSTRAINT `fo_debris_ibfk_1` FOREIGN KEY (`game_id`) REFERENCES `games` (`id`),
  ADD CONSTRAINT `fo_debris_ibfk_2` FOREIGN KEY (`fo_position_id`) REFERENCES `fo_positions` (`id`);

--
-- Constraints for table `fo_games`
--
ALTER TABLE `fo_games`
  ADD CONSTRAINT `fo_games_ibfk_1` FOREIGN KEY (`game_id`) REFERENCES `games` (`id`),
  ADD CONSTRAINT `fo_games_ibfk_2` FOREIGN KEY (`fo_track_id`) REFERENCES `fo_tracks` (`id`);

--
-- Constraints for table `fo_logs`
--
ALTER TABLE `fo_logs`
  ADD CONSTRAINT `fo_logs_ibfk_1` FOREIGN KEY (`fo_car_id`) REFERENCES `fo_cars` (`id`),
  ADD CONSTRAINT `fo_logs_ibfk_2` FOREIGN KEY (`fo_position_id`) REFERENCES `fo_positions` (`id`);

--
-- Constraints for table `fo_move_options`
--
ALTER TABLE `fo_move_options`
  ADD CONSTRAINT `fo_move_options_ibfk_1` FOREIGN KEY (`fo_car_id`) REFERENCES `fo_cars` (`id`),
  ADD CONSTRAINT `fo_move_options_ibfk_2` FOREIGN KEY (`fo_position_id`) REFERENCES `fo_positions` (`id`);

--
-- Constraints for table `fo_position2positions`
--
ALTER TABLE `fo_position2positions`
  ADD CONSTRAINT `fo_position2positions_ibfk_1` FOREIGN KEY (`fo_position_from_id`) REFERENCES `fo_positions` (`id`),
  ADD CONSTRAINT `fo_position2positions_ibfk_2` FOREIGN KEY (`fo_position_to_id`) REFERENCES `fo_positions` (`id`);

--
-- Constraints for table `fo_positions`
--
ALTER TABLE `fo_positions`
  ADD CONSTRAINT `fo_positions_ibfk_1` FOREIGN KEY (`fo_track_id`) REFERENCES `fo_tracks` (`id`),
  ADD CONSTRAINT `fo_positions_ibfk_2` FOREIGN KEY (`fo_curve_id`) REFERENCES `fo_curves` (`id`);

--
-- Constraints for table `games`
--
ALTER TABLE `games`
  ADD CONSTRAINT `fk_game_state` FOREIGN KEY (`game_state_id`) REFERENCES `game_states` (`id`),
  ADD CONSTRAINT `games_ibfk_1` FOREIGN KEY (`creator_id`) REFERENCES `users` (`id`),
  ADD CONSTRAINT `games_ibfk_2` FOREIGN KEY (`game_type_id`) REFERENCES `game_types` (`id`);

--
-- Constraints for table `games_users`
--
ALTER TABLE `games_users`
  ADD CONSTRAINT `games_users_ibfk_1` FOREIGN KEY (`game_id`) REFERENCES `games` (`id`),
  ADD CONSTRAINT `games_users_ibfk_2` FOREIGN KEY (`user_id`) REFERENCES `users` (`id`),
  ADD CONSTRAINT `games_users_ibfk_3` FOREIGN KEY (`next_user_id`) REFERENCES `users` (`id`) ON DELETE SET NULL;
COMMIT;

/*!40101 SET CHARACTER_SET_CLIENT=@OLD_CHARACTER_SET_CLIENT */;
/*!40101 SET CHARACTER_SET_RESULTS=@OLD_CHARACTER_SET_RESULTS */;
/*!40101 SET COLLATION_CONNECTION=@OLD_COLLATION_CONNECTION */;
